Test_Name,Total_Time,Average_Time,Max_Time,Min_Time,Max_Difference,Average_Difference,
cuda_nullkernel,0.245500,0.245500,0.245500,0.245500,0.245500,0.245500,
cuda_cputogpu_standard,0.129300,0.129300,0.129300,0.129300,0.129300,0.129300,
cuda_cputogpu_pinned,0.082100,0.082100,0.082100,0.082100,0.082100,0.082100,
cuda_gputocpu_standard,0.143100,0.143100,0.143100,0.143100,0.143100,0.143100,
cuda_gputocpu_pinned,0.079300,0.079300,0.079300,0.079300,0.079300,0.079300,
cuda_cputogputocpu_standard,0.303700,0.303700,0.303700,0.303700,0.303700,0.303700,
cuda_cputogputocpu_pinnedmemory,0.164500,0.164500,0.164500,0.164500,0.164500,0.164500,
cuda_devicetransfer_standard,0.150100,0.150100,0.150100,0.150100,0.150100,0.150100,
cuda_devicetransfer_pinned,0.078100,0.078100,0.078100,0.078100,0.078100,0.078100,
cuda_devicetransferkernel_standard,0.101700,0.101700,0.101700,0.101700,0.101700,0.101700,
cuda_devicetransferkernel_pinned,0.119400,0.119400,0.119400,0.119400,0.119400,0.119400,
cuda_simplebufferprocessing_standard,0.277700,0.277700,0.277700,0.277700,0.277700,0.277700,
cuda_simplebufferprocessing_pinned,0.310100,0.310100,0.310100,0.310100,0.310100,0.310100,
cuda_complexbufferprocessing_standard,0.240700,0.240700,0.240700,0.240700,0.240700,0.240700,
cuda_complexbufferprocessing_unified,0.125300,0.125300,0.125300,0.125300,0.125300,0.125300,
cuda_simplebuffersynthesis_standard,0.139800,0.139800,0.139800,0.139800,0.139800,0.139800,
cuda_simplebuffersynthesis_pinned,0.079700,0.079700,0.079700,0.079700,0.079700,0.079700,
cuda_interruptedbufferprocessing_standard,0.242600,0.242600,0.242600,0.242600,0.242600,0.242600,
cuda_interruptedbufferprocessing_standard,0.300300,0.300300,0.300300,0.300300,0.057700,0.300300,
