Test_Name,Total_Time,Average_Time,Max_Time,Min_Time,Max_Difference,Average_Difference,
cuda_nullkernel,0.305600,0.305600,0.305600,0.305600,0.305600,0.305600,
cuda_cputogpu_standard,0.145600,0.145600,0.145600,0.145600,0.145600,0.145600,
cuda_cputogpu_pinned,0.088900,0.088900,0.088900,0.088900,0.088900,0.088900,
cuda_gputocpu_standard,0.205900,0.205900,0.205900,0.205900,0.205900,0.205900,
cuda_gputocpu_pinned,0.086600,0.086600,0.086600,0.086600,0.086600,0.086600,
cuda_cputogputocpu_standard,0.345100,0.345100,0.345100,0.345100,0.345100,0.345100,
cuda_cputogputocpu_pinnedmemory,0.167200,0.167200,0.167200,0.167200,0.167200,0.167200,
cuda_devicetransfer_standard,0.158500,0.158500,0.158500,0.158500,0.158500,0.158500,
cuda_devicetransfer_pinned,0.090100,0.090100,0.090100,0.090100,0.090100,0.090100,
cuda_devicetransferkernel_standard,0.115600,0.115600,0.115600,0.115600,0.115600,0.115600,
cuda_devicetransferkernel_pinned,0.150600,0.150600,0.150600,0.150600,0.150600,0.150600,
cuda_simplebufferprocessing_standard,0.411100,0.411100,0.411100,0.411100,0.411100,0.411100,
cuda_simplebufferprocessing_pinned,0.316400,0.316400,0.316400,0.316400,0.316400,0.316400,
cuda_complexbufferprocessing_standard,0.494900,0.494900,0.494900,0.494900,0.494900,0.494900,
cuda_complexbufferprocessing_unified,0.314200,0.314200,0.314200,0.314200,0.314200,0.314200,
cuda_simplebuffersynthesis_standard,0.322300,0.322300,0.322300,0.322300,0.322300,0.322300,
cuda_simplebuffersynthesis_pinned,0.230400,0.230400,0.230400,0.230400,0.230400,0.230400,
cuda_interruptedbufferprocessing_standard,0.429300,0.429300,0.429300,0.429300,0.429300,0.429300,
cuda_interruptedbufferprocessing_standard,0.297500,0.297500,0.297500,0.297500,0.131800,0.561100,
