Test_Name,Total_Time,Average_Time,Max_Time,Min_Time,Max_Difference,Average_Difference,
cuda_nullkernel,0.291700,0.291700,0.291700,0.291700,0.291700,0.291700,
cuda_cputogpu_standard,0.144900,0.144900,0.144900,0.144900,0.144900,0.144900,
cuda_cputogpu_pinned,0.088200,0.088200,0.088200,0.088200,0.088200,0.088200,
cuda_gputocpu_standard,0.190800,0.190800,0.190800,0.190800,0.190800,0.190800,
cuda_gputocpu_pinned,0.089400,0.089400,0.089400,0.089400,0.089400,0.089400,
cuda_cputogputocpu_standard,0.321300,0.321300,0.321300,0.321300,0.321300,0.321300,
cuda_cputogputocpu_pinnedmemory,0.176000,0.176000,0.176000,0.176000,0.176000,0.176000,
cuda_devicetransfer_standard,0.122900,0.122900,0.122900,0.122900,0.122900,0.122900,
cuda_devicetransfer_pinned,0.089000,0.089000,0.089000,0.089000,0.089000,0.089000,
cuda_devicetransferkernel_standard,0.148000,0.148000,0.148000,0.148000,0.148000,0.148000,
cuda_devicetransferkernel_pinned,0.113400,0.113400,0.113400,0.113400,0.113400,0.113400,
cuda_simplebufferprocessing_standard,0.493100,0.493100,0.493100,0.493100,0.493100,0.493100,
cuda_simplebufferprocessing_pinned,0.318000,0.318000,0.318000,0.318000,0.318000,0.318000,
cuda_complexbufferprocessing_standard,0.351300,0.351300,0.351300,0.351300,0.351300,0.351300,
cuda_complexbufferprocessing_unified,0.342700,0.342700,0.342700,0.342700,0.342700,0.342700,
cuda_simplebuffersynthesis_standard,0.465000,0.465000,0.465000,0.465000,0.465000,0.465000,
cuda_simplebuffersynthesis_pinned,0.213900,0.213900,0.213900,0.213900,0.213900,0.213900,
cuda_interruptedbufferprocessing_standard,0.361300,0.361300,0.361300,0.361300,0.361300,0.361300,
cuda_interruptedbufferprocessing_standard,0.261100,0.261100,0.261100,0.261100,0.100200,0.461500,
