Test_Name,Total_Time,Average_Time,Max_Time,Min_Time,Max_Difference,Average_Difference,
cuda_nullkernel,0.102800,0.102800,0.102800,0.102800,0.102800,0.102800,
cuda_cputogpu_standard,0.185500,0.185500,0.185500,0.185500,0.185500,0.185500,
cuda_cputogpu_pinned,0.086300,0.086300,0.086300,0.086300,0.086300,0.086300,
cuda_gputocpu_standard,0.183900,0.183900,0.183900,0.183900,0.183900,0.183900,
cuda_gputocpu_pinned,0.027100,0.027100,0.027100,0.027100,0.027100,0.027100,
cuda_cputogputocpu_standard,0.127700,0.127700,0.127700,0.127700,0.127700,0.127700,
cuda_cputogputocpu_pinnedmemory,0.051700,0.051700,0.051700,0.051700,0.051700,0.051700,
cuda_devicetransfer_standard,0.060300,0.060300,0.060300,0.060300,0.060300,0.060300,
cuda_devicetransfer_pinned,0.032000,0.032000,0.032000,0.032000,0.032000,0.032000,
cuda_devicetransferkernel_standard,0.071200,0.071200,0.071200,0.071200,0.071200,0.071200,
cuda_devicetransferkernel_pinned,0.094500,0.094500,0.094500,0.094500,0.094500,0.094500,
cuda_simplebufferprocessing_standard,0.411900,0.411900,0.411900,0.411900,0.411900,0.411900,
cuda_simplebufferprocessing_pinned,0.333700,0.333700,0.333700,0.333700,0.333700,0.333700,
cuda_complexbufferprocessing_standard,0.410400,0.410400,0.410400,0.410400,0.410400,0.410400,
cuda_complexbufferprocessing_unified,0.280000,0.280000,0.280000,0.280000,0.280000,0.280000,
cuda_simplebuffersynthesis_standard,0.624300,0.624300,0.624300,0.624300,0.624300,0.624300,
cuda_simplebuffersynthesis_pinned,0.224300,0.224300,0.224300,0.224300,0.224300,0.224300,
cuda_interruptedbufferprocessing_standard,0.404400,0.404400,0.404400,0.404400,0.404400,0.404400,
cuda_interruptedbufferprocessing_standard,0.301300,0.301300,0.301300,0.301300,0.103100,0.507500,
