Test_Name,Total_Time,Average_Time,Max_Time,Min_Time,Max_Difference,Average_Difference,
cuda_nullkernel,0.084900,0.084900,0.084900,0.084900,0.084900,0.084900,
cuda_cputogpu_standard,0.184200,0.184200,0.184200,0.184200,0.184200,0.184200,
cuda_cputogpu_pinned,0.084800,0.084800,0.084800,0.084800,0.084800,0.084800,
cuda_gputocpu_standard,0.123000,0.123000,0.123000,0.123000,0.123000,0.123000,
cuda_gputocpu_pinned,0.086200,0.086200,0.086200,0.086200,0.086200,0.086200,
cuda_cputogputocpu_standard,0.286000,0.286000,0.286000,0.286000,0.286000,0.286000,
cuda_cputogputocpu_pinnedmemory,0.167300,0.167300,0.167300,0.167300,0.167300,0.167300,
cuda_devicetransfer_standard,0.118200,0.118200,0.118200,0.118200,0.118200,0.118200,
cuda_devicetransfer_pinned,0.082800,0.082800,0.082800,0.082800,0.082800,0.082800,
cuda_devicetransferkernel_standard,0.113400,0.113400,0.113400,0.113400,0.113400,0.113400,
cuda_devicetransferkernel_pinned,0.116700,0.116700,0.116700,0.116700,0.116700,0.116700,
cuda_simplebufferprocessing_standard,0.508900,0.508900,0.508900,0.508900,0.508900,0.508900,
cuda_simplebufferprocessing_pinned,0.246300,0.246300,0.246300,0.246300,0.246300,0.246300,
cuda_complexbufferprocessing_standard,0.798200,0.798200,0.798200,0.798200,0.798200,0.798200,
cuda_complexbufferprocessing_unified,0.288000,0.288000,0.288000,0.288000,0.288000,0.288000,
cuda_simplebuffersynthesis_standard,0.295000,0.295000,0.295000,0.295000,0.295000,0.295000,
cuda_simplebuffersynthesis_pinned,0.205000,0.205000,0.205000,0.205000,0.205000,0.205000,
cuda_interruptedbufferprocessing_standard,0.422900,0.422900,0.422900,0.422900,0.422900,0.422900,
cuda_interruptedbufferprocessing_standard,0.284700,0.284700,0.284700,0.284700,0.138200,0.561100,
