Test_Name,Total_Time,Average_Time,Max_Time,Min_Time,Max_Difference,Average_Difference,
cuda_nullkernel,0.269200,0.269200,0.269200,0.269200,0.269200,0.269200,
cuda_cputogpu_standard,0.143800,0.143800,0.143800,0.143800,0.143800,0.143800,
cuda_cputogpu_pinned,0.084300,0.084300,0.084300,0.084300,0.084300,0.084300,
cuda_gputocpu_standard,0.170200,0.170200,0.170200,0.170200,0.170200,0.170200,
cuda_gputocpu_pinned,0.070400,0.070400,0.070400,0.070400,0.070400,0.070400,
cuda_cputogputocpu_standard,0.267600,0.267600,0.267600,0.267600,0.267600,0.267600,
cuda_cputogputocpu_pinnedmemory,0.146700,0.146700,0.146700,0.146700,0.146700,0.146700,
cuda_devicetransfer_standard,0.125200,0.125200,0.125200,0.125200,0.125200,0.125200,
cuda_devicetransfer_pinned,0.087900,0.087900,0.087900,0.087900,0.087900,0.087900,
cuda_devicetransferkernel_standard,0.131100,0.131100,0.131100,0.131100,0.131100,0.131100,
cuda_devicetransferkernel_pinned,0.146300,0.146300,0.146300,0.146300,0.146300,0.146300,
cuda_simplebufferprocessing_standard,0.441100,0.441100,0.441100,0.441100,0.441100,0.441100,
cuda_simplebufferprocessing_pinned,0.293900,0.293900,0.293900,0.293900,0.293900,0.293900,
cuda_complexbufferprocessing_standard,0.529500,0.529500,0.529500,0.529500,0.529500,0.529500,
cuda_complexbufferprocessing_unified,0.208300,0.208300,0.208300,0.208300,0.208300,0.208300,
cuda_simplebuffersynthesis_standard,0.257000,0.257000,0.257000,0.257000,0.257000,0.257000,
cuda_simplebuffersynthesis_pinned,0.186300,0.186300,0.186300,0.186300,0.186300,0.186300,
cuda_interruptedbufferprocessing_standard,0.337900,0.337900,0.337900,0.337900,0.337900,0.337900,
cuda_interruptedbufferprocessing_standard,0.238000,0.238000,0.238000,0.238000,0.099900,0.437800,
