Test_Name,Total_Time,Average_Time,Max_Time,Min_Time,Max_Difference,Average_Difference,
cuda_nullkernel,0.212100,0.212100,0.212100,0.212100,0.212100,0.212100,
cuda_cputogpu_standard,0.095600,0.095600,0.095600,0.095600,0.095600,0.095600,
cuda_cputogpu_pinned,0.078000,0.078000,0.078000,0.078000,0.078000,0.078000,
cuda_gputocpu_standard,0.146800,0.146800,0.146800,0.146800,0.146800,0.146800,
cuda_gputocpu_pinned,0.084500,0.084500,0.084500,0.084500,0.084500,0.084500,
cuda_cputogputocpu_standard,0.338600,0.338600,0.338600,0.338600,0.338600,0.338600,
cuda_cputogputocpu_pinnedmemory,0.172100,0.172100,0.172100,0.172100,0.172100,0.172100,
cuda_devicetransfer_standard,0.104800,0.104800,0.104800,0.104800,0.104800,0.104800,
cuda_devicetransfer_pinned,0.097400,0.097400,0.097400,0.097400,0.097400,0.097400,
cuda_devicetransferkernel_standard,0.132000,0.132000,0.132000,0.132000,0.132000,0.132000,
cuda_devicetransferkernel_pinned,0.117000,0.117000,0.117000,0.117000,0.117000,0.117000,
cuda_simplebufferprocessing_standard,0.274700,0.274700,0.274700,0.274700,0.274700,0.274700,
cuda_simplebufferprocessing_pinned,0.314000,0.314000,0.314000,0.314000,0.314000,0.314000,
cuda_complexbufferprocessing_standard,0.639100,0.639100,0.639100,0.639100,0.639100,0.639100,
cuda_complexbufferprocessing_unified,0.316500,0.316500,0.316500,0.316500,0.316500,0.316500,
cuda_simplebuffersynthesis_standard,0.286100,0.286100,0.286100,0.286100,0.286100,0.286100,
cuda_simplebuffersynthesis_pinned,0.197600,0.197600,0.197600,0.197600,0.197600,0.197600,
cuda_interruptedbufferprocessing_standard,0.415900,0.415900,0.415900,0.415900,0.415900,0.415900,
cuda_interruptedbufferprocessing_standard,0.277400,0.277400,0.277400,0.277400,0.138500,0.554400,
