Test_Name,Total_Time,Average_Time,Max_Time,Min_Time,Max_Difference,Average_Difference,
cuda_nullkernel,0.291900,0.291900,0.291900,0.291900,0.291900,0.291900,
cuda_cputogpu_standard,0.271300,0.271300,0.271300,0.271300,0.271300,0.271300,
cuda_cputogpu_pinned,0.051800,0.051800,0.051800,0.051800,0.051800,0.051800,
cuda_gputocpu_standard,0.102000,0.102000,0.102000,0.102000,0.102000,0.102000,
cuda_gputocpu_pinned,0.040100,0.040100,0.040100,0.040100,0.040100,0.040100,
cuda_cputogputocpu_standard,0.288500,0.288500,0.288500,0.288500,0.288500,0.288500,
cuda_cputogputocpu_pinnedmemory,0.134200,0.134200,0.134200,0.134200,0.134200,0.134200,
cuda_devicetransfer_standard,0.108000,0.108000,0.108000,0.108000,0.108000,0.108000,
cuda_devicetransfer_pinned,0.087600,0.087600,0.087600,0.087600,0.087600,0.087600,
cuda_devicetransferkernel_standard,0.127400,0.127400,0.127400,0.127400,0.127400,0.127400,
cuda_devicetransferkernel_pinned,0.144400,0.144400,0.144400,0.144400,0.144400,0.144400,
cuda_simplebufferprocessing_standard,0.513900,0.513900,0.513900,0.513900,0.513900,0.513900,
cuda_simplebufferprocessing_pinned,0.248300,0.248300,0.248300,0.248300,0.248300,0.248300,
cuda_complexbufferprocessing_standard,0.273100,0.273100,0.273100,0.273100,0.273100,0.273100,
cuda_complexbufferprocessing_unified,0.188200,0.188200,0.188200,0.188200,0.188200,0.188200,
cuda_simplebuffersynthesis_standard,0.197300,0.197300,0.197300,0.197300,0.197300,0.197300,
cuda_simplebuffersynthesis_pinned,0.155800,0.155800,0.155800,0.155800,0.155800,0.155800,
cuda_interruptedbufferprocessing_standard,0.513800,0.513800,0.513800,0.513800,0.513800,0.513800,
cuda_interruptedbufferprocessing_standard,0.255100,0.255100,0.255100,0.255100,0.258700,0.772500,
