Test_Name,Total_Time,Average_Time,Max_Time,Min_Time,Max_Difference,Average_Difference,
cuda_nullkernel,0.279900,0.279900,0.279900,0.279900,0.279900,0.279900,
cuda_cputogpu_standard,0.144600,0.144600,0.144600,0.144600,0.144600,0.144600,
cuda_cputogpu_pinned,0.089800,0.089800,0.089800,0.089800,0.089800,0.089800,
cuda_gputocpu_standard,0.167600,0.167600,0.167600,0.167600,0.167600,0.167600,
cuda_gputocpu_pinned,0.080800,0.080800,0.080800,0.080800,0.080800,0.080800,
cuda_cputogputocpu_standard,0.350600,0.350600,0.350600,0.350600,0.350600,0.350600,
cuda_cputogputocpu_pinnedmemory,0.159500,0.159500,0.159500,0.159500,0.159500,0.159500,
cuda_devicetransfer_standard,0.142300,0.142300,0.142300,0.142300,0.142300,0.142300,
cuda_devicetransfer_pinned,0.075400,0.075400,0.075400,0.075400,0.075400,0.075400,
cuda_devicetransferkernel_standard,0.102100,0.102100,0.102100,0.102100,0.102100,0.102100,
cuda_devicetransferkernel_pinned,0.123800,0.123800,0.123800,0.123800,0.123800,0.123800,
cuda_simplebufferprocessing_standard,0.500400,0.500400,0.500400,0.500400,0.500400,0.500400,
cuda_simplebufferprocessing_pinned,0.535200,0.535200,0.535200,0.535200,0.535200,0.535200,
cuda_complexbufferprocessing_standard,0.802600,0.802600,0.802600,0.802600,0.802600,0.802600,
cuda_complexbufferprocessing_unified,0.318800,0.318800,0.318800,0.318800,0.318800,0.318800,
cuda_simplebuffersynthesis_standard,0.303500,0.303500,0.303500,0.303500,0.303500,0.303500,
cuda_simplebuffersynthesis_pinned,0.237700,0.237700,0.237700,0.237700,0.237700,0.237700,
cuda_interruptedbufferprocessing_standard,0.194300,0.194300,0.194300,0.194300,0.194300,0.194300,
cuda_interruptedbufferprocessing_standard,0.335200,0.335200,0.335200,0.335200,0.140900,0.335200,
