Test_Name,Total_Time,Average_Time,Max_Time,Min_Time,Max_Difference,Average_Difference,
cuda_nullkernel,0.251400,0.251400,0.251400,0.251400,0.251400,0.251400,
cuda_cputogpu_standard,0.160400,0.160400,0.160400,0.160400,0.160400,0.160400,
cuda_cputogpu_pinned,0.089100,0.089100,0.089100,0.089100,0.089100,0.089100,
cuda_gputocpu_standard,0.190400,0.190400,0.190400,0.190400,0.190400,0.190400,
cuda_gputocpu_pinned,0.027300,0.027300,0.027300,0.027300,0.027300,0.027300,
cuda_cputogputocpu_standard,0.123200,0.123200,0.123200,0.123200,0.123200,0.123200,
cuda_cputogputocpu_pinnedmemory,0.168200,0.168200,0.168200,0.168200,0.168200,0.168200,
cuda_devicetransfer_standard,0.138200,0.138200,0.138200,0.138200,0.138200,0.138200,
cuda_devicetransfer_pinned,0.026500,0.026500,0.026500,0.026500,0.026500,0.026500,
cuda_devicetransferkernel_standard,0.150400,0.150400,0.150400,0.150400,0.150400,0.150400,
cuda_devicetransferkernel_pinned,0.072200,0.072200,0.072200,0.072200,0.072200,0.072200,
cuda_simplebufferprocessing_standard,0.240200,0.240200,0.240200,0.240200,0.240200,0.240200,
cuda_simplebufferprocessing_pinned,0.309600,0.309600,0.309600,0.309600,0.309600,0.309600,
cuda_complexbufferprocessing_standard,0.348100,0.348100,0.348100,0.348100,0.348100,0.348100,
cuda_complexbufferprocessing_unified,0.443400,0.443400,0.443400,0.443400,0.443400,0.443400,
cuda_simplebuffersynthesis_standard,0.216100,0.216100,0.216100,0.216100,0.216100,0.216100,
cuda_simplebuffersynthesis_pinned,0.153300,0.153300,0.153300,0.153300,0.153300,0.153300,
cuda_interruptedbufferprocessing_standard,0.290900,0.290900,0.290900,0.290900,0.290900,0.290900,
cuda_interruptedbufferprocessing_standard,0.176000,0.176000,0.176000,0.176000,0.114900,0.405800,
