Test_Name,Total_Time,Average_Time,Max_Time,Min_Time,Max_Difference,Average_Difference,
cuda_nullkernel,7.484300,0.074843,0.229400,0.042000,0.229400,0.007355,
cuda_cputogpu_standard,52.271200,0.522712,0.692400,0.418900,0.634200,0.021817,
cuda_cputogpu_pinned,23.816800,0.238168,0.386200,0.189400,0.385500,0.007963,
cuda_gputocpu_standard,40.111600,0.401116,0.648000,0.347600,0.648000,0.019097,
cuda_gputocpu_pinned,29.714700,0.297147,0.434800,0.255300,0.434800,0.008014,
cuda_cputogputocpu_standard,90.951000,0.909510,1.420700,0.785500,1.411700,0.042641,
cuda_cputogputocpu_pinnedmemory,45.559500,0.455595,0.852500,0.422300,0.852500,0.018638,
cuda_devicetransfer_standard,7.863600,0.078636,0.251500,0.056400,0.251500,0.006482,
cuda_devicetransfer_pinned,35.428700,0.354287,0.402100,0.247300,0.339900,0.010244,
cuda_devicetransferkernel_standard,9.453100,0.094531,0.341000,0.075900,0.264500,0.015633,
cuda_devicetransferkernel_pinned,29.353200,0.293532,0.479200,0.249600,0.322300,0.017752,
cuda_simplebufferprocessing_standard,98.542900,0.985429,1.669700,0.793200,1.251000,0.040126,
cuda_simplebufferprocessing_pinned,68.846600,0.688466,1.261100,0.637700,1.261100,0.035767,
cuda_complexbufferprocessing_standard,88.286900,0.882869,1.429700,0.834000,1.429700,0.043642,
cuda_complexbufferprocessing_unified,70.482700,0.704827,1.193600,0.639400,1.193600,0.036165,
cuda_simplebuffersynthesis_standard,50.609800,0.506098,0.803500,0.448300,0.803500,0.031164,
cuda_simplebuffersynthesis_pinned,42.161900,0.421619,0.736400,0.388800,0.719000,0.025743,
cuda_interruptedbufferprocessing_standard,169.719300,0.793081,1.473800,0.771500,1.473800,0.021840,
cuda_interruptedbufferprocessing_standard,141.340600,0.660470,1.089000,0.633800,0.304100,0.009686,
