Test_Name,Total_Time,Average_Time,Max_Time,Min_Time,Max_Difference,Average_Difference,
cuda_nullkernel,8.597000,0.085970,0.251900,0.062200,0.251900,0.011338,
cuda_cputogpu_standard,11.869900,0.118699,0.458300,0.107500,0.349800,0.016431,
cuda_cputogpu_pinned,7.052000,0.070520,0.190700,0.060100,0.130600,0.004399,
cuda_gputocpu_standard,11.561100,0.115611,0.253300,0.096100,0.123700,0.006936,
cuda_gputocpu_pinned,3.137700,0.031377,0.034500,0.031000,0.034500,0.000563,
cuda_cputogputocpu_standard,21.008500,0.210085,0.519400,0.128100,0.277800,0.015639,
cuda_cputogputocpu_pinnedmemory,10.305200,0.103052,0.214100,0.080400,0.129700,0.004561,
cuda_devicetransfer_standard,8.974600,0.089746,0.373900,0.061800,0.307900,0.015751,
cuda_devicetransfer_pinned,3.530100,0.035301,0.044100,0.032600,0.038000,0.000899,
cuda_devicetransferkernel_standard,7.511200,0.075112,0.396400,0.053700,0.336600,0.018633,
cuda_devicetransferkernel_pinned,5.897900,0.058979,0.142700,0.048900,0.092900,0.006213,
cuda_simplebufferprocessing_standard,28.695100,0.286951,0.670400,0.167400,0.332400,0.020056,
cuda_simplebufferprocessing_pinned,19.510700,0.195107,0.437000,0.158400,0.227000,0.015504,
cuda_complexbufferprocessing_standard,35.357100,0.353571,0.710900,0.248000,0.365700,0.026882,
cuda_complexbufferprocessing_unified,23.112400,0.231124,0.415300,0.203900,0.281800,0.016589,
cuda_simplebuffersynthesis_standard,22.760000,0.227600,0.536500,0.187100,0.313200,0.018175,
cuda_simplebuffersynthesis_pinned,17.212900,0.172129,0.495400,0.157200,0.334000,0.015434,
cuda_interruptedbufferprocessing_standard,55.864300,0.261048,0.564800,0.162100,0.334500,0.021172,
cuda_interruptedbufferprocessing_standard,26.736000,0.124935,0.314000,0.092400,0.213700,0.007965,
