Test_Name,Total_Time,Average_Time,Max_Time,Min_Time,Max_Difference,Average_Difference,
cuda_nullkernel,8.057100,0.080571,0.299200,0.049900,0.299200,0.008506,
cuda_cputogpu_standard,11.379200,0.113792,0.224400,0.108600,0.117600,0.006516,
cuda_cputogpu_pinned,6.186300,0.061863,0.169800,0.055300,0.111800,0.003506,
cuda_gputocpu_standard,11.357800,0.113578,0.236200,0.081700,0.146400,0.010870,
cuda_gputocpu_pinned,3.039700,0.030397,0.041300,0.026400,0.032100,0.000920,
cuda_cputogputocpu_standard,21.579700,0.215797,0.476200,0.123000,0.251500,0.023069,
cuda_cputogputocpu_pinnedmemory,11.749300,0.117493,0.180600,0.097400,0.100100,0.003941,
cuda_devicetransfer_standard,9.922100,0.099221,0.358300,0.080300,0.276400,0.016528,
cuda_devicetransfer_pinned,4.166200,0.041662,0.062400,0.040500,0.046400,0.001247,
cuda_devicetransferkernel_standard,8.641900,0.086419,0.185200,0.055600,0.107700,0.013100,
cuda_devicetransferkernel_pinned,6.027600,0.060276,0.165800,0.046400,0.113100,0.005824,
cuda_simplebufferprocessing_standard,29.003200,0.290032,0.565600,0.156500,0.241800,0.021400,
cuda_simplebufferprocessing_pinned,19.873800,0.198738,0.418900,0.157300,0.259500,0.017446,
cuda_complexbufferprocessing_standard,32.731000,0.327310,0.648000,0.202400,0.356000,0.025558,
cuda_complexbufferprocessing_unified,16.514700,0.165147,0.335100,0.115900,0.268100,0.013744,
cuda_simplebuffersynthesis_standard,22.872500,0.228725,0.484200,0.163500,0.256500,0.018268,
cuda_simplebuffersynthesis_pinned,17.947300,0.179473,0.317000,0.161500,0.202000,0.019220,
cuda_interruptedbufferprocessing_standard,55.579300,0.259716,0.658400,0.163700,0.332300,0.014411,
cuda_interruptedbufferprocessing_standard,26.776400,0.125123,0.369900,0.093300,0.271900,0.012598,
