Test_Name,Total_Time,Average_Time,Max_Time,Min_Time,Max_Difference,Average_Difference,
cuda_nullkernel,8.913600,0.089136,0.291900,0.057700,0.231200,0.021505,
cuda_cputogpu_standard,20.013200,0.200132,0.392800,0.185100,0.237600,0.018523,
cuda_cputogpu_pinned,11.341300,0.113413,0.215400,0.098300,0.117100,0.004833,
cuda_gputocpu_standard,22.460900,0.224609,0.393500,0.197100,0.211000,0.015043,
cuda_gputocpu_pinned,12.640000,0.126400,0.197100,0.123300,0.130100,0.004209,
cuda_cputogputocpu_standard,43.849400,0.438494,0.645900,0.309300,0.477800,0.023146,
cuda_cputogputocpu_pinnedmemory,18.029600,0.180296,0.269800,0.149300,0.260600,0.006668,
cuda_devicetransfer_standard,10.684000,0.106840,0.401200,0.089300,0.311500,0.020828,
cuda_devicetransfer_pinned,10.151000,0.101510,0.211100,0.082900,0.126100,0.004910,
cuda_devicetransferkernel_standard,8.744200,0.087442,0.355000,0.059100,0.260700,0.022773,
cuda_devicetransferkernel_pinned,10.745700,0.107457,0.171200,0.083700,0.101900,0.006058,
cuda_simplebufferprocessing_standard,40.049300,0.400493,0.754700,0.251600,0.326200,0.029637,
cuda_simplebufferprocessing_pinned,22.879100,0.228791,0.431400,0.190300,0.361400,0.015647,
cuda_complexbufferprocessing_standard,35.288400,0.352884,0.754400,0.259000,0.561800,0.029573,
cuda_complexbufferprocessing_unified,23.980900,0.239809,0.495500,0.187000,0.375300,0.019713,
cuda_simplebuffersynthesis_standard,23.816100,0.238161,0.585500,0.188900,0.333700,0.021580,
cuda_simplebuffersynthesis_pinned,20.300900,0.203009,0.472200,0.168900,0.272500,0.014636,
cuda_interruptedbufferprocessing_standard,72.431800,0.338466,0.869400,0.261000,0.612100,0.018201,
cuda_interruptedbufferprocessing_standard,38.951500,0.182016,0.388400,0.159100,0.194800,0.010016,
