Test_Name,Total_Time,Average_Time,Max_Time,Min_Time,Max_Difference,Average_Difference,
cuda_nullkernel,7.691600,0.076916,0.354500,0.041500,0.301300,0.017461,
cuda_cputogpu_standard,31.612600,0.316126,0.408700,0.258900,0.374700,0.013094,
cuda_cputogpu_pinned,16.871600,0.168716,0.251500,0.135600,0.241500,0.006657,
cuda_gputocpu_standard,41.353000,0.413530,0.533900,0.338400,0.458200,0.018343,
cuda_gputocpu_pinned,16.765800,0.167658,0.262900,0.144300,0.262900,0.005851,
cuda_cputogputocpu_standard,69.839200,0.698392,1.027200,0.555400,0.897100,0.039584,
cuda_cputogputocpu_pinnedmemory,27.220400,0.272204,0.513100,0.241500,0.513100,0.013679,
cuda_devicetransfer_standard,8.606500,0.086065,0.364500,0.053000,0.304400,0.017238,
cuda_devicetransfer_pinned,19.583700,0.195837,0.258800,0.128900,0.162100,0.006127,
cuda_devicetransferkernel_standard,6.864500,0.068645,0.152800,0.061600,0.110000,0.004774,
cuda_devicetransferkernel_pinned,20.516500,0.205165,0.419200,0.161100,0.203300,0.013130,
cuda_simplebufferprocessing_standard,71.936500,0.719365,1.088300,0.575400,0.700700,0.025650,
cuda_simplebufferprocessing_pinned,41.529900,0.415299,0.807500,0.371600,0.807500,0.022611,
cuda_complexbufferprocessing_standard,60.222300,0.602223,0.924200,0.531800,0.924200,0.043243,
cuda_complexbufferprocessing_unified,41.742800,0.417428,0.717500,0.364600,0.717500,0.023970,
cuda_simplebuffersynthesis_standard,36.079900,0.360799,0.802600,0.306600,0.554100,0.024900,
cuda_simplebuffersynthesis_pinned,25.780400,0.257804,0.613200,0.224100,0.557600,0.016063,
cuda_interruptedbufferprocessing_standard,112.199200,0.524295,0.931800,0.503300,0.931800,0.019710,
cuda_interruptedbufferprocessing_standard,81.090400,0.378927,0.759600,0.355700,0.233600,0.008538,
