Test_Name,Total_Time,Average_Time,Max_Time,Min_Time,Max_Difference,Average_Difference,
cuda_nullkernel,5.288100,0.052881,0.290700,0.040900,0.248600,0.012156,
cuda_cputogpu_standard,5.625900,0.056259,0.121300,0.046500,0.067000,0.003623,
cuda_cputogpu_pinned,2.524700,0.025247,0.026600,0.025000,0.026600,0.000397,
cuda_gputocpu_standard,8.181700,0.081817,0.167500,0.061700,0.103900,0.004390,
cuda_gputocpu_pinned,2.482700,0.024827,0.025800,0.024600,0.025800,0.000413,
cuda_cputogputocpu_standard,18.873600,0.188736,0.472800,0.112400,0.234500,0.010654,
cuda_cputogputocpu_pinnedmemory,9.714500,0.097145,0.197900,0.062700,0.117200,0.003640,
cuda_devicetransfer_standard,8.162800,0.081628,0.153800,0.070900,0.111200,0.004799,
cuda_devicetransfer_pinned,3.938300,0.039383,0.042400,0.037400,0.042400,0.000768,
cuda_devicetransferkernel_standard,5.532900,0.055329,0.080000,0.050100,0.062600,0.002815,
cuda_devicetransferkernel_pinned,6.313900,0.063139,0.267800,0.047500,0.217400,0.019662,
cuda_simplebufferprocessing_standard,27.404900,0.274049,0.750200,0.158900,0.423700,0.018673,
cuda_simplebufferprocessing_pinned,19.731200,0.197312,0.399400,0.161400,0.213700,0.012494,
cuda_complexbufferprocessing_standard,32.771500,0.327715,0.540400,0.229500,0.348500,0.022560,
cuda_complexbufferprocessing_unified,17.374400,0.173744,0.364600,0.137300,0.276600,0.017486,
cuda_simplebuffersynthesis_standard,23.970700,0.239707,0.450500,0.206700,0.294900,0.020079,
cuda_simplebuffersynthesis_pinned,18.157100,0.181571,0.326200,0.163200,0.181400,0.018326,
cuda_interruptedbufferprocessing_standard,55.664300,0.260114,0.685900,0.165400,0.354600,0.017536,
cuda_interruptedbufferprocessing_standard,27.325700,0.127690,0.459400,0.094400,0.227000,0.011694,
