Test_Name,Total_Time,Average_Time,Max_Time,Min_Time,Max_Difference,Average_Difference,
cuda_nullkernel,8.513000,0.085130,0.256900,0.064800,0.256900,0.008031,
cuda_cputogpu_standard,9.727600,0.097276,0.270300,0.083400,0.174100,0.010278,
cuda_cputogpu_pinned,5.597400,0.055974,0.063100,0.052700,0.063100,0.001176,
cuda_gputocpu_standard,13.334900,0.133349,0.366900,0.084900,0.244400,0.014564,
cuda_gputocpu_pinned,3.485000,0.034850,0.043200,0.031200,0.037400,0.001451,
cuda_cputogputocpu_standard,20.768100,0.207681,0.457500,0.134300,0.252000,0.017480,
cuda_cputogputocpu_pinnedmemory,12.313700,0.123137,0.290100,0.092100,0.197100,0.005703,
cuda_devicetransfer_standard,10.101600,0.101016,0.291100,0.089200,0.291100,0.010357,
cuda_devicetransfer_pinned,4.799200,0.047992,0.054400,0.044200,0.051000,0.001357,
cuda_devicetransferkernel_standard,6.526500,0.065265,0.152000,0.055900,0.121300,0.006855,
cuda_devicetransferkernel_pinned,8.851400,0.088514,0.344600,0.057900,0.256600,0.014449,
cuda_simplebufferprocessing_standard,28.854700,0.288547,0.705600,0.157200,0.456900,0.032407,
cuda_simplebufferprocessing_pinned,25.300700,0.253007,0.510800,0.216200,0.291100,0.018617,
cuda_complexbufferprocessing_standard,34.925000,0.349250,0.576200,0.250800,0.566500,0.027484,
cuda_complexbufferprocessing_unified,20.153500,0.201535,0.451500,0.151400,0.280100,0.018430,
cuda_simplebuffersynthesis_standard,27.578200,0.275782,0.524400,0.199700,0.306900,0.014587,
cuda_simplebuffersynthesis_pinned,12.306000,0.123060,0.348300,0.085900,0.317700,0.012741,
cuda_interruptedbufferprocessing_standard,53.217200,0.248679,0.513600,0.162900,0.337100,0.015899,
cuda_interruptedbufferprocessing_standard,28.180900,0.131686,0.400300,0.096800,0.271800,0.009599,
