Test_Name,Total_Time,Average_Time,Max_Time,Min_Time,Max_Difference,Average_Difference,
cuda_nullkernel,8.905800,0.089058,0.240800,0.074700,0.240800,0.010121,
cuda_cputogpu_standard,9.586600,0.095866,0.178600,0.086500,0.103100,0.005493,
cuda_cputogpu_pinned,6.026600,0.060266,0.162100,0.054500,0.105300,0.003529,
cuda_gputocpu_standard,12.135600,0.121356,0.225300,0.084700,0.126900,0.014319,
cuda_gputocpu_pinned,3.346200,0.033462,0.037200,0.033000,0.035300,0.000776,
cuda_cputogputocpu_standard,21.939900,0.219399,0.472900,0.126300,0.283800,0.025928,
cuda_cputogputocpu_pinnedmemory,12.824600,0.128246,0.197600,0.095000,0.097800,0.004566,
cuda_devicetransfer_standard,10.298600,0.102986,0.323100,0.088600,0.222000,0.014415,
cuda_devicetransfer_pinned,6.700100,0.067001,0.117500,0.059800,0.069300,0.003605,
cuda_devicetransferkernel_standard,8.583200,0.085832,0.390200,0.058800,0.295600,0.018301,
cuda_devicetransferkernel_pinned,8.030100,0.080301,0.271200,0.053200,0.203100,0.010931,
cuda_simplebufferprocessing_standard,30.775800,0.307758,0.654800,0.178200,0.416700,0.033262,
cuda_simplebufferprocessing_pinned,27.054100,0.270541,0.476900,0.195800,0.287600,0.017886,
cuda_complexbufferprocessing_standard,36.084000,0.360840,0.620100,0.201600,0.452500,0.035736,
cuda_complexbufferprocessing_unified,17.726400,0.177264,0.407100,0.130100,0.274500,0.015797,
cuda_simplebuffersynthesis_standard,24.804000,0.248040,0.615400,0.219500,0.385800,0.030277,
cuda_simplebuffersynthesis_pinned,20.427100,0.204271,0.435900,0.189800,0.224800,0.019253,
cuda_interruptedbufferprocessing_standard,58.378400,0.272796,0.642200,0.174600,0.364000,0.014205,
cuda_interruptedbufferprocessing_standard,31.790200,0.148552,0.349200,0.106100,0.195700,0.008696,
