Test_Name,Total_Time,Average_Time,Max_Time,Min_Time,Max_Difference,Average_Difference,
cuda_nullkernel,8.220700,0.082207,0.296300,0.055400,0.292500,0.011755,
cuda_cputogpu_standard,10.567800,0.105678,0.208000,0.093300,0.120300,0.007376,
cuda_cputogpu_pinned,3.711400,0.037114,0.054400,0.032200,0.042800,0.001596,
cuda_gputocpu_standard,8.768200,0.087682,0.189300,0.071200,0.120400,0.005144,
cuda_gputocpu_pinned,2.302900,0.023029,0.039400,0.020600,0.023700,0.000990,
cuda_cputogputocpu_standard,20.874100,0.208741,0.400100,0.116600,0.253200,0.026612,
cuda_cputogputocpu_pinnedmemory,13.496100,0.134961,0.256100,0.095100,0.133600,0.005287,
cuda_devicetransfer_standard,9.671600,0.096716,0.175800,0.091000,0.105300,0.006533,
cuda_devicetransfer_pinned,5.379600,0.053796,0.072000,0.053200,0.057300,0.001203,
cuda_devicetransferkernel_standard,7.579300,0.075793,0.369600,0.057700,0.305600,0.015037,
cuda_devicetransferkernel_pinned,7.009900,0.070099,0.251200,0.050100,0.189100,0.009841,
cuda_simplebufferprocessing_standard,28.879300,0.288793,0.582800,0.167300,0.406500,0.029495,
cuda_simplebufferprocessing_pinned,18.745500,0.187455,0.419500,0.156200,0.261300,0.021827,
cuda_complexbufferprocessing_standard,30.639900,0.306399,0.547500,0.212600,0.389600,0.021758,
cuda_complexbufferprocessing_unified,16.871800,0.168718,0.542400,0.131400,0.303500,0.013952,
cuda_simplebuffersynthesis_standard,24.231500,0.242315,0.459300,0.190300,0.296800,0.026264,
cuda_simplebuffersynthesis_pinned,18.785300,0.187853,0.391600,0.161000,0.203200,0.017976,
cuda_interruptedbufferprocessing_standard,59.414700,0.277639,0.665800,0.162900,0.390700,0.026483,
cuda_interruptedbufferprocessing_standard,42.707100,0.199566,0.490800,0.131600,0.260100,0.009828,
