Test_Name,Total_Time,Average_Time,Max_Time,Min_Time,Max_Difference,Average_Difference,
cuda_nullkernel,8.247200,0.082472,0.300400,0.056800,0.300400,0.013301,
cuda_cputogpu_standard,10.581900,0.105819,0.196900,0.079000,0.117800,0.005581,
cuda_cputogpu_pinned,4.711100,0.047111,0.051200,0.044200,0.051100,0.000997,
cuda_gputocpu_standard,10.708300,0.107083,0.228900,0.080700,0.137600,0.009080,
cuda_gputocpu_pinned,3.222600,0.032226,0.042800,0.029000,0.042800,0.001172,
cuda_cputogputocpu_standard,19.956700,0.199567,0.516100,0.116000,0.279300,0.019685,
cuda_cputogputocpu_pinnedmemory,10.669100,0.106691,0.208400,0.082600,0.121500,0.004876,
cuda_devicetransfer_standard,9.621800,0.096218,0.346000,0.077400,0.265600,0.017455,
cuda_devicetransfer_pinned,4.104700,0.041047,0.049300,0.037800,0.043800,0.001388,
cuda_devicetransferkernel_standard,7.139100,0.071391,0.152400,0.052300,0.118800,0.005593,
cuda_devicetransferkernel_pinned,6.687100,0.066871,0.159200,0.052900,0.099100,0.004940,
cuda_simplebufferprocessing_standard,29.259300,0.292593,0.704900,0.170900,0.282000,0.022482,
cuda_simplebufferprocessing_pinned,19.932400,0.199324,0.407700,0.156700,0.252100,0.019075,
cuda_complexbufferprocessing_standard,31.503700,0.315037,0.824300,0.219400,0.824300,0.028337,
cuda_complexbufferprocessing_unified,16.887100,0.168871,0.455100,0.129400,0.289300,0.013208,
cuda_simplebuffersynthesis_standard,24.910500,0.249105,0.517900,0.186600,0.278300,0.025739,
cuda_simplebuffersynthesis_pinned,18.152300,0.181523,0.354200,0.159800,0.211700,0.022721,
cuda_interruptedbufferprocessing_standard,52.979500,0.247568,0.757100,0.161600,0.690100,0.022294,
cuda_interruptedbufferprocessing_standard,26.693400,0.124736,0.331500,0.092600,0.213000,0.006841,
