Test_Name,Total_Time,Average_Time,Max_Time,Min_Time,Max_Difference,Average_Difference,
cuda_nullkernel,8.265700,0.082657,0.372800,0.052800,0.300500,0.015493,
cuda_cputogpu_standard,11.103600,0.111036,0.314300,0.092300,0.217100,0.017580,
cuda_cputogpu_pinned,5.099900,0.050999,0.054900,0.048300,0.054900,0.001176,
cuda_gputocpu_standard,13.405900,0.134059,0.338600,0.089400,0.171000,0.011406,
cuda_gputocpu_pinned,4.279400,0.042794,0.055100,0.038800,0.043300,0.001268,
cuda_cputogputocpu_standard,27.636900,0.276369,0.511900,0.170400,0.208600,0.024027,
cuda_cputogputocpu_pinnedmemory,18.132200,0.181322,0.317400,0.176500,0.186600,0.007486,
cuda_devicetransfer_standard,9.900800,0.099008,0.180700,0.088900,0.129100,0.006089,
cuda_devicetransfer_pinned,6.816600,0.068166,0.186700,0.062400,0.124000,0.004782,
cuda_devicetransferkernel_standard,7.740500,0.077405,0.330800,0.063000,0.261500,0.009560,
cuda_devicetransferkernel_pinned,11.808300,0.118083,0.226200,0.110800,0.210100,0.007939,
cuda_simplebufferprocessing_standard,35.584700,0.355847,0.734900,0.256700,0.354800,0.031567,
cuda_simplebufferprocessing_pinned,23.491400,0.234914,0.547700,0.200500,0.313700,0.019152,
cuda_complexbufferprocessing_standard,35.951800,0.359518,0.590100,0.240900,0.587100,0.026851,
cuda_complexbufferprocessing_unified,22.913000,0.229130,0.400200,0.177900,0.321600,0.022437,
cuda_simplebuffersynthesis_standard,26.635300,0.266353,0.424700,0.226000,0.317300,0.014781,
cuda_simplebuffersynthesis_pinned,20.936400,0.209364,0.457000,0.179800,0.249400,0.014711,
cuda_interruptedbufferprocessing_standard,61.388500,0.286862,0.731300,0.182300,0.669500,0.017523,
cuda_interruptedbufferprocessing_standard,49.208800,0.229948,0.504500,0.143000,0.227100,0.009197,
