Test_Name,Total_Time,Average_Time,Max_Time,Min_Time,Max_Difference,Average_Difference,
cuda_nullkernel,9.000200,0.090002,0.287500,0.058400,0.266500,0.013306,
cuda_cputogpu_standard,11.790200,0.117902,0.409200,0.107800,0.298400,0.014268,
cuda_cputogpu_pinned,7.356100,0.073561,0.176700,0.070700,0.105700,0.003717,
cuda_gputocpu_standard,13.428700,0.134287,0.297100,0.116300,0.173600,0.011267,
cuda_gputocpu_pinned,4.719500,0.047195,0.061500,0.043500,0.061500,0.001592,
cuda_cputogputocpu_standard,24.071900,0.240719,0.609500,0.147800,0.457900,0.028739,
cuda_cputogputocpu_pinnedmemory,14.573000,0.145730,0.252600,0.134800,0.137600,0.005625,
cuda_devicetransfer_standard,10.662700,0.106627,0.292700,0.093800,0.183200,0.014212,
cuda_devicetransfer_pinned,8.729700,0.087297,0.230200,0.068700,0.143100,0.006440,
cuda_devicetransferkernel_standard,7.853900,0.078539,0.341400,0.050900,0.281700,0.022861,
cuda_devicetransferkernel_pinned,5.661700,0.056617,0.089700,0.049900,0.054100,0.005777,
cuda_simplebufferprocessing_standard,30.020800,0.300208,0.709900,0.168600,0.490700,0.020398,
cuda_simplebufferprocessing_pinned,24.294500,0.242945,0.429800,0.206100,0.243100,0.016275,
cuda_complexbufferprocessing_standard,31.798400,0.317984,0.713100,0.250400,0.389800,0.033241,
cuda_complexbufferprocessing_unified,16.934100,0.169341,0.367200,0.126900,0.262900,0.015375,
cuda_simplebuffersynthesis_standard,23.650400,0.236504,0.467900,0.218100,0.317200,0.021585,
cuda_simplebuffersynthesis_pinned,18.748900,0.187489,0.395000,0.160800,0.209500,0.018078,
cuda_interruptedbufferprocessing_standard,57.488900,0.268640,0.670300,0.165100,0.451300,0.030205,
cuda_interruptedbufferprocessing_standard,26.575400,0.124184,0.303100,0.091600,0.184100,0.006131,
