Test_Name,Total_Time,Average_Time,Max_Time,Min_Time,Max_Difference,Average_Difference,
cuda_nullkernel,8.573000,0.085730,0.368400,0.055700,0.298300,0.015072,
cuda_cputogpu_standard,11.953500,0.119535,0.364000,0.102800,0.251300,0.017826,
cuda_cputogpu_pinned,5.426500,0.054265,0.184000,0.048600,0.132000,0.003472,
cuda_gputocpu_standard,11.704600,0.117046,0.282000,0.077700,0.181500,0.015764,
cuda_gputocpu_pinned,2.656500,0.026565,0.030300,0.023600,0.030300,0.000781,
cuda_cputogputocpu_standard,21.014700,0.210147,0.351900,0.120400,0.187800,0.019691,
cuda_cputogputocpu_pinnedmemory,11.866500,0.118665,0.183500,0.095900,0.099900,0.004604,
cuda_devicetransfer_standard,10.593400,0.105934,0.361300,0.083600,0.266700,0.017219,
cuda_devicetransfer_pinned,5.018200,0.050182,0.057400,0.046500,0.056900,0.001521,
cuda_devicetransferkernel_standard,7.147700,0.071477,0.160000,0.060000,0.123500,0.005902,
cuda_devicetransferkernel_pinned,6.921000,0.069210,0.132000,0.051100,0.075900,0.009213,
cuda_simplebufferprocessing_standard,29.592500,0.295925,0.647100,0.169000,0.376800,0.033448,
cuda_simplebufferprocessing_pinned,17.730700,0.177307,0.334800,0.137700,0.277100,0.015077,
cuda_complexbufferprocessing_standard,31.899000,0.318990,0.669100,0.238100,0.400300,0.035556,
cuda_complexbufferprocessing_unified,16.824500,0.168245,0.514900,0.122900,0.278100,0.013669,
cuda_simplebuffersynthesis_standard,23.220500,0.232205,0.486200,0.207500,0.276200,0.017512,
cuda_simplebuffersynthesis_pinned,18.935400,0.189354,0.431100,0.161300,0.248200,0.016148,
cuda_interruptedbufferprocessing_standard,55.090600,0.257433,0.627000,0.167400,0.354900,0.015563,
cuda_interruptedbufferprocessing_standard,27.437600,0.128213,0.380300,0.090900,0.280000,0.011581,
