Test_Name,Total_Time,Average_Time,Max_Time,Min_Time,Max_Difference,Average_Difference,
cuda_nullkernel,9.607600,0.096076,0.352600,0.086100,0.287600,0.012139,
cuda_cputogpu_standard,24.347700,0.243477,0.337800,0.211100,0.274700,0.012687,
cuda_cputogpu_pinned,14.137400,0.141374,0.233700,0.123700,0.145400,0.006338,
cuda_gputocpu_standard,28.008400,0.280084,0.398300,0.213700,0.316400,0.013017,
cuda_gputocpu_pinned,17.595400,0.175954,0.305700,0.164900,0.183800,0.006589,
cuda_cputogputocpu_standard,56.121600,0.561216,0.995000,0.400700,0.742200,0.029277,
cuda_cputogputocpu_pinnedmemory,21.975100,0.219751,0.366700,0.175300,0.361900,0.008379,
cuda_devicetransfer_standard,8.005900,0.080059,0.147500,0.055300,0.104400,0.005798,
cuda_devicetransfer_pinned,13.382100,0.133821,0.266600,0.106200,0.157100,0.005779,
cuda_devicetransferkernel_standard,7.625300,0.076253,0.243200,0.059600,0.183500,0.011157,
cuda_devicetransferkernel_pinned,14.564100,0.145641,0.393100,0.106000,0.284800,0.017671,
cuda_simplebufferprocessing_standard,48.967500,0.489675,0.969600,0.327700,0.525100,0.041490,
cuda_simplebufferprocessing_pinned,28.601100,0.286011,0.567100,0.243500,0.481800,0.017061,
cuda_complexbufferprocessing_standard,45.379100,0.453791,0.801200,0.368000,0.654400,0.035864,
cuda_complexbufferprocessing_unified,29.548100,0.295481,0.559200,0.245800,0.495300,0.020568,
cuda_simplebuffersynthesis_standard,36.141100,0.361411,0.581000,0.285700,0.448500,0.019042,
cuda_simplebuffersynthesis_pinned,20.568900,0.205689,0.413000,0.162500,0.349200,0.016500,
cuda_interruptedbufferprocessing_standard,75.996900,0.355126,0.760600,0.323900,0.644700,0.016889,
cuda_interruptedbufferprocessing_standard,52.009500,0.243035,0.479400,0.216800,0.232700,0.007954,
