Test_Name,Total_Time,Average_Time,Max_Time,Min_Time,Max_Difference,Average_Difference,
cuda_nullkernel,8.429300,0.084293,0.298900,0.062200,0.298900,0.008790,
cuda_cputogpu_standard,11.374000,0.113740,0.192200,0.095800,0.113100,0.007366,
cuda_cputogpu_pinned,5.535500,0.055355,0.067300,0.049800,0.062000,0.002013,
cuda_gputocpu_standard,12.096700,0.120967,0.271700,0.083500,0.178300,0.011951,
cuda_gputocpu_pinned,3.077600,0.030776,0.036900,0.027500,0.034000,0.001420,
cuda_cputogputocpu_standard,22.410000,0.224100,0.591900,0.123200,0.339000,0.019997,
cuda_cputogputocpu_pinnedmemory,13.387800,0.133878,0.271000,0.116600,0.153500,0.005421,
cuda_devicetransfer_standard,10.648300,0.106483,0.306600,0.095700,0.208800,0.016814,
cuda_devicetransfer_pinned,4.888000,0.048880,0.066100,0.041900,0.055800,0.001666,
cuda_devicetransferkernel_standard,8.119600,0.081196,0.217600,0.061700,0.155400,0.010189,
cuda_devicetransferkernel_pinned,7.730400,0.077304,0.419600,0.050400,0.364400,0.022020,
cuda_simplebufferprocessing_standard,33.252900,0.332529,0.587300,0.222800,0.343300,0.026728,
cuda_simplebufferprocessing_pinned,23.483600,0.234836,0.352800,0.179900,0.275200,0.012765,
cuda_complexbufferprocessing_standard,34.813100,0.348131,0.696200,0.220900,0.374600,0.028931,
cuda_complexbufferprocessing_unified,18.616200,0.186162,0.345700,0.139600,0.278700,0.016080,
cuda_simplebuffersynthesis_standard,25.447900,0.254479,0.467100,0.223300,0.278200,0.021136,
cuda_simplebuffersynthesis_pinned,19.979300,0.199793,0.425700,0.171600,0.219900,0.019552,
cuda_interruptedbufferprocessing_standard,55.189700,0.257896,0.750700,0.158500,0.421300,0.023179,
cuda_interruptedbufferprocessing_standard,27.114700,0.126704,0.346200,0.092900,0.237600,0.007600,
