Test_Name,Total_Time,Average_Time,Max_Time,Min_Time,Max_Difference,Average_Difference,
cuda_nullkernel,8.697400,0.086974,0.342900,0.053300,0.292000,0.022631,
cuda_cputogpu_standard,11.255200,0.112552,0.332200,0.094200,0.237300,0.015543,
cuda_cputogpu_pinned,7.306200,0.073062,0.136900,0.070800,0.077300,0.003216,
cuda_gputocpu_standard,10.771900,0.107719,0.227700,0.086600,0.140700,0.006040,
cuda_gputocpu_pinned,4.015600,0.040156,0.047300,0.039300,0.042100,0.000951,
cuda_cputogputocpu_standard,21.126800,0.211268,0.586400,0.136600,0.344800,0.020126,
cuda_cputogputocpu_pinnedmemory,14.633300,0.146333,0.266000,0.141000,0.147900,0.005497,
cuda_devicetransfer_standard,9.172200,0.091722,0.332800,0.061700,0.264500,0.019921,
cuda_devicetransfer_pinned,3.236400,0.032364,0.044600,0.029700,0.035800,0.001220,
cuda_devicetransferkernel_standard,7.268400,0.072684,0.290900,0.048500,0.217000,0.017360,
cuda_devicetransferkernel_pinned,5.785900,0.057859,0.140300,0.049200,0.083700,0.007154,
cuda_simplebufferprocessing_standard,29.588900,0.295889,0.632000,0.168100,0.309200,0.020353,
cuda_simplebufferprocessing_pinned,19.736100,0.197361,0.441200,0.134100,0.268100,0.021706,
cuda_complexbufferprocessing_standard,15.521900,0.155219,0.540200,0.135700,0.367600,0.021747,
cuda_complexbufferprocessing_unified,9.860400,0.098604,0.192300,0.093500,0.108200,0.004143,
cuda_simplebuffersynthesis_standard,22.418400,0.224184,0.410900,0.190800,0.247000,0.018063,
cuda_simplebuffersynthesis_pinned,18.433000,0.184330,0.446100,0.158700,0.281600,0.021965,
cuda_interruptedbufferprocessing_standard,55.325800,0.258532,0.587700,0.165200,0.357600,0.016386,
cuda_interruptedbufferprocessing_standard,26.919700,0.125793,0.364300,0.093900,0.243300,0.011070,
