Test_Name,Total_Time,Average_Time,Max_Time,Min_Time,Max_Difference,Average_Difference,
cuda_nullkernel,8.310200,0.083102,0.291800,0.057800,0.291800,0.008448,
cuda_cputogpu_standard,17.834100,0.178341,0.332300,0.146700,0.171400,0.014884,
cuda_cputogpu_pinned,9.223900,0.092239,0.161100,0.082100,0.085700,0.003607,
cuda_gputocpu_standard,18.506900,0.185069,0.348800,0.154800,0.181000,0.013982,
cuda_gputocpu_pinned,9.808000,0.098080,0.227300,0.090800,0.135800,0.005296,
cuda_cputogputocpu_standard,36.359400,0.363594,0.575500,0.317100,0.330100,0.020284,
cuda_cputogputocpu_pinnedmemory,17.619900,0.176199,0.290700,0.158300,0.217600,0.007492,
cuda_devicetransfer_standard,10.630200,0.106302,0.340400,0.093300,0.243400,0.014637,
cuda_devicetransfer_pinned,8.313900,0.083139,0.196500,0.073300,0.122400,0.004436,
cuda_devicetransferkernel_standard,8.352900,0.083529,0.383700,0.058600,0.292100,0.018111,
cuda_devicetransferkernel_pinned,8.545600,0.085456,0.163800,0.067100,0.093200,0.005335,
cuda_simplebufferprocessing_standard,36.973700,0.369737,0.636900,0.227700,0.334400,0.030876,
cuda_simplebufferprocessing_pinned,32.623700,0.326237,0.601900,0.259200,0.601900,0.021167,
cuda_complexbufferprocessing_standard,40.377400,0.403774,0.776600,0.288600,0.495700,0.035228,
cuda_complexbufferprocessing_unified,30.597500,0.305975,0.550900,0.236200,0.367000,0.019093,
cuda_simplebuffersynthesis_standard,27.825800,0.278258,0.632000,0.225200,0.345000,0.020976,
cuda_simplebuffersynthesis_pinned,23.275600,0.232756,0.369600,0.205000,0.252300,0.011499,
cuda_interruptedbufferprocessing_standard,68.018700,0.317844,0.788400,0.221200,0.496300,0.014553,
cuda_interruptedbufferprocessing_standard,33.888100,0.158356,0.374500,0.128500,0.220800,0.011118,
