Test_Name,Total_Time,Average_Time,Max_Time,Min_Time,Max_Difference,Average_Difference,
cuda_nullkernel,8.998300,0.089983,0.325400,0.061200,0.294600,0.018889,
cuda_cputogpu_standard,12.307200,0.123072,0.427000,0.109500,0.289000,0.019079,
cuda_cputogpu_pinned,7.343500,0.073435,0.162300,0.071400,0.090100,0.003149,
cuda_gputocpu_standard,12.506100,0.125061,0.225800,0.110500,0.137200,0.007272,
cuda_gputocpu_pinned,5.181500,0.051815,0.086800,0.050700,0.055200,0.001594,
cuda_cputogputocpu_standard,23.601300,0.236013,0.534500,0.158600,0.359300,0.029391,
cuda_cputogputocpu_pinnedmemory,13.921000,0.139210,0.229600,0.118200,0.121300,0.005749,
cuda_devicetransfer_standard,9.898500,0.098985,0.187000,0.083700,0.118600,0.007881,
cuda_devicetransfer_pinned,4.547800,0.045478,0.050000,0.041600,0.048300,0.001132,
cuda_devicetransferkernel_standard,7.776500,0.077765,0.355500,0.053200,0.302300,0.016077,
cuda_devicetransferkernel_pinned,6.072700,0.060727,0.163600,0.049800,0.107100,0.007265,
cuda_simplebufferprocessing_standard,28.719700,0.287197,0.675300,0.167600,0.345400,0.021366,
cuda_simplebufferprocessing_pinned,21.871600,0.218716,0.424400,0.155000,0.222700,0.018728,
cuda_complexbufferprocessing_standard,34.931600,0.349316,0.884400,0.231500,0.607500,0.039547,
cuda_complexbufferprocessing_unified,16.661000,0.166610,0.478800,0.114600,0.325300,0.018758,
cuda_simplebuffersynthesis_standard,20.006800,0.200068,0.409000,0.147800,0.268100,0.018457,
cuda_simplebuffersynthesis_pinned,18.157300,0.181573,0.509100,0.147200,0.326500,0.018101,
cuda_interruptedbufferprocessing_standard,57.479300,0.268595,0.602400,0.167000,0.602400,0.019074,
cuda_interruptedbufferprocessing_standard,28.407300,0.132744,0.409600,0.094800,0.277900,0.009841,
