Test_Name,Total_Time,Average_Time,Max_Time,Min_Time,Max_Difference,Average_Difference,
cuda_nullkernel,8.580700,0.085807,0.307700,0.051800,0.297100,0.024058,
cuda_cputogpu_standard,11.633200,0.116332,0.337600,0.100300,0.227300,0.016264,
cuda_cputogpu_pinned,4.718300,0.047183,0.059000,0.042000,0.052000,0.001341,
cuda_gputocpu_standard,10.299300,0.102993,0.217800,0.076200,0.132600,0.005155,
cuda_gputocpu_pinned,2.743000,0.027430,0.033600,0.024500,0.028600,0.001249,
cuda_cputogputocpu_standard,20.248500,0.202485,0.422300,0.127800,0.236600,0.015083,
cuda_cputogputocpu_pinnedmemory,10.141500,0.101415,0.199900,0.080900,0.118800,0.003644,
cuda_devicetransfer_standard,9.238200,0.092382,0.334400,0.070000,0.257600,0.021650,
cuda_devicetransfer_pinned,3.728000,0.037280,0.044800,0.034600,0.039700,0.001028,
cuda_devicetransferkernel_standard,8.100600,0.081006,0.380800,0.047000,0.289100,0.021344,
cuda_devicetransferkernel_pinned,7.085400,0.070854,0.182100,0.051100,0.118300,0.008723,
cuda_simplebufferprocessing_standard,28.067300,0.280673,0.494700,0.145700,0.314700,0.025568,
cuda_simplebufferprocessing_pinned,20.087400,0.200874,0.352900,0.143000,0.258300,0.013670,
cuda_complexbufferprocessing_standard,31.832900,0.318329,0.585700,0.207400,0.410900,0.023789,
cuda_complexbufferprocessing_unified,17.435200,0.174352,0.367400,0.139500,0.275100,0.018272,
cuda_simplebuffersynthesis_standard,25.125600,0.251256,0.437900,0.228600,0.421700,0.020072,
cuda_simplebuffersynthesis_pinned,18.966300,0.189663,0.490200,0.165000,0.298500,0.024918,
cuda_interruptedbufferprocessing_standard,54.865500,0.256381,0.533000,0.161800,0.377300,0.016123,
cuda_interruptedbufferprocessing_standard,25.860700,0.120844,0.351800,0.091900,0.244100,0.007647,
