Test_Name,Total_Time,Average_Time,Max_Time,Min_Time,Max_Difference,Average_Difference,
cuda_nullkernel,8.744600,0.087446,0.341800,0.062400,0.290600,0.015774,
cuda_cputogpu_standard,12.149300,0.121493,0.365400,0.111600,0.251800,0.015986,
cuda_cputogpu_pinned,7.696300,0.076963,0.186400,0.073300,0.111400,0.004396,
cuda_gputocpu_standard,15.274100,0.152741,0.352100,0.135000,0.191300,0.017284,
cuda_gputocpu_pinned,6.855300,0.068553,0.197200,0.059400,0.137800,0.004561,
cuda_cputogputocpu_standard,24.814800,0.248148,0.434400,0.167100,0.308600,0.018943,
cuda_cputogputocpu_pinnedmemory,15.227600,0.152276,0.251500,0.145600,0.154200,0.006466,
cuda_devicetransfer_standard,11.325500,0.113255,0.330700,0.094800,0.209400,0.024195,
cuda_devicetransfer_pinned,7.695100,0.076951,0.178100,0.073200,0.094500,0.004852,
cuda_devicetransferkernel_standard,10.468100,0.104681,0.402000,0.085300,0.305000,0.017397,
cuda_devicetransferkernel_pinned,9.797300,0.097973,0.368200,0.062200,0.296400,0.022503,
cuda_simplebufferprocessing_standard,36.188500,0.361885,0.779200,0.293100,0.370900,0.033921,
cuda_simplebufferprocessing_pinned,26.881100,0.268811,0.473400,0.240700,0.280600,0.022097,
cuda_complexbufferprocessing_standard,35.318000,0.353180,0.584400,0.237700,0.402100,0.023741,
cuda_complexbufferprocessing_unified,18.974500,0.189745,0.412800,0.156000,0.279800,0.019567,
cuda_simplebuffersynthesis_standard,26.868100,0.268681,0.437000,0.197000,0.300900,0.023395,
cuda_simplebuffersynthesis_pinned,20.200100,0.202001,0.401800,0.185500,0.281400,0.021020,
cuda_interruptedbufferprocessing_standard,60.183800,0.281233,0.761900,0.161200,0.381600,0.025934,
cuda_interruptedbufferprocessing_standard,44.500400,0.207946,0.402800,0.131600,0.182900,0.010620,
