Test_Name,Total_Time,Average_Time,Max_Time,Min_Time,Max_Difference,Average_Difference,
cl_nullkernel,34.975236,0.003498,0.036815,0.001706,0.032914,0.002137,
cl_cputogpu_standard,305.429407,0.030543,0.108251,0.027794,0.068267,0.002062,
cl_cputogpu_mappedbuffer,54.487316,0.005449,0.049737,0.003900,0.044861,0.001921,
cl_gputocpu_standard,339.983048,0.033998,0.078506,0.029014,0.045348,0.002028,
cl_gputocpu_pinned,52.283614,0.005228,0.079725,0.003657,0.075093,0.002052,
cl_cputogputocpu_standard,614.922461,0.061492,0.081432,0.027794,0.041204,0.002086,
cl_cputogputocpu_pinned,110.448308,0.011045,0.016335,0.003900,0.012191,0.001732,
cl_devicetransfer_standard,370.033551,0.037003,0.139214,0.032914,0.100693,0.000482,
cl_devicetransfer_pinned,50.492856,0.005049,0.061684,0.002925,0.056076,0.002157,
cl_devicetransferkernel_standard,372.710499,0.037271,0.133364,0.033645,0.095330,0.000475,
cl_devicetransferkernel_pinned,375.324151,0.037532,0.184076,0.033645,0.134095,0.000480,
cl_simplebufferprocessing_standard,958.982344,0.095898,0.270628,0.087527,0.168228,0.004622,
cl_simplebufferprocessing_pinned,453.794755,0.045379,0.207969,0.041203,0.141165,0.004248,
cl_complexbufferprocessing_standard,971.136040,0.097114,0.273310,0.089234,0.165790,0.004551,
cl_complexbufferprocessing_pinned,457.308136,0.045731,0.236495,0.041691,0.183344,0.004189,
cl_simplebuffersynthesis_standard,670.439038,0.067044,0.246734,0.062415,0.166277,0.002564,
cl_simplebuffersynthesis_pinned,413.691922,0.041369,0.213821,0.038765,0.153113,0.002410,
cl_complexbuffersynthesis_standard,7747.191762,0.774719,3.956531,0.685591,3.053950,0.013052,
cl_complexbuffersynthesis_pinned,910.623245,0.091062,0.317195,0.057051,0.221134,0.029761,
cl_interruptedbufferprocessing_standard,1917.033018,0.096571,0.319389,0.088747,0.301592,0.004641,
cl_interruptedbufferprocessing_pinned,897.547342,0.045214,0.206263,0.041203,0.157014,0.004078,
