Test_Name,Total_Time,Average_Time,Max_Time,Min_Time,Max_Difference,Average_Difference,
cl_nullkernel,35.909658,0.003591,0.049737,0.001706,0.044129,0.002229,
cl_cputogpu_standard,304.002735,0.030400,0.117760,0.027794,0.068511,0.002011,
cl_cputogpu_mappedbuffer,54.412279,0.005441,0.052175,0.003657,0.043641,0.001909,
cl_gputocpu_standard,338.188151,0.033819,0.175542,0.028525,0.138971,0.002168,
cl_gputocpu_pinned,51.210821,0.005121,0.017554,0.003657,0.013166,0.001927,
cl_cputogputocpu_standard,615.178723,0.061518,0.220647,0.028038,0.184319,0.002055,
cl_cputogputocpu_pinned,110.641528,0.011064,0.020480,0.003900,0.014873,0.001960,
cl_devicetransfer_standard,370.453375,0.037045,0.188708,0.032914,0.144579,0.000476,
cl_devicetransfer_pinned,50.670269,0.005067,0.042423,0.002682,0.038765,0.002186,
cl_devicetransferkernel_standard,371.525367,0.037153,0.184076,0.034621,0.132632,0.000438,
cl_devicetransferkernel_pinned,377.302388,0.037730,0.185051,0.034377,0.143116,0.000498,
cl_simplebufferprocessing_standard,962.138849,0.096214,0.289158,0.088990,0.191390,0.004577,
cl_simplebufferprocessing_pinned,454.120462,0.045412,0.180419,0.041203,0.118248,0.004415,
cl_complexbufferprocessing_standard,989.551828,0.098955,0.320121,0.089478,0.182613,0.005219,
cl_complexbufferprocessing_pinned,460.081420,0.046008,0.152868,0.041447,0.105569,0.004417,
cl_simplebuffersynthesis_standard,676.771532,0.067677,0.254781,0.062659,0.177494,0.002739,
cl_simplebuffersynthesis_pinned,417.509917,0.041751,0.214551,0.038765,0.153355,0.002601,
cl_complexbuffersynthesis_standard,4048.114439,0.404811,0.766536,0.374490,0.573683,0.008563,
cl_complexbuffersynthesis_pinned,459.525274,0.045953,0.317196,0.028282,0.285501,0.017078,
cl_interruptedbufferprocessing_standard,1913.799298,0.096408,0.448609,0.088259,0.448609,0.004737,
cl_interruptedbufferprocessing_pinned,903.308545,0.045504,0.190415,0.040716,0.141165,0.004380,
