Test_Name,Total_Time,Average_Time,Max_Time,Min_Time,Max_Difference,Average_Difference,
cl_nullkernel,34.551451,0.003455,0.065584,0.001706,0.063146,0.002077,
cl_cputogpu_standard,302.200220,0.030220,0.076556,0.027794,0.047543,0.001754,
cl_cputogpu_mappedbuffer,52.787341,0.005279,0.020236,0.003900,0.016091,0.001546,
cl_gputocpu_standard,337.203619,0.033720,0.185538,0.028281,0.152867,0.001909,
cl_gputocpu_pinned,51.677293,0.005168,0.050957,0.003657,0.046812,0.001917,
cl_cputogputocpu_standard,611.594039,0.061159,0.170910,0.028038,0.116541,0.001814,
cl_cputogputocpu_pinned,107.257421,0.010726,0.015604,0.003900,0.011217,0.001650,
cl_devicetransfer_standard,370.443149,0.037044,0.179200,0.032670,0.127756,0.000529,
cl_devicetransfer_pinned,47.903552,0.004790,0.045592,0.002925,0.036815,0.001974,
cl_devicetransferkernel_standard,370.869697,0.037087,0.181881,0.033889,0.131412,0.000487,
cl_devicetransferkernel_pinned,377.368710,0.037737,0.193340,0.034133,0.146041,0.000518,
cl_simplebufferprocessing_standard,962.897360,0.096290,0.263557,0.087771,0.157256,0.004481,
cl_simplebufferprocessing_pinned,451.852844,0.045185,0.180662,0.040960,0.125805,0.004328,
cl_complexbufferprocessing_standard,963.888259,0.096389,0.251611,0.089235,0.127024,0.004490,
cl_complexbufferprocessing_pinned,455.733810,0.045573,0.125074,0.041691,0.068267,0.004025,
cl_simplebuffersynthesis_standard,675.488098,0.067549,0.255512,0.062659,0.185295,0.002655,
cl_simplebuffersynthesis_pinned,414.591070,0.041459,0.188221,0.038765,0.147261,0.002375,
cl_complexbuffersynthesis_standard,1719.241788,0.171924,0.461042,0.151893,0.344745,0.006511,
cl_complexbuffersynthesis_pinned,128.268344,0.012827,0.266240,0.007071,0.258438,0.006366,
cl_interruptedbufferprocessing_standard,1907.662936,0.096099,0.272334,0.087284,0.205775,0.004740,
cl_interruptedbufferprocessing_pinned,901.852047,0.045431,0.206994,0.040960,0.139215,0.004225,
