Test_Name,Total_Time,Average_Time,Max_Time,Min_Time,Max_Difference,Average_Difference,
cl_nullkernel,40.212589,0.004021,0.078750,0.001706,0.071192,0.002546,
cl_cputogpu_standard,301.241525,0.030124,0.176030,0.027307,0.166522,0.001917,
cl_cputogpu_mappedbuffer,50.866181,0.005087,0.049494,0.003657,0.045106,0.001628,
cl_gputocpu_standard,335.623455,0.033562,0.199680,0.028525,0.167985,0.002061,
cl_gputocpu_pinned,48.623113,0.004862,0.019749,0.003657,0.015848,0.001600,
cl_cputogputocpu_standard,612.920803,0.061292,0.113858,0.027794,0.081187,0.002045,
cl_cputogputocpu_pinned,102.820686,0.010282,0.018773,0.003900,0.014628,0.001295,
cl_devicetransfer_standard,369.853526,0.036985,0.215771,0.032914,0.166765,0.000479,
cl_devicetransfer_pinned,49.161833,0.004916,0.045592,0.002682,0.041691,0.002042,
cl_devicetransferkernel_standard,373.044300,0.037304,0.143847,0.034377,0.118003,0.000628,
cl_devicetransferkernel_pinned,380.249586,0.038025,3.152206,0.035109,3.103445,0.001108,
cl_simplebufferprocessing_standard,955.916349,0.095592,0.261851,0.088503,0.165790,0.004460,
cl_simplebufferprocessing_pinned,449.098794,0.044910,0.261119,0.041203,0.142141,0.003921,
cl_complexbufferprocessing_standard,972.468622,0.097247,0.316464,0.088503,0.223816,0.004898,
cl_complexbufferprocessing_pinned,452.692545,0.045269,0.204800,0.040716,0.146530,0.004261,
cl_simplebuffersynthesis_standard,670.204978,0.067020,0.214308,0.062415,0.144091,0.002679,
cl_simplebuffersynthesis_pinned,412.642049,0.041264,0.223085,0.038521,0.167253,0.002377,
cl_complexbuffersynthesis_standard,1016.885946,0.101689,0.321828,0.088502,0.234788,0.004529,
cl_complexbuffersynthesis_pinned,20.877665,0.002088,0.148724,0.000975,0.147261,0.001178,
cl_interruptedbufferprocessing_standard,1918.132845,0.096627,0.411793,0.086796,0.274528,0.004911,
cl_interruptedbufferprocessing_pinned,894.058589,0.045038,0.196023,0.040960,0.138972,0.004073,
