Test_Name,Total_Time,Average_Time,Max_Time,Min_Time,Max_Difference,Average_Difference,
cl_nullkernel,35.763638,0.003576,0.062171,0.001706,0.059977,0.002248,
cl_cputogpu_standard,300.458510,0.030046,0.179444,0.027794,0.149700,0.001772,
cl_cputogpu_mappedbuffer,52.157516,0.005216,0.077775,0.003900,0.065341,0.001528,
cl_gputocpu_standard,338.034586,0.033803,0.090941,0.028525,0.059245,0.001916,
cl_gputocpu_pinned,52.442535,0.005244,0.015848,0.003900,0.011703,0.001925,
cl_cputogputocpu_standard,614.587770,0.061459,0.168472,0.028038,0.091672,0.001918,
cl_cputogputocpu_pinned,106.760426,0.010676,0.016579,0.003900,0.011459,0.001400,
cl_devicetransfer_standard,370.341696,0.037034,0.204555,0.033158,0.161157,0.000486,
cl_devicetransfer_pinned,46.747918,0.004675,0.051200,0.002681,0.040960,0.001845,
cl_devicetransferkernel_standard,370.817597,0.037082,0.195047,0.035596,0.149211,0.000529,
cl_devicetransferkernel_pinned,373.756185,0.037376,0.196510,0.033890,0.149211,0.000464,
cl_simplebufferprocessing_standard,960.014802,0.096001,0.298422,0.088503,0.206506,0.004481,
cl_simplebufferprocessing_pinned,453.855025,0.045386,0.199680,0.041203,0.144823,0.004286,
cl_complexbufferprocessing_standard,964.559457,0.096456,0.265752,0.089234,0.168472,0.004519,
cl_complexbufferprocessing_pinned,452.458426,0.045246,0.207482,0.041204,0.151650,0.004145,
cl_simplebuffersynthesis_standard,672.309797,0.067231,0.221379,0.062902,0.147992,0.002535,
cl_simplebuffersynthesis_pinned,413.678653,0.041368,0.234788,0.038765,0.179687,0.002236,
cl_complexbuffersynthesis_standard,1311.155598,0.131116,0.313539,0.118003,0.296472,0.005064,
cl_complexbuffersynthesis_pinned,64.622545,0.006462,0.240152,0.003657,0.235764,0.003317,
cl_interruptedbufferprocessing_standard,1894.974709,0.095460,0.295741,0.086308,0.204555,0.004457,
cl_interruptedbufferprocessing_pinned,896.381427,0.045155,0.180419,0.040960,0.121418,0.003974,
