Test_Name,Total_Time,Average_Time,Max_Time,Min_Time,Max_Difference,Average_Difference,
cl_nullkernel,34.752273,0.003475,0.060952,0.001706,0.058514,0.002082,
cl_cputogpu_standard,306.592150,0.030659,0.202606,0.027794,0.163109,0.001871,
cl_cputogpu_mappedbuffer,54.160471,0.005416,0.083626,0.003657,0.063391,0.001931,
cl_gputocpu_standard,337.493958,0.033749,0.121173,0.028282,0.088503,0.001978,
cl_gputocpu_pinned,51.428339,0.005143,0.057539,0.003657,0.053394,0.001899,
cl_cputogputocpu_standard,608.596395,0.060860,0.182613,0.027794,0.152381,0.001856,
cl_cputogputocpu_pinned,106.495987,0.010650,0.016823,0.003900,0.012434,0.001390,
cl_devicetransfer_standard,377.959423,0.037796,0.193584,0.033158,0.151405,0.000876,
cl_devicetransfer_pinned,50.185909,0.005019,0.076313,0.002681,0.069731,0.002146,
cl_devicetransferkernel_standard,372.388698,0.037239,0.195048,0.033646,0.152625,0.000618,
cl_devicetransferkernel_pinned,396.126403,0.039613,0.175054,0.036327,0.114345,0.001453,
cl_simplebufferprocessing_standard,1054.029734,0.105403,0.449584,0.084114,0.325973,0.008064,
cl_simplebufferprocessing_pinned,453.295151,0.045330,0.238201,0.040716,0.184807,0.004234,
cl_complexbufferprocessing_standard,961.436535,0.096144,0.286476,0.088990,0.187002,0.004545,
cl_complexbufferprocessing_pinned,452.153964,0.045215,0.197729,0.040959,0.130438,0.004408,
cl_simplebuffersynthesis_standard,676.452623,0.067645,0.278918,0.062902,0.156770,0.002681,
cl_simplebuffersynthesis_pinned,415.073357,0.041507,0.139946,0.038522,0.063390,0.002422,
cl_complexbuffersynthesis_standard,1143.945079,0.114395,0.434223,0.098743,0.266727,0.005527,
cl_complexbuffersynthesis_pinned,35.368884,0.003537,0.145066,0.001950,0.142872,0.001875,
cl_interruptedbufferprocessing_standard,1908.055475,0.096119,0.415451,0.088746,0.415451,0.004483,
cl_interruptedbufferprocessing_pinned,899.851535,0.045330,0.259413,0.041447,0.173836,0.003920,
