Test_Name,Total_Time,Average_Time,Max_Time,Min_Time,Max_Difference,Average_Difference,
cl_nullkernel,36.030577,0.003603,0.039253,0.001706,0.036815,0.002303,
cl_cputogpu_standard,307.502566,0.030750,0.198705,0.027307,0.153113,0.002024,
cl_cputogpu_mappedbuffer,55.022547,0.005502,0.018529,0.003900,0.012679,0.001818,
cl_gputocpu_standard,341.155526,0.034116,0.199192,0.028526,0.161402,0.002115,
cl_gputocpu_pinned,52.398896,0.005240,0.019992,0.003900,0.015847,0.001886,
cl_cputogputocpu_standard,615.235600,0.061524,0.114346,0.027794,0.083138,0.002041,
cl_cputogputocpu_pinned,110.844741,0.011084,0.019993,0.003901,0.011947,0.001836,
cl_devicetransfer_standard,372.873899,0.037287,0.172860,0.032915,0.129706,0.000474,
cl_devicetransfer_pinned,50.271514,0.005027,0.052906,0.002682,0.049980,0.002159,
cl_devicetransferkernel_standard,372.319929,0.037232,0.214552,0.033401,0.154331,0.000485,
cl_devicetransferkernel_pinned,378.289260,0.037829,0.173348,0.034621,0.124098,0.000433,
cl_simplebufferprocessing_standard,968.884357,0.096888,0.269165,0.087283,0.168715,0.004647,
cl_simplebufferprocessing_pinned,460.824238,0.046082,0.205531,0.041691,0.150674,0.004454,
cl_complexbufferprocessing_standard,972.847473,0.097285,0.349622,0.088503,0.245028,0.004580,
cl_complexbufferprocessing_pinned,463.064198,0.046306,0.189440,0.042179,0.141898,0.004290,
cl_simplebuffersynthesis_standard,683.925861,0.068393,0.247710,0.062903,0.170178,0.002709,
cl_simplebuffersynthesis_pinned,419.477733,0.041948,0.200411,0.038766,0.146530,0.002573,
cl_complexbuffersynthesis_standard,39587.398207,3.958740,10.393576,3.658841,6.525303,0.041094,
cl_complexbuffersynthesis_pinned,7356.797580,0.735680,1.119815,0.459336,0.786040,0.099500,
cl_interruptedbufferprocessing_standard,1916.075104,0.096523,0.573195,0.088746,0.573195,0.004734,
cl_interruptedbufferprocessing_pinned,916.673578,0.046178,3.150012,0.041448,3.094423,0.004723,
