Test_Name,Total_Time,Average_Time,Max_Time,Min_Time,Max_Difference,Average_Difference,
cl_nullkernel,34.941986,0.003494,0.040473,0.001706,0.037791,0.002092,
cl_cputogpu_standard,303.761501,0.030376,0.191390,0.027794,0.155550,0.002004,
cl_cputogpu_mappedbuffer,53.030112,0.005303,0.019017,0.003900,0.011459,0.001816,
cl_gputocpu_standard,337.169546,0.033717,0.074850,0.029013,0.039498,0.002070,
cl_gputocpu_pinned,51.522220,0.005152,0.019992,0.003657,0.015848,0.001920,
cl_cputogputocpu_standard,609.218070,0.060922,0.079238,0.027794,0.049250,0.001916,
cl_cputogputocpu_pinned,109.191198,0.010919,0.018529,0.003900,0.015360,0.001783,
cl_devicetransfer_standard,370.278237,0.037028,0.170910,0.032914,0.129950,0.000484,
cl_devicetransfer_pinned,48.980728,0.004898,0.050468,0.002681,0.046811,0.002014,
cl_devicetransferkernel_standard,377.788103,0.037779,0.181881,0.036084,0.097766,0.000585,
cl_devicetransferkernel_pinned,377.872142,0.037787,0.195047,0.036571,0.151405,0.000497,
cl_simplebufferprocessing_standard,962.283182,0.096228,0.256731,0.087527,0.154819,0.004770,
cl_simplebufferprocessing_pinned,454.638422,0.045464,0.201630,0.040960,0.150918,0.004459,
cl_complexbufferprocessing_standard,963.139963,0.096314,0.285988,0.088746,0.174080,0.004555,
cl_complexbufferprocessing_pinned,456.981265,0.045698,0.187002,0.041447,0.122392,0.004337,
cl_simplebuffersynthesis_standard,668.172667,0.066817,0.776532,0.062171,0.712410,0.002657,
cl_simplebuffersynthesis_pinned,418.221131,0.041822,0.200411,0.038765,0.143359,0.002625,
cl_complexbuffersynthesis_standard,2449.885335,0.244989,0.571732,0.227961,0.533454,0.006363,
cl_complexbuffersynthesis_pinned,239.918975,0.023992,0.300372,0.014141,0.285255,0.010189,
cl_interruptedbufferprocessing_standard,1916.696800,0.096554,0.267459,0.087528,0.166766,0.004754,
cl_interruptedbufferprocessing_pinned,902.411514,0.045459,0.205531,0.041203,0.136045,0.004441,
