Test_Name,Total_Time,Average_Time,Max_Time,Min_Time,Max_Difference,Average_Difference,
cl_nullkernel,35.501576,0.003550,0.043398,0.001706,0.040960,0.002258,
cl_cputogpu_standard,306.873784,0.030687,0.211626,0.028038,0.161402,0.002017,
cl_cputogpu_mappedbuffer,56.288433,0.005629,0.095329,0.003900,0.061684,0.001966,
cl_gputocpu_standard,338.600468,0.033860,0.116540,0.028282,0.088015,0.002196,
cl_gputocpu_pinned,51.595124,0.005160,0.016579,0.003900,0.012191,0.001805,
cl_cputogputocpu_standard,613.424513,0.061342,0.084845,0.028038,0.053393,0.002011,
cl_cputogputocpu_pinned,105.803200,0.010580,0.017310,0.003900,0.011703,0.001620,
cl_devicetransfer_standard,371.625536,0.037163,0.145067,0.032426,0.101182,0.000465,
cl_devicetransfer_pinned,49.832846,0.004983,0.064609,0.002681,0.059246,0.002115,
cl_devicetransferkernel_standard,370.900511,0.037090,0.172130,0.035840,0.134096,0.000456,
cl_devicetransferkernel_pinned,375.927939,0.037593,0.186270,0.034133,0.138971,0.000444,
cl_simplebufferprocessing_standard,966.795213,0.096680,0.288914,0.089234,0.177492,0.004745,
cl_simplebufferprocessing_pinned,456.851231,0.045685,0.233569,0.041447,0.185783,0.004280,
cl_complexbufferprocessing_standard,973.423333,0.097342,0.291839,0.089478,0.188221,0.004606,
cl_complexbufferprocessing_pinned,460.618945,0.046062,0.122880,0.041691,0.075094,0.004283,
cl_simplebuffersynthesis_standard,677.555735,0.067756,0.232106,0.062903,0.165790,0.002649,
cl_simplebuffersynthesis_pinned,415.667889,0.041567,0.210407,0.038766,0.161646,0.002396,
cl_complexbuffersynthesis_standard,22794.521048,2.279452,4.236181,2.038974,2.416391,0.045467,
cl_complexbuffersynthesis_pinned,3657.015187,0.365702,2.221100,0.229668,1.885131,0.078101,
cl_interruptedbufferprocessing_standard,1930.122429,0.097230,0.368396,0.085821,0.305736,0.004963,
cl_interruptedbufferprocessing_pinned,911.252829,0.045905,0.177736,0.040716,0.114346,0.004652,
