Test_Name,Total_Time,Average_Time,Max_Time,Min_Time,Max_Difference,Average_Difference,
cl_nullkernel,35.103869,0.003510,0.073630,0.001463,0.068266,0.002192,
cl_cputogpu_standard,303.507027,0.030351,0.072899,0.028038,0.046080,0.001918,
cl_cputogpu_mappedbuffer,53.821855,0.005382,0.054126,0.003900,0.046568,0.001791,
cl_gputocpu_standard,338.113255,0.033811,0.114590,0.028525,0.083139,0.002167,
cl_gputocpu_pinned,50.943383,0.005094,0.015360,0.003900,0.011703,0.001708,
cl_cputogputocpu_standard,609.909465,0.060991,0.142384,0.028038,0.088990,0.001928,
cl_cputogputocpu_pinned,106.346556,0.010635,0.018529,0.003900,0.012677,0.001578,
cl_devicetransfer_standard,370.677466,0.037068,0.208945,0.032914,0.165060,0.000467,
cl_devicetransfer_pinned,48.873211,0.004887,0.049249,0.002681,0.045592,0.002050,
cl_devicetransferkernel_standard,372.600541,0.037260,0.126049,0.035352,0.087527,0.000474,
cl_devicetransferkernel_pinned,376.070664,0.037607,0.192121,0.034865,0.131413,0.000479,
cl_simplebufferprocessing_standard,965.467147,0.096547,0.288426,0.087772,0.191634,0.004703,
cl_simplebufferprocessing_pinned,454.166376,0.045417,0.200167,0.041203,0.138727,0.004359,
cl_complexbufferprocessing_standard,974.811634,0.097481,0.257706,0.089234,0.151161,0.004635,
cl_complexbufferprocessing_pinned,459.558932,0.045956,0.215039,0.041691,0.161644,0.004345,
cl_simplebuffersynthesis_standard,675.603596,0.067560,0.236495,0.062902,0.140434,0.002651,
cl_simplebuffersynthesis_pinned,414.993162,0.041499,0.159451,0.038765,0.082651,0.002327,
cl_complexbuffersynthesis_standard,12760.886038,1.276089,3.238027,1.160043,1.865626,0.019469,
cl_complexbuffersynthesis_pinned,1845.577909,0.184558,0.445195,0.113372,0.325729,0.061632,
cl_interruptedbufferprocessing_standard,1913.287132,0.096382,0.543937,0.086796,0.543937,0.004676,
cl_interruptedbufferprocessing_pinned,907.345714,0.045708,0.151405,0.040960,0.097280,0.004420,
