Test_Name,Total_Time,Average_Time,Max_Time,Min_Time,Max_Difference,Average_Difference,
cl_nullkernel,5.018600,0.000502,0.018700,0.000400,0.018200,0.000048,
cl_cputogpu_standard,16.133300,0.001613,0.027800,0.001400,0.026200,0.000184,
cl_cputogpu_mappedbuffer,21.505000,0.002150,0.040000,0.001800,0.033800,0.000338,
cl_gputocpu_standard,13.441500,0.001344,0.024700,0.001100,0.023400,0.000186,
cl_gputocpu_pinned,46.702100,0.004670,0.067500,0.001500,0.065800,0.004416,
cl_cputogputocpu_standard,29.019600,0.002902,0.033000,0.001300,0.031000,0.000241,
cl_cputogputocpu_pinned,103.188200,0.010319,0.071100,0.001700,0.068500,0.000750,
cl_devicetransfer_standard,830.828200,0.083083,2.804200,0.063100,2.686800,0.008984,
cl_devicetransfer_pinned,870.900000,0.087090,1.870200,0.072500,1.796200,0.007347,
cl_devicetransferkernel_standard,725.049500,0.072505,1.622100,0.058700,1.426200,0.007538,
cl_devicetransferkernel_pinned,719.564300,0.071956,1.698300,0.059200,1.626200,0.006728,
cl_simplebufferprocessing_standard,733.696700,0.073370,2.440300,0.063500,2.315700,0.007207,
cl_simplebufferprocessing_pinned,758.689100,0.075869,1.954500,0.064700,1.869700,0.006697,
cl_complexbufferprocessing_standard,754.384700,0.075438,1.489800,0.066300,1.407000,0.006172,
cl_complexbufferprocessing_pinned,774.572500,0.077457,2.088000,0.067000,2.003000,0.005851,
cl_simplebuffersynthesis_standard,750.018500,0.075002,1.579300,0.064400,1.399000,0.006601,
cl_simplebuffersynthesis_pinned,750.216000,0.075022,1.468700,0.065200,1.392800,0.006587,
cl_complexbuffersynthesis_standard,9608.279200,0.960828,3.064200,0.846100,2.116200,0.082252,
cl_interruptedbufferprocessing_standard,1478.250600,0.074467,2.024200,0.061300,1.947800,0.006517,
cl_interruptedbufferprocessing_pinned,1509.392400,0.076036,2.010000,0.064400,1.918000,0.006640,
