Test_Name,Total_Time,Average_Time,Max_Time,Min_Time,Max_Difference,Average_Difference,
cl_nullkernel,4.483000,0.000448,0.044600,0.000400,0.044200,0.000086,
cl_cputogpu_standard,15.676700,0.001568,0.029800,0.001300,0.028300,0.000142,
cl_cputogpu_mappedbuffer,20.774400,0.002077,0.035200,0.001600,0.033500,0.000439,
cl_gputocpu_standard,13.385500,0.001339,0.035700,0.001000,0.034400,0.000173,
cl_gputocpu_pinned,16.787500,0.001679,0.029600,0.001400,0.028000,0.000214,
cl_cputogputocpu_standard,28.802200,0.002880,0.025100,0.001400,0.023200,0.000195,
cl_cputogputocpu_pinned,34.668000,0.003467,0.037400,0.001600,0.035500,0.000286,
cl_devicetransfer_standard,687.938100,0.068794,2.325700,0.058200,2.244300,0.004263,
cl_devicetransfer_pinned,710.554500,0.071055,2.474400,0.058000,2.401000,0.006254,
cl_devicetransferkernel_standard,720.775500,0.072078,2.623100,0.058500,2.551600,0.006894,
cl_devicetransferkernel_pinned,709.138100,0.070914,2.484600,0.058300,2.409400,0.006533,
cl_simplebufferprocessing_standard,722.946200,0.072295,1.757700,0.059800,1.674300,0.006789,
cl_simplebufferprocessing_pinned,747.896200,0.074790,1.727400,0.062700,1.599100,0.005017,
cl_complexbufferprocessing_standard,729.152100,0.072915,3.103500,0.061600,2.922200,0.006975,
cl_complexbufferprocessing_pinned,733.148400,0.073315,2.750000,0.061900,2.640500,0.004529,
cl_simplebuffersynthesis_standard,756.228800,0.075623,2.926300,0.061200,2.739700,0.008029,
cl_simplebuffersynthesis_pinned,748.654900,0.074865,1.915700,0.061700,1.842800,0.006648,
cl_complexbuffersynthesis_standard,1889.342500,0.188934,2.156200,0.157900,1.941400,0.022401,
cl_interruptedbufferprocessing_standard,1504.827200,0.075806,1.962400,0.061600,1.884100,0.007919,
cl_interruptedbufferprocessing_pinned,1485.675600,0.074841,1.960500,0.062600,1.863600,0.005733,
