Test_Name,Total_Time,Average_Time,Max_Time,Min_Time,Max_Difference,Average_Difference,
cl_nullkernel,4.494500,0.000449,0.009400,0.000400,0.008900,0.000087,
cl_cputogpu_standard,16.801900,0.001680,0.034700,0.001400,0.033100,0.000215,
cl_cputogpu_mappedbuffer,21.086700,0.002109,0.035400,0.001700,0.033400,0.000369,
cl_gputocpu_standard,12.933500,0.001293,0.031000,0.001100,0.029800,0.000175,
cl_gputocpu_pinned,17.238900,0.001724,0.028500,0.001500,0.026700,0.000207,
cl_cputogputocpu_standard,30.477900,0.003048,0.034900,0.001400,0.033300,0.000302,
cl_cputogputocpu_pinned,34.896900,0.003490,0.026300,0.001700,0.024400,0.000197,
cl_devicetransfer_standard,775.221600,0.077522,2.213300,0.061300,2.135900,0.008404,
cl_devicetransfer_pinned,712.836000,0.071284,2.170300,0.060800,2.088500,0.005034,
cl_devicetransferkernel_standard,704.659400,0.070466,1.583700,0.059500,1.500800,0.005087,
cl_devicetransferkernel_pinned,700.954400,0.070095,1.980200,0.060300,1.885300,0.004910,
cl_simplebufferprocessing_standard,736.630500,0.073663,2.300800,0.063500,2.224200,0.005509,
cl_simplebufferprocessing_pinned,753.471400,0.075347,2.206300,0.065300,2.125600,0.005411,
cl_complexbufferprocessing_standard,767.142100,0.076714,1.776800,0.066700,1.700300,0.006791,
cl_complexbufferprocessing_pinned,780.578200,0.078058,2.043700,0.067600,1.968300,0.005696,
cl_simplebuffersynthesis_standard,768.375100,0.076838,2.207900,0.064000,2.129200,0.008265,
cl_simplebuffersynthesis_pinned,766.402700,0.076640,1.888600,0.065400,1.799900,0.006672,
cl_complexbuffersynthesis_standard,67052.129700,6.705213,9.960000,6.195500,7.880700,0.500114,
cl_interruptedbufferprocessing_standard,1535.114900,0.077332,1.935900,0.061600,1.820600,0.008517,
cl_interruptedbufferprocessing_pinned,1548.481000,0.078005,1.860300,0.063600,1.786000,0.007409,
