Test_Name,Total_Time,Average_Time,Max_Time,Min_Time,Max_Difference,Average_Difference,
cl_nullkernel,4.547000,0.000455,0.020400,0.000300,0.019900,0.000082,
cl_cputogpu_standard,16.575100,0.001658,0.028300,0.001300,0.026200,0.000386,
cl_cputogpu_mappedbuffer,20.195100,0.002020,0.036600,0.001500,0.034800,0.000444,
cl_gputocpu_standard,14.003400,0.001400,0.054200,0.001000,0.052800,0.000515,
cl_gputocpu_pinned,16.570500,0.001657,0.024400,0.001400,0.022700,0.000156,
cl_cputogputocpu_standard,28.905100,0.002891,0.030900,0.001300,0.029100,0.000367,
cl_cputogputocpu_pinned,33.964900,0.003396,0.030300,0.001600,0.028300,0.000406,
cl_devicetransfer_standard,750.278100,0.075028,2.096200,0.062800,1.982200,0.005415,
cl_devicetransfer_pinned,866.275000,0.086628,2.251500,0.073300,2.157000,0.010355,
cl_devicetransferkernel_standard,724.468500,0.072447,1.886700,0.057900,1.780900,0.007964,
cl_devicetransferkernel_pinned,735.773500,0.073577,2.316100,0.058100,2.239300,0.009195,
cl_simplebufferprocessing_standard,731.758600,0.073176,1.792700,0.061300,1.695600,0.008100,
cl_simplebufferprocessing_pinned,772.864600,0.077286,2.599800,0.061700,2.520400,0.009779,
cl_complexbufferprocessing_standard,734.922200,0.073492,1.603500,0.061700,1.414600,0.007523,
cl_complexbufferprocessing_pinned,766.509600,0.076651,1.588400,0.062700,1.473400,0.008370,
cl_simplebuffersynthesis_standard,746.849700,0.074685,2.230000,0.066900,2.137500,0.005520,
cl_simplebuffersynthesis_pinned,772.257900,0.077226,1.931800,0.065100,1.841000,0.006768,
cl_complexbuffersynthesis_standard,1025.347300,0.102535,5.314700,0.088700,5.208100,0.011224,
cl_interruptedbufferprocessing_standard,1504.299900,0.075780,2.716800,0.060800,2.643200,0.008796,
cl_interruptedbufferprocessing_pinned,1478.197600,0.074465,1.980200,0.063000,1.883400,0.004853,
