Test_Name,Total_Time,Average_Time,Max_Time,Min_Time,Max_Difference,Average_Difference,
cl_nullkernel,4.466800,0.000447,0.021700,0.000400,0.021300,0.000080,
cl_cputogpu_standard,16.334600,0.001633,0.031000,0.001400,0.029400,0.000252,
cl_cputogpu_mappedbuffer,20.882400,0.002088,0.027900,0.001700,0.025500,0.000383,
cl_gputocpu_standard,22.793700,0.002279,0.058300,0.001100,0.057000,0.001821,
cl_gputocpu_pinned,17.112600,0.001711,0.027100,0.001400,0.025300,0.000300,
cl_cputogputocpu_standard,31.119700,0.003112,0.029700,0.001400,0.028000,0.000293,
cl_cputogputocpu_pinned,48.477000,0.004848,0.062000,0.001800,0.059600,0.000341,
cl_devicetransfer_standard,714.934600,0.071493,1.727900,0.060900,1.622000,0.005311,
cl_devicetransfer_pinned,715.966000,0.071597,1.523400,0.060600,1.434600,0.005200,
cl_devicetransferkernel_standard,722.264000,0.072226,1.825100,0.060200,1.753800,0.006688,
cl_devicetransferkernel_pinned,711.110300,0.071111,1.670800,0.059500,1.534600,0.005529,
cl_simplebufferprocessing_standard,732.743400,0.073274,1.684500,0.063400,1.606500,0.006199,
cl_simplebufferprocessing_pinned,758.954700,0.075895,1.564600,0.065400,1.485500,0.006050,
cl_complexbufferprocessing_standard,773.959900,0.077396,2.192600,0.066300,2.116800,0.007473,
cl_complexbufferprocessing_pinned,781.014900,0.078101,1.500900,0.067600,1.419400,0.006838,
cl_simplebuffersynthesis_standard,743.208100,0.074321,2.351300,0.064400,2.245500,0.006044,
cl_simplebuffersynthesis_pinned,910.889700,0.091089,1.285500,0.066700,1.188400,0.011155,
cl_complexbuffersynthesis_standard,34366.311300,3.436631,5.843200,3.150000,3.597400,0.298329,
cl_interruptedbufferprocessing_standard,1470.182200,0.074061,2.704400,0.062200,2.621300,0.006545,
cl_interruptedbufferprocessing_pinned,1615.019800,0.081357,2.163600,0.065900,2.061300,0.005506,
