Test_Name,Total_Time,Average_Time,Max_Time,Min_Time,Max_Difference,Average_Difference,
cl_nullkernel,4.550000,0.000455,0.027800,0.000300,0.027400,0.000105,
cl_cputogpu_standard,16.582900,0.001658,0.028900,0.001300,0.027300,0.000342,
cl_cputogpu_mappedbuffer,24.977500,0.002498,0.067100,0.001600,0.064600,0.000811,
cl_gputocpu_standard,21.460700,0.002146,0.071200,0.001000,0.067700,0.001623,
cl_gputocpu_pinned,27.926600,0.002793,0.059900,0.001400,0.058200,0.001765,
cl_cputogputocpu_standard,29.334800,0.002933,0.030000,0.001300,0.028200,0.000288,
cl_cputogputocpu_pinned,34.289900,0.003429,0.049600,0.001700,0.047700,0.000268,
cl_devicetransfer_standard,698.439200,0.069844,2.322600,0.060700,2.244200,0.004803,
cl_devicetransfer_pinned,741.065300,0.074107,2.297700,0.063600,2.193700,0.007723,
cl_devicetransferkernel_standard,722.950900,0.072295,1.555800,0.058300,1.484600,0.007604,
cl_devicetransferkernel_pinned,870.860700,0.087086,2.712500,0.069600,2.579700,0.009624,
cl_simplebufferprocessing_standard,732.125900,0.073213,1.973900,0.061100,1.875400,0.007276,
cl_simplebufferprocessing_pinned,887.119400,0.088712,2.640500,0.063500,2.563700,0.011351,
cl_complexbufferprocessing_standard,747.505300,0.074751,1.860600,0.064000,1.753300,0.008198,
cl_complexbufferprocessing_pinned,757.048000,0.075705,1.584400,0.062200,1.493100,0.007016,
cl_simplebuffersynthesis_standard,756.246300,0.075625,1.973200,0.061700,1.901200,0.005821,
cl_simplebuffersynthesis_pinned,777.600800,0.077760,2.091700,0.062600,1.933500,0.008807,
cl_complexbuffersynthesis_standard,1282.838500,0.128284,2.987500,0.107100,2.817800,0.014334,
cl_interruptedbufferprocessing_standard,1512.607900,0.076198,2.800600,0.061600,2.726500,0.007932,
cl_interruptedbufferprocessing_pinned,1510.179700,0.076076,1.749900,0.062600,1.665200,0.006650,
