Test_Name,Total_Time,Average_Time,Max_Time,Min_Time,Max_Difference,Average_Difference,
cl_nullkernel,4.463800,0.000446,0.019900,0.000400,0.019500,0.000080,
cl_cputogpu_standard,15.904500,0.001590,0.030000,0.001300,0.028500,0.000135,
cl_cputogpu_mappedbuffer,20.469400,0.002047,0.066500,0.001600,0.064700,0.000337,
cl_gputocpu_standard,13.113600,0.001311,0.023600,0.001000,0.022000,0.000218,
cl_gputocpu_pinned,16.936200,0.001694,0.026600,0.001400,0.025000,0.000250,
cl_cputogputocpu_standard,29.400900,0.002940,0.030800,0.001300,0.029200,0.000156,
cl_cputogputocpu_pinned,34.678400,0.003468,0.029200,0.001600,0.027400,0.000223,
cl_devicetransfer_standard,853.314300,0.085331,2.415500,0.074300,2.299400,0.009497,
cl_devicetransfer_pinned,707.492500,0.070749,2.199200,0.060400,2.123600,0.006432,
cl_devicetransferkernel_standard,711.453700,0.071145,2.446400,0.058000,2.325700,0.006319,
cl_devicetransferkernel_pinned,703.377900,0.070338,2.554800,0.057800,2.479200,0.005268,
cl_simplebufferprocessing_standard,752.441500,0.075244,2.408300,0.061800,2.284800,0.007176,
cl_simplebufferprocessing_pinned,745.823500,0.074582,2.154500,0.064200,2.060900,0.005574,
cl_complexbufferprocessing_standard,745.563500,0.074556,2.521500,0.064200,2.444600,0.005577,
cl_complexbufferprocessing_pinned,777.609800,0.077761,2.425400,0.065400,2.327600,0.006969,
cl_simplebuffersynthesis_standard,759.085900,0.075909,1.141300,0.061100,1.065800,0.008152,
cl_simplebuffersynthesis_pinned,754.239800,0.075424,1.964500,0.065400,1.875200,0.007654,
cl_complexbuffersynthesis_standard,2975.370400,0.297537,2.877400,0.248600,2.608900,0.025341,
cl_interruptedbufferprocessing_standard,1667.315700,0.083992,1.393800,0.060100,1.290700,0.009499,
cl_interruptedbufferprocessing_pinned,1658.841700,0.083565,2.073900,0.065300,1.974300,0.007160,
