Test_Name,Total_Time,Average_Time,Max_Time,Min_Time,Max_Difference,Average_Difference,
cl_nullkernel,4.305400,0.000431,0.021800,0.000300,0.021400,0.000068,
cl_cputogpu_standard,15.792100,0.001579,0.032500,0.001300,0.030700,0.000198,
cl_cputogpu_mappedbuffer,20.529800,0.002053,0.028500,0.001700,0.023400,0.000305,
cl_gputocpu_standard,12.504400,0.001250,0.022700,0.001100,0.021300,0.000102,
cl_gputocpu_pinned,17.799700,0.001780,0.027200,0.001400,0.025400,0.000253,
cl_cputogputocpu_standard,29.379500,0.002938,0.035600,0.001300,0.032500,0.000171,
cl_cputogputocpu_pinned,35.275600,0.003528,0.028600,0.001700,0.026500,0.000313,
cl_devicetransfer_standard,871.405900,0.087141,2.525500,0.066700,2.411200,0.009567,
cl_devicetransfer_pinned,872.079900,0.087208,1.384600,0.070700,1.311400,0.009305,
cl_devicetransferkernel_standard,718.852600,0.071885,2.163100,0.057700,2.087800,0.006857,
cl_devicetransferkernel_pinned,704.535800,0.070454,2.465000,0.059000,2.388200,0.005558,
cl_simplebufferprocessing_standard,752.661800,0.075266,2.615400,0.063300,2.538200,0.007439,
cl_simplebufferprocessing_pinned,879.825400,0.087983,1.918800,0.066300,1.820700,0.007126,
cl_complexbufferprocessing_standard,752.241700,0.075224,2.685300,0.064700,2.588600,0.006964,
cl_complexbufferprocessing_pinned,773.154600,0.077315,2.376100,0.067200,2.295100,0.006349,
cl_simplebuffersynthesis_standard,742.560400,0.074256,2.699300,0.063400,2.605200,0.006436,
cl_simplebuffersynthesis_pinned,754.120500,0.075412,1.807000,0.065100,1.721900,0.007497,
cl_complexbuffersynthesis_standard,5264.391300,0.526439,2.276200,0.442900,1.732700,0.054949,
cl_interruptedbufferprocessing_standard,1475.806000,0.074344,1.921700,0.060900,1.828700,0.006283,
cl_interruptedbufferprocessing_pinned,1457.900000,0.073442,1.971400,0.064800,1.899500,0.004291,
