Test_Name,Total_Time,Average_Time,Max_Time,Min_Time,Max_Difference,Average_Difference,
cl_nullkernel,4.820100,0.000482,0.019900,0.000400,0.019400,0.000076,
cl_cputogpu_standard,16.535400,0.001654,0.040200,0.001400,0.038500,0.000298,
cl_cputogpu_mappedbuffer,21.231000,0.002123,0.028400,0.001700,0.026000,0.000447,
cl_gputocpu_standard,12.627000,0.001263,0.024000,0.001100,0.022900,0.000146,
cl_gputocpu_pinned,16.888900,0.001689,0.024900,0.001500,0.023100,0.000207,
cl_cputogputocpu_standard,29.483800,0.002948,0.028000,0.001400,0.025100,0.000222,
cl_cputogputocpu_pinned,112.166000,0.011217,0.105700,0.001700,0.103600,0.001112,
cl_devicetransfer_standard,870.317700,0.087032,3.829600,0.061000,3.692800,0.024062,
cl_devicetransfer_pinned,808.207700,0.080821,3.043600,0.062100,2.943300,0.020145,
cl_devicetransferkernel_standard,710.763900,0.071076,2.580400,0.060800,2.513300,0.005738,
cl_devicetransferkernel_pinned,720.407400,0.072041,2.216200,0.059200,2.116700,0.007120,
cl_simplebufferprocessing_standard,727.771500,0.072777,1.537100,0.063100,1.458100,0.006368,
cl_simplebufferprocessing_pinned,810.812300,0.081081,2.211600,0.064300,2.132400,0.007245,
cl_complexbufferprocessing_standard,780.932600,0.078093,1.945300,0.065500,1.870500,0.007741,
cl_complexbufferprocessing_pinned,779.667200,0.077967,1.884900,0.066400,1.807600,0.007707,
cl_simplebuffersynthesis_standard,739.690700,0.073969,1.161100,0.063700,1.083600,0.005608,
cl_simplebuffersynthesis_pinned,801.710100,0.080171,1.639100,0.065600,1.559200,0.008769,
cl_complexbuffersynthesis_standard,17834.713900,1.783471,5.208600,1.591500,3.450100,0.152193,
cl_interruptedbufferprocessing_standard,1490.988600,0.075109,1.870900,0.062100,1.798000,0.006826,
cl_interruptedbufferprocessing_pinned,1515.773400,0.076358,2.109300,0.063200,2.031700,0.006907,
