Test_Name,Total_Time,Average_Time,Max_Time,Min_Time,Max_Difference,Average_Difference,
cl_nullkernel,4.435700,0.000444,0.019700,0.000400,0.019300,0.000078,
cl_cputogpu_standard,17.097400,0.001710,0.030400,0.001400,0.028800,0.000312,
cl_cputogpu_mappedbuffer,22.015700,0.002202,0.033100,0.001700,0.028200,0.000476,
cl_gputocpu_standard,13.203400,0.001320,0.024300,0.001100,0.023000,0.000210,
cl_gputocpu_pinned,17.464800,0.001746,0.068800,0.001400,0.067300,0.000289,
cl_cputogputocpu_standard,30.239900,0.003024,0.033200,0.001400,0.031600,0.000267,
cl_cputogputocpu_pinned,36.161800,0.003616,0.031400,0.001800,0.029200,0.000262,
cl_devicetransfer_standard,789.504600,0.078950,2.127100,0.065000,2.046000,0.006126,
cl_devicetransfer_pinned,740.157400,0.074016,2.393800,0.060400,2.317600,0.007838,
cl_devicetransferkernel_standard,711.558100,0.071156,1.856500,0.059300,1.785900,0.006338,
cl_devicetransferkernel_pinned,707.319800,0.070732,1.562700,0.059600,1.485200,0.005314,
cl_simplebufferprocessing_standard,740.132400,0.074013,2.267400,0.063700,2.194200,0.006152,
cl_simplebufferprocessing_pinned,784.194000,0.078419,2.258700,0.064900,2.180100,0.007880,
cl_complexbufferprocessing_standard,771.824600,0.077182,2.034800,0.066600,1.948500,0.006786,
cl_complexbufferprocessing_pinned,794.364600,0.079436,1.531600,0.067100,1.448900,0.006395,
cl_simplebuffersynthesis_standard,758.743300,0.075874,2.417800,0.064300,2.322100,0.007129,
cl_simplebuffersynthesis_pinned,774.593800,0.077459,1.812100,0.066600,1.733800,0.008791,
cl_complexbuffersynthesis_standard,136512.929900,13.651293,23.722900,12.517800,16.026200,0.822068,
cl_interruptedbufferprocessing_standard,1554.090700,0.078288,1.657600,0.062000,1.566100,0.008016,
cl_interruptedbufferprocessing_pinned,1630.636700,0.082144,1.961100,0.063400,1.831000,0.009002,
