Test_Name,Total_Time,Average_Time,Max_Time,Min_Time,Max_Difference,Average_Difference,
cl_nullkernel,0.010200,0.010200,0.010200,0.010200,0.010200,0.010200,
cl_cputogpu_standard,0.062900,0.062900,0.062900,0.062900,0.062900,0.062900,
cl_cputogpu_mappedbuffer,0.072100,0.072100,0.072100,0.072100,0.072100,0.072100,
cl_gputocpu_standard,0.047400,0.047400,0.047400,0.047400,0.047400,0.047400,
cl_gputocpu_pinned,0.038500,0.038500,0.038500,0.038500,0.038500,0.038500,
cl_cputogputocpu_standard,0.077200,0.077200,0.022500,0.022500,0.022500,0.022500,
cl_cputogputocpu_pinned,0.081300,0.081300,0.057300,0.057300,0.057300,0.057300,
cl_devicetransfer_standard,0.048100,0.048100,0.048100,0.048100,0.048100,0.048100,
cl_devicetransfer_pinned,0.059100,0.059100,0.059100,0.059100,0.059100,0.059100,
cl_devicetransferkernel_standard,0.112300,0.112300,0.112300,0.112300,0.112300,0.112300,
cl_devicetransferkernel_pinned,0.085800,0.085800,0.085800,0.085800,0.085800,0.085800,
cl_simplebufferprocessing_standard,0.291100,0.291100,0.291100,0.291100,0.291100,0.291100,
cl_simplebufferprocessing_pinned,0.290700,0.290700,0.290700,0.290700,0.290700,0.290700,
cl_complexbufferprocessing_standard,0.199300,0.199300,0.199300,0.199300,0.199300,0.199300,
cl_complexbufferprocessing_pinned,0.262100,0.262100,0.262100,0.262100,0.262100,0.262100,
cl_simplebuffersynthesis_standard,0.127800,0.127800,0.127800,0.127800,0.127800,0.127800,
cl_simplebuffersynthesis_pinned,0.042800,0.042800,0.042800,0.042800,0.042800,0.042800,
cl_complexbuffersynthesis_standard,8.015600,8.015600,8.015600,8.015600,8.015600,8.015600,
cl_complexbuffersynthesis_pinned,5.009000,5.009000,5.009000,5.009000,5.009000,5.009000,
cl_interruptedbufferprocessing_standard,0.159900,0.159900,0.159900,0.159900,0.159900,0.159900,
cl_interruptedbufferprocessing_pinned,0.154300,0.154300,0.154300,0.154300,0.154300,0.154300,
