Test_Name,Total_Time,Average_Time,Max_Time,Min_Time,Max_Difference,Average_Difference,
cl_nullkernel,0.009600,0.009600,0.009600,0.009600,0.009600,0.009600,
cl_cputogpu_standard,0.055200,0.055200,0.055200,0.055200,0.055200,0.055200,
cl_cputogpu_mappedbuffer,0.052000,0.052000,0.052000,0.052000,0.052000,0.052000,
cl_gputocpu_standard,0.090200,0.090200,0.090200,0.090200,0.090200,0.090200,
cl_gputocpu_pinned,0.084200,0.084200,0.084200,0.084200,0.084200,0.084200,
cl_cputogputocpu_standard,0.149600,0.149600,0.069000,0.069000,0.069000,0.069000,
cl_cputogputocpu_pinned,0.200700,0.200700,0.075800,0.075800,0.075800,0.075800,
cl_devicetransfer_standard,0.060800,0.060800,0.060800,0.060800,0.060800,0.060800,
cl_devicetransfer_pinned,0.066300,0.066300,0.066300,0.066300,0.066300,0.066300,
cl_devicetransferkernel_standard,0.026300,0.026300,0.026300,0.026300,0.026300,0.026300,
cl_devicetransferkernel_pinned,0.041100,0.041100,0.041100,0.041100,0.041100,0.041100,
cl_simplebufferprocessing_standard,0.253500,0.253500,0.253500,0.253500,0.253500,0.253500,
cl_simplebufferprocessing_pinned,0.290600,0.290600,0.290600,0.290600,0.290600,0.290600,
cl_complexbufferprocessing_standard,0.306000,0.306000,0.306000,0.306000,0.306000,0.306000,
cl_complexbufferprocessing_pinned,0.239000,0.239000,0.239000,0.239000,0.239000,0.239000,
cl_simplebuffersynthesis_standard,0.112100,0.112100,0.112100,0.112100,0.112100,0.112100,
cl_simplebuffersynthesis_pinned,0.265600,0.265600,0.265600,0.265600,0.265600,0.265600,
cl_complexbuffersynthesis_standard,0.854800,0.854800,0.854800,0.854800,0.854800,0.854800,
cl_complexbuffersynthesis_pinned,0.413300,0.413300,0.413300,0.413300,0.413300,0.413300,
cl_interruptedbufferprocessing_standard,0.115900,0.115900,0.115900,0.115900,0.115900,0.115900,
cl_interruptedbufferprocessing_pinned,0.136800,0.136800,0.136800,0.136800,0.136800,0.136800,
