Test_Name,Total_Time,Average_Time,Max_Time,Min_Time,Max_Difference,Average_Difference,
cl_nullkernel,0.010200,0.010200,0.010200,0.010200,0.010200,0.010200,
cl_cputogpu_standard,0.055800,0.055800,0.055800,0.055800,0.055800,0.055800,
cl_cputogpu_mappedbuffer,0.039300,0.039300,0.039300,0.039300,0.039300,0.039300,
cl_gputocpu_standard,0.042400,0.042400,0.042400,0.042400,0.042400,0.042400,
cl_gputocpu_pinned,0.045000,0.045000,0.045000,0.045000,0.045000,0.045000,
cl_cputogputocpu_standard,0.111000,0.111000,0.076300,0.076300,0.076300,0.076300,
cl_cputogputocpu_pinned,0.139400,0.139400,0.047400,0.047400,0.047400,0.047400,
cl_devicetransfer_standard,0.044100,0.044100,0.044100,0.044100,0.044100,0.044100,
cl_devicetransfer_pinned,0.056100,0.056100,0.056100,0.056100,0.056100,0.056100,
cl_devicetransferkernel_standard,0.103400,0.103400,0.103400,0.103400,0.103400,0.103400,
cl_devicetransferkernel_pinned,0.029100,0.029100,0.029100,0.029100,0.029100,0.029100,
cl_simplebufferprocessing_standard,0.255700,0.255700,0.255700,0.255700,0.255700,0.255700,
cl_simplebufferprocessing_pinned,0.350200,0.350200,0.350200,0.350200,0.350200,0.350200,
cl_complexbufferprocessing_standard,0.287900,0.287900,0.287900,0.287900,0.287900,0.287900,
cl_complexbufferprocessing_pinned,0.107800,0.107800,0.107800,0.107800,0.107800,0.107800,
cl_simplebuffersynthesis_standard,0.187400,0.187400,0.187400,0.187400,0.187400,0.187400,
cl_simplebuffersynthesis_pinned,0.577800,0.577800,0.577800,0.577800,0.577800,0.577800,
cl_complexbuffersynthesis_standard,0.221700,0.221700,0.221700,0.221700,0.221700,0.221700,
cl_complexbuffersynthesis_pinned,0.095300,0.095300,0.095300,0.095300,0.095300,0.095300,
cl_interruptedbufferprocessing_standard,0.131500,0.131500,0.131500,0.131500,0.131500,0.131500,
cl_interruptedbufferprocessing_pinned,0.175800,0.175800,0.175800,0.175800,0.175800,0.175800,
