Test_Name,Total_Time,Average_Time,Max_Time,Min_Time,Max_Difference,Average_Difference,
cl_nullkernel,0.002900,0.002900,0.002900,0.002900,0.002900,0.002900,
cl_cputogpu_standard,0.026100,0.026100,0.026100,0.026100,0.026100,0.026100,
cl_cputogpu_mappedbuffer,0.065400,0.065400,0.065400,0.065400,0.065400,0.065400,
cl_gputocpu_standard,0.066400,0.066400,0.066400,0.066400,0.066400,0.066400,
cl_gputocpu_pinned,0.030300,0.030300,0.030300,0.030300,0.030300,0.030300,
cl_cputogputocpu_standard,0.161200,0.161200,0.091600,0.091600,0.091600,0.091600,
cl_cputogputocpu_pinned,0.182200,0.182200,0.063200,0.063200,0.063200,0.063200,
cl_devicetransfer_standard,0.043700,0.043700,0.043700,0.043700,0.043700,0.043700,
cl_devicetransfer_pinned,0.045000,0.045000,0.045000,0.045000,0.045000,0.045000,
cl_devicetransferkernel_standard,0.162800,0.162800,0.162800,0.162800,0.162800,0.162800,
cl_devicetransferkernel_pinned,0.082000,0.082000,0.082000,0.082000,0.082000,0.082000,
cl_simplebufferprocessing_standard,0.137800,0.137800,0.137800,0.137800,0.137800,0.137800,
cl_simplebufferprocessing_pinned,0.167200,0.167200,0.167200,0.167200,0.167200,0.167200,
cl_complexbufferprocessing_standard,0.238100,0.238100,0.238100,0.238100,0.238100,0.238100,
cl_complexbufferprocessing_pinned,0.275700,0.275700,0.275700,0.275700,0.275700,0.275700,
cl_simplebuffersynthesis_standard,0.037900,0.037900,0.037900,0.037900,0.037900,0.037900,
cl_simplebuffersynthesis_pinned,0.113300,0.113300,0.113300,0.113300,0.113300,0.113300,
cl_complexbuffersynthesis_standard,0.219100,0.219100,0.219100,0.219100,0.219100,0.219100,
cl_complexbuffersynthesis_pinned,0.029700,0.029700,0.029700,0.029700,0.029700,0.029700,
cl_interruptedbufferprocessing_standard,0.223200,0.223200,0.223200,0.223200,0.223200,0.223200,
cl_interruptedbufferprocessing_pinned,0.168900,0.168900,0.168900,0.168900,0.168900,0.168900,
