Test_Name,Total_Time,Average_Time,Max_Time,Min_Time,Max_Difference,Average_Difference,
cl_nullkernel,0.009700,0.009700,0.009700,0.009700,0.009700,0.009700,
cl_cputogpu_standard,0.052700,0.052700,0.052700,0.052700,0.052700,0.052700,
cl_cputogpu_mappedbuffer,0.111400,0.111400,0.111400,0.111400,0.111400,0.111400,
cl_gputocpu_standard,0.219700,0.219700,0.219700,0.219700,0.219700,0.219700,
cl_gputocpu_pinned,0.048600,0.048600,0.048600,0.048600,0.048600,0.048600,
cl_cputogputocpu_standard,0.030800,0.030800,0.019900,0.019900,0.019900,0.019900,
cl_cputogputocpu_pinned,0.121500,0.121500,0.052300,0.052300,0.052300,0.052300,
cl_devicetransfer_standard,0.041800,0.041800,0.041800,0.041800,0.041800,0.041800,
cl_devicetransfer_pinned,0.054200,0.054200,0.054200,0.054200,0.054200,0.054200,
cl_devicetransferkernel_standard,0.113900,0.113900,0.113900,0.113900,0.113900,0.113900,
cl_devicetransferkernel_pinned,0.146800,0.146800,0.146800,0.146800,0.146800,0.146800,
cl_simplebufferprocessing_standard,0.293800,0.293800,0.293800,0.293800,0.293800,0.293800,
cl_simplebufferprocessing_pinned,0.312900,0.312900,0.312900,0.312900,0.312900,0.312900,
cl_complexbufferprocessing_standard,0.354800,0.354800,0.354800,0.354800,0.354800,0.354800,
cl_complexbufferprocessing_pinned,0.329700,0.329700,0.329700,0.329700,0.329700,0.329700,
cl_simplebuffersynthesis_standard,0.203000,0.203000,0.203000,0.203000,0.203000,0.203000,
cl_simplebuffersynthesis_pinned,0.040300,0.040300,0.040300,0.040300,0.040300,0.040300,
cl_complexbuffersynthesis_standard,0.189400,0.189400,0.189400,0.189400,0.189400,0.189400,
cl_complexbuffersynthesis_pinned,0.118600,0.118600,0.118600,0.118600,0.118600,0.118600,
cl_interruptedbufferprocessing_standard,0.111200,0.111200,0.111200,0.111200,0.111200,0.111200,
cl_interruptedbufferprocessing_pinned,0.213900,0.213900,0.213900,0.213900,0.213900,0.213900,
