Test_Name,Total_Time,Average_Time,Max_Time,Min_Time,Max_Difference,Average_Difference,
cl_nullkernel,0.009200,0.009200,0.009200,0.009200,0.009200,0.009200,
cl_cputogpu_standard,0.106300,0.106300,0.106300,0.106300,0.106300,0.106300,
cl_cputogpu_mappedbuffer,0.144900,0.144900,0.144900,0.144900,0.144900,0.144900,
cl_gputocpu_standard,0.033700,0.033700,0.033700,0.033700,0.033700,0.033700,
cl_gputocpu_pinned,0.071700,0.071700,0.071700,0.071700,0.071700,0.071700,
cl_cputogputocpu_standard,0.128900,0.128900,0.061600,0.061600,0.061600,0.061600,
cl_cputogputocpu_pinned,0.164200,0.164200,0.073900,0.073900,0.073900,0.073900,
cl_devicetransfer_standard,0.068100,0.068100,0.068100,0.068100,0.068100,0.068100,
cl_devicetransfer_pinned,0.066900,0.066900,0.066900,0.066900,0.066900,0.066900,
cl_devicetransferkernel_standard,0.106700,0.106700,0.106700,0.106700,0.106700,0.106700,
cl_devicetransferkernel_pinned,0.125800,0.125800,0.125800,0.125800,0.125800,0.125800,
cl_simplebufferprocessing_standard,0.344100,0.344100,0.344100,0.344100,0.344100,0.344100,
cl_simplebufferprocessing_pinned,0.194700,0.194700,0.194700,0.194700,0.194700,0.194700,
cl_complexbufferprocessing_standard,0.261300,0.261300,0.261300,0.261300,0.261300,0.261300,
cl_complexbufferprocessing_pinned,0.285600,0.285600,0.285600,0.285600,0.285600,0.285600,
cl_simplebuffersynthesis_standard,0.144900,0.144900,0.144900,0.144900,0.144900,0.144900,
cl_simplebuffersynthesis_pinned,0.040300,0.040300,0.040300,0.040300,0.040300,0.040300,
cl_complexbuffersynthesis_standard,17.890400,17.890400,17.890400,17.890400,17.890400,17.890400,
cl_complexbuffersynthesis_pinned,12.864300,12.864300,12.864300,12.864300,12.864300,12.864300,
cl_interruptedbufferprocessing_standard,0.164900,0.164900,0.164900,0.164900,0.164900,0.164900,
cl_interruptedbufferprocessing_pinned,0.109900,0.109900,0.109900,0.109900,0.109900,0.109900,
