Test_Name,Total_Time,Average_Time,Max_Time,Min_Time,Max_Difference,Average_Difference,
cl_nullkernel,0.013000,0.013000,0.013000,0.013000,0.013000,0.013000,
cl_cputogpu_standard,0.063500,0.063500,0.063500,0.063500,0.063500,0.063500,
cl_cputogpu_mappedbuffer,0.048500,0.048500,0.048500,0.048500,0.048500,0.048500,
cl_gputocpu_standard,0.030100,0.030100,0.030100,0.030100,0.030100,0.030100,
cl_gputocpu_pinned,0.029700,0.029700,0.029700,0.029700,0.029700,0.029700,
cl_cputogputocpu_standard,0.095400,0.095400,0.060300,0.060300,0.060300,0.060300,
cl_cputogputocpu_pinned,0.085100,0.085100,0.029300,0.029300,0.029300,0.029300,
cl_devicetransfer_standard,0.071000,0.071000,0.071000,0.071000,0.071000,0.071000,
cl_devicetransfer_pinned,0.052000,0.052000,0.052000,0.052000,0.052000,0.052000,
cl_devicetransferkernel_standard,0.098200,0.098200,0.098200,0.098200,0.098200,0.098200,
cl_devicetransferkernel_pinned,0.091000,0.091000,0.091000,0.091000,0.091000,0.091000,
cl_simplebufferprocessing_standard,0.248400,0.248400,0.248400,0.248400,0.248400,0.248400,
cl_simplebufferprocessing_pinned,0.255900,0.255900,0.255900,0.255900,0.255900,0.255900,
cl_complexbufferprocessing_standard,0.170800,0.170800,0.170800,0.170800,0.170800,0.170800,
cl_complexbufferprocessing_pinned,0.252000,0.252000,0.252000,0.252000,0.252000,0.252000,
cl_simplebuffersynthesis_standard,0.140200,0.140200,0.140200,0.140200,0.140200,0.140200,
cl_simplebuffersynthesis_pinned,0.226000,0.226000,0.226000,0.226000,0.226000,0.226000,
cl_complexbuffersynthesis_standard,4.333700,4.333700,4.333700,4.333700,4.333700,4.333700,
cl_complexbuffersynthesis_pinned,3.527400,3.527400,3.527400,3.527400,3.527400,3.527400,
cl_interruptedbufferprocessing_standard,0.063800,0.063800,0.063800,0.063800,0.063800,0.063800,
cl_interruptedbufferprocessing_pinned,0.198100,0.198100,0.198100,0.198100,0.198100,0.198100,
