Test_Name,Total_Time,Average_Time,Max_Time,Min_Time,Max_Difference,Average_Difference,
cl_nullkernel,0.010000,0.010000,0.010000,0.010000,0.010000,0.010000,
cl_cputogpu_standard,0.048200,0.048200,0.048200,0.048200,0.048200,0.048200,
cl_cputogpu_mappedbuffer,0.102000,0.102000,0.102000,0.102000,0.102000,0.102000,
cl_gputocpu_standard,0.055200,0.055200,0.055200,0.055200,0.055200,0.055200,
cl_gputocpu_pinned,0.062200,0.062200,0.062200,0.062200,0.062200,0.062200,
cl_cputogputocpu_standard,0.146800,0.146800,0.050000,0.050000,0.050000,0.050000,
cl_cputogputocpu_pinned,0.081600,0.081600,0.055300,0.055300,0.055300,0.055300,
cl_devicetransfer_standard,0.045800,0.045800,0.045800,0.045800,0.045800,0.045800,
cl_devicetransfer_pinned,0.041600,0.041600,0.041600,0.041600,0.041600,0.041600,
cl_devicetransferkernel_standard,0.111000,0.111000,0.111000,0.111000,0.111000,0.111000,
cl_devicetransferkernel_pinned,0.045300,0.045300,0.045300,0.045300,0.045300,0.045300,
cl_simplebufferprocessing_standard,0.170200,0.170200,0.170200,0.170200,0.170200,0.170200,
cl_simplebufferprocessing_pinned,0.267000,0.267000,0.267000,0.267000,0.267000,0.267000,
cl_complexbufferprocessing_standard,0.273900,0.273900,0.273900,0.273900,0.273900,0.273900,
cl_complexbufferprocessing_pinned,0.235000,0.235000,0.235000,0.235000,0.235000,0.235000,
cl_simplebuffersynthesis_standard,0.182600,0.182600,0.182600,0.182600,0.182600,0.182600,
cl_simplebuffersynthesis_pinned,0.062500,0.062500,0.062500,0.062500,0.062500,0.062500,
cl_complexbuffersynthesis_standard,0.465000,0.465000,0.465000,0.465000,0.465000,0.465000,
cl_complexbuffersynthesis_pinned,0.235000,0.235000,0.235000,0.235000,0.235000,0.235000,
cl_interruptedbufferprocessing_standard,0.200700,0.200700,0.200700,0.200700,0.200700,0.200700,
cl_interruptedbufferprocessing_pinned,0.162900,0.162900,0.162900,0.162900,0.162900,0.162900,
