Test_Name,Total_Time,Average_Time,Max_Time,Min_Time,Max_Difference,Average_Difference,
cl_nullkernel,0.010900,0.010900,0.010900,0.010900,0.010900,0.010900,
cl_cputogpu_standard,0.038700,0.038700,0.038700,0.038700,0.038700,0.038700,
cl_cputogpu_mappedbuffer,0.105100,0.105100,0.105100,0.105100,0.105100,0.105100,
cl_gputocpu_standard,0.128000,0.128000,0.128000,0.128000,0.128000,0.128000,
cl_gputocpu_pinned,0.031600,0.031600,0.031600,0.031600,0.031600,0.031600,
cl_cputogputocpu_standard,0.128600,0.128600,0.056200,0.056200,0.056200,0.056200,
cl_cputogputocpu_pinned,0.218000,0.218000,0.064400,0.064400,0.064400,0.064400,
cl_devicetransfer_standard,0.047100,0.047100,0.047100,0.047100,0.047100,0.047100,
cl_devicetransfer_pinned,0.098300,0.098300,0.098300,0.098300,0.098300,0.098300,
cl_devicetransferkernel_standard,0.174300,0.174300,0.174300,0.174300,0.174300,0.174300,
cl_devicetransferkernel_pinned,0.132100,0.132100,0.132100,0.132100,0.132100,0.132100,
cl_simplebufferprocessing_standard,0.085000,0.085000,0.085000,0.085000,0.085000,0.085000,
cl_simplebufferprocessing_pinned,0.130000,0.130000,0.130000,0.130000,0.130000,0.130000,
cl_complexbufferprocessing_standard,0.149600,0.149600,0.149600,0.149600,0.149600,0.149600,
cl_complexbufferprocessing_pinned,0.162200,0.162200,0.162200,0.162200,0.162200,0.162200,
cl_simplebuffersynthesis_standard,0.073500,0.073500,0.073500,0.073500,0.073500,0.073500,
cl_simplebuffersynthesis_pinned,0.179700,0.179700,0.179700,0.179700,0.179700,0.179700,
cl_complexbuffersynthesis_standard,2.007600,2.007600,2.007600,2.007600,2.007600,2.007600,
cl_complexbuffersynthesis_pinned,1.555000,1.555000,1.555000,1.555000,1.555000,1.555000,
cl_interruptedbufferprocessing_standard,0.145300,0.145300,0.145300,0.145300,0.145300,0.145300,
cl_interruptedbufferprocessing_pinned,0.193500,0.193500,0.193500,0.193500,0.193500,0.193500,
