Test_Name,Total_Time,Average_Time,Max_Time,Min_Time,Max_Difference,Average_Difference,
cl_nullkernel,0.009500,0.009500,0.009500,0.009500,0.009500,0.009500,
cl_cputogpu_standard,0.102900,0.102900,0.102900,0.102900,0.102900,0.102900,
cl_cputogpu_mappedbuffer,0.060000,0.060000,0.060000,0.060000,0.060000,0.060000,
cl_gputocpu_standard,0.043100,0.043100,0.043100,0.043100,0.043100,0.043100,
cl_gputocpu_pinned,0.045800,0.045800,0.045800,0.045800,0.045800,0.045800,
cl_cputogputocpu_standard,0.079100,0.079100,0.025800,0.025800,0.025800,0.025800,
cl_cputogputocpu_pinned,0.152800,0.152800,0.088400,0.088400,0.088400,0.088400,
cl_devicetransfer_standard,0.054500,0.054500,0.054500,0.054500,0.054500,0.054500,
cl_devicetransfer_pinned,0.046000,0.046000,0.046000,0.046000,0.046000,0.046000,
cl_devicetransferkernel_standard,0.095800,0.095800,0.095800,0.095800,0.095800,0.095800,
cl_devicetransferkernel_pinned,0.075200,0.075200,0.075200,0.075200,0.075200,0.075200,
cl_simplebufferprocessing_standard,0.181100,0.181100,0.181100,0.181100,0.181100,0.181100,
cl_simplebufferprocessing_pinned,0.058400,0.058400,0.058400,0.058400,0.058400,0.058400,
cl_complexbufferprocessing_standard,0.187400,0.187400,0.187400,0.187400,0.187400,0.187400,
cl_complexbufferprocessing_pinned,0.162100,0.162100,0.162100,0.162100,0.162100,0.162100,
cl_simplebuffersynthesis_standard,0.150100,0.150100,0.150100,0.150100,0.150100,0.150100,
cl_simplebuffersynthesis_pinned,0.168100,0.168100,0.168100,0.168100,0.168100,0.168100,
cl_complexbuffersynthesis_standard,1.532000,1.532000,1.532000,1.532000,1.532000,1.532000,
cl_complexbuffersynthesis_pinned,0.907500,0.907500,0.907500,0.907500,0.907500,0.907500,
cl_interruptedbufferprocessing_standard,0.118500,0.118500,0.118500,0.118500,0.118500,0.118500,
cl_interruptedbufferprocessing_pinned,0.189600,0.189600,0.189600,0.189600,0.189600,0.189600,
