Test_Name,Total_Time,Average_Time,Max_Time,Min_Time,Max_Difference,Average_Difference,
cl_nullkernel,0.039800,0.039800,0.039800,0.039800,0.039800,0.039800,
cl_cputogpu_standard,0.110800,0.110800,0.110800,0.110800,0.110800,0.110800,
cl_cputogpu_mappedbuffer,0.230600,0.230600,0.230600,0.230600,0.230600,0.230600,
cl_gputocpu_standard,0.225100,0.225100,0.225100,0.225100,0.225100,0.225100,
cl_gputocpu_pinned,0.106700,0.106700,0.106700,0.106700,0.106700,0.106700,
cl_cputogputocpu_standard,0.392300,0.392300,0.215700,0.215700,0.215700,0.215700,
cl_cputogputocpu_pinned,0.290200,0.290200,0.103100,0.103100,0.103100,0.103100,
cl_devicetransfer_standard,0.092100,0.092100,0.092100,0.092100,0.092100,0.092100,
cl_devicetransfer_pinned,0.112400,0.112400,0.112400,0.112400,0.112400,0.112400,
cl_devicetransferkernel_standard,0.394400,0.394400,0.394400,0.394400,0.394400,0.394400,
cl_devicetransferkernel_pinned,0.101500,0.101500,0.101500,0.101500,0.101500,0.101500,
cl_simplebufferprocessing_standard,0.222800,0.222800,0.222800,0.222800,0.222800,0.222800,
cl_simplebufferprocessing_pinned,0.423600,0.423600,0.423600,0.423600,0.423600,0.423600,
cl_complexbufferprocessing_standard,0.529100,0.529100,0.529100,0.529100,0.529100,0.529100,
cl_complexbufferprocessing_pinned,0.350700,0.350700,0.350700,0.350700,0.350700,0.350700,
cl_simplebuffersynthesis_standard,0.210400,0.210400,0.210400,0.210400,0.210400,0.210400,
cl_simplebuffersynthesis_pinned,0.212100,0.212100,0.212100,0.212100,0.212100,0.212100,
cl_complexbuffersynthesis_standard,0.725400,0.725400,0.725400,0.725400,0.725400,0.725400,
cl_complexbuffersynthesis_pinned,0.267800,0.267800,0.267800,0.267800,0.267800,0.267800,
cl_interruptedbufferprocessing_standard,0.172700,0.172700,0.172700,0.172700,0.172700,0.172700,
cl_interruptedbufferprocessing_pinned,0.167000,0.167000,0.167000,0.167000,0.167000,0.167000,
