Test_Name,Total_Time,Average_Time,Max_Time,Min_Time,Max_Difference,Average_Difference,
cl_nullkernel,0.038800,0.038800,0.038800,0.038800,0.038800,0.038800,
cl_cputogpu_standard,0.077200,0.077200,0.077200,0.077200,0.077200,0.077200,
cl_cputogpu_mappedbuffer,0.103700,0.103700,0.103700,0.103700,0.103700,0.103700,
cl_gputocpu_standard,0.084800,0.084800,0.084800,0.084800,0.084800,0.084800,
cl_gputocpu_pinned,0.103400,0.103400,0.103400,0.103400,0.103400,0.103400,
cl_cputogputocpu_standard,0.231700,0.231700,0.125600,0.125600,0.125600,0.125600,
cl_cputogputocpu_pinned,0.346300,0.346300,0.102500,0.102500,0.102500,0.102500,
cl_devicetransfer_standard,0.106300,0.106300,0.106300,0.106300,0.106300,0.106300,
cl_devicetransfer_pinned,0.112500,0.112500,0.112500,0.112500,0.112500,0.112500,
cl_devicetransferkernel_standard,0.102700,0.102700,0.102700,0.102700,0.102700,0.102700,
cl_devicetransferkernel_pinned,0.156300,0.156300,0.156300,0.156300,0.156300,0.156300,
cl_simplebufferprocessing_standard,0.674800,0.674800,0.674800,0.674800,0.674800,0.674800,
cl_simplebufferprocessing_pinned,0.458500,0.458500,0.458500,0.458500,0.458500,0.458500,
cl_complexbufferprocessing_standard,0.360900,0.360900,0.360900,0.360900,0.360900,0.360900,
cl_complexbufferprocessing_pinned,0.362100,0.362100,0.362100,0.362100,0.362100,0.362100,
cl_simplebuffersynthesis_standard,0.317200,0.317200,0.317200,0.317200,0.317200,0.317200,
cl_simplebuffersynthesis_pinned,0.185300,0.185300,0.185300,0.185300,0.185300,0.185300,
cl_complexbuffersynthesis_standard,0.454000,0.454000,0.454000,0.454000,0.454000,0.454000,
cl_complexbuffersynthesis_pinned,0.050200,0.050200,0.050200,0.050200,0.050200,0.050200,
cl_interruptedbufferprocessing_standard,0.236300,0.236300,0.236300,0.236300,0.236300,0.236300,
cl_interruptedbufferprocessing_pinned,0.217300,0.217300,0.217300,0.217300,0.217300,0.217300,
