Test_Name,Total_Time,Average_Time,Max_Time,Min_Time,Max_Difference,Average_Difference,
cl_nullkernel,0.020800,0.020800,0.020800,0.020800,0.020800,0.020800,
cl_cputogpu_standard,0.203500,0.203500,0.203500,0.203500,0.203500,0.203500,
cl_cputogpu_mappedbuffer,0.185600,0.185600,0.185600,0.185600,0.185600,0.185600,
cl_gputocpu_standard,0.208300,0.208300,0.208300,0.208300,0.208300,0.208300,
cl_gputocpu_pinned,0.104300,0.104300,0.104300,0.104300,0.104300,0.104300,
cl_cputogputocpu_standard,0.361900,0.361900,0.203800,0.203800,0.203800,0.203800,
cl_cputogputocpu_pinned,0.338200,0.338200,0.108300,0.108300,0.108300,0.108300,
cl_devicetransfer_standard,0.157800,0.157800,0.157800,0.157800,0.157800,0.157800,
cl_devicetransfer_pinned,0.143500,0.143500,0.143500,0.143500,0.143500,0.143500,
cl_devicetransferkernel_standard,0.074400,0.074400,0.074400,0.074400,0.074400,0.074400,
cl_devicetransferkernel_pinned,0.079400,0.079400,0.079400,0.079400,0.079400,0.079400,
cl_simplebufferprocessing_standard,0.215300,0.215300,0.215300,0.215300,0.215300,0.215300,
cl_simplebufferprocessing_pinned,0.216500,0.216500,0.216500,0.216500,0.216500,0.216500,
cl_complexbufferprocessing_standard,0.197200,0.197200,0.197200,0.197200,0.197200,0.197200,
cl_complexbufferprocessing_pinned,0.230700,0.230700,0.230700,0.230700,0.230700,0.230700,
cl_simplebuffersynthesis_standard,0.260700,0.260700,0.260700,0.260700,0.260700,0.260700,
cl_simplebuffersynthesis_pinned,0.117400,0.117400,0.117400,0.117400,0.117400,0.117400,
cl_complexbuffersynthesis_standard,1.470500,1.470500,1.470500,1.470500,1.470500,1.470500,
cl_complexbuffersynthesis_pinned,1.945100,1.945100,1.945100,1.945100,1.945100,1.945100,
cl_interruptedbufferprocessing_standard,0.264200,0.264200,0.264200,0.264200,0.264200,0.264200,
cl_interruptedbufferprocessing_pinned,0.275400,0.275400,0.275400,0.275400,0.275400,0.275400,
