Test_Name,Total_Time,Average_Time,Max_Time,Min_Time,Max_Difference,Average_Difference,
cl_nullkernel,0.039500,0.039500,0.039500,0.039500,0.039500,0.039500,
cl_cputogpu_standard,0.100600,0.100600,0.100600,0.100600,0.100600,0.100600,
cl_cputogpu_mappedbuffer,0.118300,0.118300,0.118300,0.118300,0.118300,0.118300,
cl_gputocpu_standard,0.138600,0.138600,0.138600,0.138600,0.138600,0.138600,
cl_gputocpu_pinned,0.077800,0.077800,0.077800,0.077800,0.077800,0.077800,
cl_cputogputocpu_standard,0.342400,0.342400,0.179600,0.179600,0.179600,0.179600,
cl_cputogputocpu_pinned,0.389000,0.389000,0.111300,0.111300,0.111300,0.111300,
cl_devicetransfer_standard,0.097200,0.097200,0.097200,0.097200,0.097200,0.097200,
cl_devicetransfer_pinned,0.170200,0.170200,0.170200,0.170200,0.170200,0.170200,
cl_devicetransferkernel_standard,0.231200,0.231200,0.231200,0.231200,0.231200,0.231200,
cl_devicetransferkernel_pinned,0.098000,0.098000,0.098000,0.098000,0.098000,0.098000,
cl_simplebufferprocessing_standard,0.473900,0.473900,0.473900,0.473900,0.473900,0.473900,
cl_simplebufferprocessing_pinned,0.483400,0.483400,0.483400,0.483400,0.483400,0.483400,
cl_complexbufferprocessing_standard,0.508200,0.508200,0.508200,0.508200,0.508200,0.508200,
cl_complexbufferprocessing_pinned,0.453000,0.453000,0.453000,0.453000,0.453000,0.453000,
cl_simplebuffersynthesis_standard,0.180600,0.180600,0.180600,0.180600,0.180600,0.180600,
cl_simplebuffersynthesis_pinned,0.125800,0.125800,0.125800,0.125800,0.125800,0.125800,
cl_complexbuffersynthesis_standard,0.307400,0.307400,0.307400,0.307400,0.307400,0.307400,
cl_complexbuffersynthesis_pinned,0.038400,0.038400,0.038400,0.038400,0.038400,0.038400,
cl_interruptedbufferprocessing_standard,0.254900,0.254900,0.254900,0.254900,0.254900,0.254900,
cl_interruptedbufferprocessing_pinned,0.189200,0.189200,0.189200,0.189200,0.189200,0.189200,
