Test_Name,Total_Time,Average_Time,Max_Time,Min_Time,Max_Difference,Average_Difference,
cl_nullkernel,0.038900,0.038900,0.038900,0.038900,0.038900,0.038900,
cl_cputogpu_standard,0.093300,0.093300,0.093300,0.093300,0.093300,0.093300,
cl_cputogpu_mappedbuffer,0.114500,0.114500,0.114500,0.114500,0.114500,0.114500,
cl_gputocpu_standard,0.122900,0.122900,0.122900,0.122900,0.122900,0.122900,
cl_gputocpu_pinned,0.084200,0.084200,0.084200,0.084200,0.084200,0.084200,
cl_cputogputocpu_standard,0.327700,0.327700,0.173200,0.173200,0.173200,0.173200,
cl_cputogputocpu_pinned,0.331600,0.331600,0.117800,0.117800,0.117800,0.117800,
cl_devicetransfer_standard,0.116800,0.116800,0.116800,0.116800,0.116800,0.116800,
cl_devicetransfer_pinned,0.139700,0.139700,0.139700,0.139700,0.139700,0.139700,
cl_devicetransferkernel_standard,0.107200,0.107200,0.107200,0.107200,0.107200,0.107200,
cl_devicetransferkernel_pinned,0.110100,0.110100,0.110100,0.110100,0.110100,0.110100,
cl_simplebufferprocessing_standard,0.529100,0.529100,0.529100,0.529100,0.529100,0.529100,
cl_simplebufferprocessing_pinned,0.451700,0.451700,0.451700,0.451700,0.451700,0.451700,
cl_complexbufferprocessing_standard,0.242200,0.242200,0.242200,0.242200,0.242200,0.242200,
cl_complexbufferprocessing_pinned,0.293300,0.293300,0.293300,0.293300,0.293300,0.293300,
cl_simplebuffersynthesis_standard,0.336200,0.336200,0.336200,0.336200,0.336200,0.336200,
cl_simplebuffersynthesis_pinned,0.346700,0.346700,0.346700,0.346700,0.346700,0.346700,
cl_complexbuffersynthesis_standard,0.449100,0.449100,0.449100,0.449100,0.449100,0.449100,
cl_complexbuffersynthesis_pinned,0.018900,0.018900,0.018900,0.018900,0.018900,0.018900,
cl_interruptedbufferprocessing_standard,0.700100,0.700100,0.700100,0.700100,0.700100,0.700100,
cl_interruptedbufferprocessing_pinned,0.181900,0.181900,0.181900,0.181900,0.181900,0.181900,
