Test_Name,Total_Time,Average_Time,Max_Time,Min_Time,Max_Difference,Average_Difference,
cl_nullkernel,0.040100,0.040100,0.040100,0.040100,0.040100,0.040100,
cl_cputogpu_standard,0.108000,0.108000,0.108000,0.108000,0.108000,0.108000,
cl_cputogpu_mappedbuffer,0.143800,0.143800,0.143800,0.143800,0.143800,0.143800,
cl_gputocpu_standard,0.201900,0.201900,0.201900,0.201900,0.201900,0.201900,
cl_gputocpu_pinned,0.060400,0.060400,0.060400,0.060400,0.060400,0.060400,
cl_cputogputocpu_standard,0.152500,0.152500,0.079600,0.079600,0.079600,0.079600,
cl_cputogputocpu_pinned,0.107300,0.107300,0.044200,0.044200,0.044200,0.044200,
cl_devicetransfer_standard,0.058700,0.058700,0.058700,0.058700,0.058700,0.058700,
cl_devicetransfer_pinned,0.057700,0.057700,0.057700,0.057700,0.057700,0.057700,
cl_devicetransferkernel_standard,0.043600,0.043600,0.043600,0.043600,0.043600,0.043600,
cl_devicetransferkernel_pinned,0.044500,0.044500,0.044500,0.044500,0.044500,0.044500,
cl_simplebufferprocessing_standard,0.171200,0.171200,0.171200,0.171200,0.171200,0.171200,
cl_simplebufferprocessing_pinned,0.215100,0.215100,0.215100,0.215100,0.215100,0.215100,
cl_complexbufferprocessing_standard,0.285000,0.285000,0.285000,0.285000,0.285000,0.285000,
cl_complexbufferprocessing_pinned,0.213800,0.213800,0.213800,0.213800,0.213800,0.213800,
cl_simplebuffersynthesis_standard,0.214900,0.214900,0.214900,0.214900,0.214900,0.214900,
cl_simplebuffersynthesis_pinned,0.177000,0.177000,0.177000,0.177000,0.177000,0.177000,
cl_complexbuffersynthesis_standard,0.426000,0.426000,0.426000,0.426000,0.426000,0.426000,
cl_complexbuffersynthesis_pinned,0.067300,0.067300,0.067300,0.067300,0.067300,0.067300,
cl_interruptedbufferprocessing_standard,0.269400,0.269400,0.269400,0.269400,0.269400,0.269400,
cl_interruptedbufferprocessing_pinned,0.481500,0.481500,0.481500,0.481500,0.481500,0.481500,
