Test_Name,Total_Time,Average_Time,Max_Time,Min_Time,Max_Difference,Average_Difference,
cl_nullkernel,0.038500,0.038500,0.038500,0.038500,0.038500,0.038500,
cl_cputogpu_standard,0.088100,0.088100,0.088100,0.088100,0.088100,0.088100,
cl_cputogpu_mappedbuffer,0.125500,0.125500,0.125500,0.125500,0.125500,0.125500,
cl_gputocpu_standard,0.099100,0.099100,0.099100,0.099100,0.099100,0.099100,
cl_gputocpu_pinned,0.065500,0.065500,0.065500,0.065500,0.065500,0.065500,
cl_cputogputocpu_standard,0.135100,0.135100,0.071100,0.071100,0.071100,0.071100,
cl_cputogputocpu_pinned,0.197200,0.197200,0.044900,0.044900,0.044900,0.044900,
cl_devicetransfer_standard,0.052500,0.052500,0.052500,0.052500,0.052500,0.052500,
cl_devicetransfer_pinned,0.053800,0.053800,0.053800,0.053800,0.053800,0.053800,
cl_devicetransferkernel_standard,0.039300,0.039300,0.039300,0.039300,0.039300,0.039300,
cl_devicetransferkernel_pinned,0.041900,0.041900,0.041900,0.041900,0.041900,0.041900,
cl_simplebufferprocessing_standard,0.496200,0.496200,0.496200,0.496200,0.496200,0.496200,
cl_simplebufferprocessing_pinned,0.164300,0.164300,0.164300,0.164300,0.164300,0.164300,
cl_complexbufferprocessing_standard,0.160400,0.160400,0.160400,0.160400,0.160400,0.160400,
cl_complexbufferprocessing_pinned,0.184800,0.184800,0.184800,0.184800,0.184800,0.184800,
cl_simplebuffersynthesis_standard,0.115300,0.115300,0.115300,0.115300,0.115300,0.115300,
cl_simplebuffersynthesis_pinned,0.088500,0.088500,0.088500,0.088500,0.088500,0.088500,
cl_complexbuffersynthesis_standard,0.624400,0.624400,0.624400,0.624400,0.624400,0.624400,
cl_complexbuffersynthesis_pinned,0.176000,0.176000,0.176000,0.176000,0.176000,0.176000,
cl_interruptedbufferprocessing_standard,0.251200,0.251200,0.251200,0.251200,0.251200,0.251200,
cl_interruptedbufferprocessing_pinned,0.185200,0.185200,0.185200,0.185200,0.185200,0.185200,
