Test_Name,Total_Time,Average_Time,Max_Time,Min_Time,Max_Difference,Average_Difference,
cl_nullkernel,0.039000,0.039000,0.039000,0.039000,0.039000,0.039000,
cl_cputogpu_standard,0.096500,0.096500,0.096500,0.096500,0.096500,0.096500,
cl_cputogpu_mappedbuffer,0.117200,0.117200,0.117200,0.117200,0.117200,0.117200,
cl_gputocpu_standard,0.188300,0.188300,0.188300,0.188300,0.188300,0.188300,
cl_gputocpu_pinned,0.101500,0.101500,0.101500,0.101500,0.101500,0.101500,
cl_cputogputocpu_standard,0.401000,0.401000,0.223900,0.223900,0.223900,0.223900,
cl_cputogputocpu_pinned,0.339500,0.339500,0.127200,0.127200,0.127200,0.127200,
cl_devicetransfer_standard,0.105400,0.105400,0.105400,0.105400,0.105400,0.105400,
cl_devicetransfer_pinned,0.130700,0.130700,0.130700,0.130700,0.130700,0.130700,
cl_devicetransferkernel_standard,0.107000,0.107000,0.107000,0.107000,0.107000,0.107000,
cl_devicetransferkernel_pinned,0.308000,0.308000,0.308000,0.308000,0.308000,0.308000,
cl_simplebufferprocessing_standard,0.476600,0.476600,0.476600,0.476600,0.476600,0.476600,
cl_simplebufferprocessing_pinned,0.530500,0.530500,0.530500,0.530500,0.530500,0.530500,
cl_complexbufferprocessing_standard,0.554100,0.554100,0.554100,0.554100,0.554100,0.554100,
cl_complexbufferprocessing_pinned,0.476000,0.476000,0.476000,0.476000,0.476000,0.476000,
cl_simplebuffersynthesis_standard,0.232800,0.232800,0.232800,0.232800,0.232800,0.232800,
cl_simplebuffersynthesis_pinned,0.169200,0.169200,0.169200,0.169200,0.169200,0.169200,
cl_complexbuffersynthesis_standard,5.790100,5.790100,5.790100,5.790100,5.790100,5.790100,
cl_complexbuffersynthesis_pinned,7.685400,7.685400,7.685400,7.685400,7.685400,7.685400,
cl_interruptedbufferprocessing_standard,0.372600,0.372600,0.372600,0.372600,0.372600,0.372600,
cl_interruptedbufferprocessing_pinned,0.273700,0.273700,0.273700,0.273700,0.273700,0.273700,
