Test_Name,Total_Time,Average_Time,Max_Time,Min_Time,Max_Difference,Average_Difference,
cl_nullkernel,0.013600,0.013600,0.013600,0.013600,0.013600,0.013600,
cl_cputogpu_standard,0.065000,0.065000,0.065000,0.065000,0.065000,0.065000,
cl_cputogpu_mappedbuffer,0.058900,0.058900,0.058900,0.058900,0.058900,0.058900,
cl_gputocpu_standard,0.142300,0.142300,0.142300,0.142300,0.142300,0.142300,
cl_gputocpu_pinned,0.056200,0.056200,0.056200,0.056200,0.056200,0.056200,
cl_cputogputocpu_standard,0.269900,0.269900,0.142700,0.142700,0.142700,0.142700,
cl_cputogputocpu_pinned,0.383700,0.383700,0.175200,0.175200,0.175200,0.175200,
cl_devicetransfer_standard,0.108100,0.108100,0.108100,0.108100,0.108100,0.108100,
cl_devicetransfer_pinned,0.332500,0.332500,0.332500,0.332500,0.332500,0.332500,
cl_devicetransferkernel_standard,0.072700,0.072700,0.072700,0.072700,0.072700,0.072700,
cl_devicetransferkernel_pinned,0.057000,0.057000,0.057000,0.057000,0.057000,0.057000,
cl_simplebufferprocessing_standard,0.186700,0.186700,0.186700,0.186700,0.186700,0.186700,
cl_simplebufferprocessing_pinned,0.271400,0.271400,0.271400,0.271400,0.271400,0.271400,
cl_complexbufferprocessing_standard,0.229400,0.229400,0.229400,0.229400,0.229400,0.229400,
cl_complexbufferprocessing_pinned,0.294800,0.294800,0.294800,0.294800,0.294800,0.294800,
cl_simplebuffersynthesis_standard,0.132100,0.132100,0.132100,0.132100,0.132100,0.132100,
cl_simplebuffersynthesis_pinned,0.116700,0.116700,0.116700,0.116700,0.116700,0.116700,
cl_complexbuffersynthesis_standard,1.754600,1.754600,1.754600,1.754600,1.754600,1.754600,
cl_complexbuffersynthesis_pinned,1.231200,1.231200,1.231200,1.231200,1.231200,1.231200,
cl_interruptedbufferprocessing_standard,0.452500,0.452500,0.452500,0.452500,0.452500,0.452500,
cl_interruptedbufferprocessing_pinned,0.236300,0.236300,0.236300,0.236300,0.236300,0.236300,
