Test_Name,Total_Time,Average_Time,Max_Time,Min_Time,Max_Difference,Average_Difference,
cl_nullkernel,0.012800,0.012800,0.012800,0.012800,0.012800,0.012800,
cl_cputogpu_standard,0.127800,0.127800,0.127800,0.127800,0.127800,0.127800,
cl_cputogpu_mappedbuffer,0.100100,0.100100,0.100100,0.100100,0.100100,0.100100,
cl_gputocpu_standard,0.122100,0.122100,0.122100,0.122100,0.122100,0.122100,
cl_gputocpu_pinned,0.054900,0.054900,0.054900,0.054900,0.054900,0.054900,
cl_cputogputocpu_standard,0.221300,0.221300,0.127300,0.127300,0.127300,0.127300,
cl_cputogputocpu_pinned,0.279000,0.279000,0.074700,0.074700,0.074700,0.074700,
cl_devicetransfer_standard,0.086100,0.086100,0.086100,0.086100,0.086100,0.086100,
cl_devicetransfer_pinned,0.105300,0.105300,0.105300,0.105300,0.105300,0.105300,
cl_devicetransferkernel_standard,0.096900,0.096900,0.096900,0.096900,0.096900,0.096900,
cl_devicetransferkernel_pinned,0.113000,0.113000,0.113000,0.113000,0.113000,0.113000,
cl_simplebufferprocessing_standard,0.446700,0.446700,0.446700,0.446700,0.446700,0.446700,
cl_simplebufferprocessing_pinned,0.390900,0.390900,0.390900,0.390900,0.390900,0.390900,
cl_complexbufferprocessing_standard,0.626600,0.626600,0.626600,0.626600,0.626600,0.626600,
cl_complexbufferprocessing_pinned,0.375400,0.375400,0.375400,0.375400,0.375400,0.375400,
cl_simplebuffersynthesis_standard,0.357900,0.357900,0.357900,0.357900,0.357900,0.357900,
cl_simplebuffersynthesis_pinned,0.179200,0.179200,0.179200,0.179200,0.179200,0.179200,
cl_complexbuffersynthesis_standard,2.742300,2.742300,2.742300,2.742300,2.742300,2.742300,
cl_complexbuffersynthesis_pinned,4.856200,4.856200,4.856200,4.856200,4.856200,4.856200,
cl_interruptedbufferprocessing_standard,0.246400,0.246400,0.246400,0.246400,0.246400,0.246400,
cl_interruptedbufferprocessing_pinned,0.423400,0.423400,0.423400,0.423400,0.423400,0.423400,
