Test_Name,Total_Time,Average_Time,Max_Time,Min_Time,Max_Difference,Average_Difference,
cuda_nullkernel,377.301300,0.037730,0.291800,0.032400,0.278800,0.003256,
cuda_cputogpu_standard,468.415800,0.046842,0.289400,0.039800,0.241000,0.001391,
cuda_cputogpu_pinned,240.502300,0.024050,0.165900,0.019400,0.096200,0.000495,
cuda_gputocpu_standard,546.620400,0.054662,0.269100,0.045400,0.202500,0.003211,
cuda_gputocpu_pinned,212.904900,0.021290,0.095500,0.018700,0.074300,0.000572,
cuda_cputogputocpu_standard,980.474400,0.098047,0.426900,0.082700,0.333100,0.002598,
cuda_cputogputocpu_pinnedmemory,421.193400,0.042119,0.145400,0.038500,0.145400,0.000915,
cuda_devicetransfer_standard,422.274800,0.042227,0.347800,0.034800,0.302900,0.001381,
cuda_devicetransfer_pinned,208.624300,0.020862,0.075800,0.018500,0.075800,0.000504,
cuda_devicetransferkernel_standard,414.377600,0.041438,0.270200,0.033900,0.225900,0.001427,
cuda_devicetransferkernel_pinned,420.347300,0.042035,0.314400,0.039000,0.268900,0.001358,
cuda_simplebufferprocessing_standard,1396.523900,0.139652,0.610200,0.120400,0.610200,0.003006,
cuda_simplebufferprocessing_pinned,904.468000,0.090447,0.370200,0.082500,0.238800,0.001975,
cuda_complexbufferprocessing_standard,1390.322500,0.139032,0.653600,0.115900,0.393200,0.003131,
cuda_complexbufferprocessing_unified,905.093200,0.090509,0.343000,0.082900,0.249600,0.001758,
cuda_simplebuffersynthesis_standard,930.172500,0.093017,0.405200,0.089500,0.296500,0.002039,
cuda_simplebuffersynthesis_pinned,713.614700,0.071361,0.431200,0.062100,0.271700,0.001205,
cuda_complexbuffersynthesis_standard,1098.614900,0.109861,0.518100,0.095000,0.409000,0.001737,
cuda_complexbuffersynthesis_pinned,1110.259500,0.111026,0.528700,0.093300,0.416400,0.002688,
cuda_interruptedbufferprocessing_standard,2788.728200,0.140483,0.644400,0.120100,0.553100,0.002838,
cuda_interruptedbufferprocessing_standard,1784.902200,0.089915,0.369900,0.081900,0.271400,0.001802,
