Test_Name,Total_Time,Average_Time,Max_Time,Min_Time,Max_Difference,Average_Difference,
cuda_nullkernel,372.040800,0.037204,0.267900,0.032400,0.235500,0.002733,
cuda_cputogpu_standard,466.395800,0.046640,0.288700,0.038900,0.241300,0.001077,
cuda_cputogpu_pinned,215.715800,0.021572,0.082000,0.019500,0.077700,0.000377,
cuda_gputocpu_standard,542.808700,0.054281,0.271800,0.044300,0.215800,0.002729,
cuda_gputocpu_pinned,214.627500,0.021463,0.084800,0.019500,0.073800,0.000353,
cuda_cputogputocpu_standard,985.946700,0.098595,0.413300,0.084500,0.301900,0.002220,
cuda_cputogputocpu_pinnedmemory,448.362400,0.044836,0.248200,0.038700,0.147100,0.000857,
cuda_devicetransfer_standard,420.023600,0.042002,0.377100,0.034600,0.332000,0.001222,
cuda_devicetransfer_pinned,213.255600,0.021326,0.078900,0.019400,0.074400,0.000276,
cuda_devicetransferkernel_standard,415.493200,0.041549,0.305000,0.034100,0.260600,0.001289,
cuda_devicetransferkernel_pinned,420.456300,0.042046,0.287200,0.035000,0.242800,0.001307,
cuda_simplebufferprocessing_standard,1398.776200,0.139878,0.540200,0.119900,0.397600,0.002828,
cuda_simplebufferprocessing_pinned,910.359400,0.091036,0.337700,0.082500,0.246600,0.001217,
cuda_complexbufferprocessing_standard,1411.064400,0.141106,0.553200,0.120000,0.343100,0.003287,
cuda_complexbufferprocessing_unified,907.648600,0.090765,0.425000,0.083800,0.264000,0.001845,
cuda_simplebuffersynthesis_standard,942.666700,0.094267,0.401200,0.079900,0.300900,0.002387,
cuda_simplebuffersynthesis_pinned,699.438400,0.069944,0.361100,0.061100,0.268300,0.001602,
cuda_complexbuffersynthesis_standard,13056.597400,1.305660,3.422600,1.261200,3.222300,0.024140,
cuda_complexbuffersynthesis_pinned,13286.127900,1.328613,3.430500,1.288800,3.430500,0.017487,
cuda_interruptedbufferprocessing_standard,2777.468600,0.139916,0.504200,0.118700,0.364200,0.003473,
cuda_interruptedbufferprocessing_standard,1826.972200,0.092034,0.377000,0.083200,0.200400,0.001109,
