Test_Name,Total_Time,Average_Time,Max_Time,Min_Time,Max_Difference,Average_Difference,
cuda_nullkernel,379.956400,0.037996,0.302100,0.032600,0.234400,0.003005,
cuda_cputogpu_standard,466.773800,0.046677,0.295400,0.038700,0.247100,0.001275,
cuda_cputogpu_pinned,217.708600,0.021771,0.076800,0.019600,0.076800,0.000424,
cuda_gputocpu_standard,538.608000,0.053861,0.340500,0.044300,0.210600,0.002052,
cuda_gputocpu_pinned,217.176800,0.021718,0.079900,0.019700,0.074700,0.000395,
cuda_cputogputocpu_standard,988.401300,0.098840,0.383700,0.082500,0.273800,0.002347,
cuda_cputogputocpu_pinnedmemory,430.294000,0.043029,0.151600,0.039500,0.144600,0.000711,
cuda_devicetransfer_standard,417.522200,0.041752,0.307600,0.033900,0.258800,0.001305,
cuda_devicetransfer_pinned,215.923400,0.021592,0.076100,0.019600,0.074500,0.000423,
cuda_devicetransferkernel_standard,412.597100,0.041260,0.306500,0.035300,0.227100,0.001339,
cuda_devicetransferkernel_pinned,435.552700,0.043555,0.284000,0.033700,0.194700,0.001277,
cuda_simplebufferprocessing_standard,1401.919200,0.140192,0.578400,0.120700,0.402900,0.002783,
cuda_simplebufferprocessing_pinned,909.363200,0.090936,0.337000,0.083400,0.261200,0.001873,
cuda_complexbufferprocessing_standard,1453.132900,0.145313,0.466100,0.124600,0.337700,0.002867,
cuda_complexbufferprocessing_unified,935.419100,0.093542,0.505100,0.087700,0.274000,0.001945,
cuda_simplebuffersynthesis_standard,1023.907400,0.102391,0.519400,0.086400,0.263000,0.002348,
cuda_simplebuffersynthesis_pinned,701.543000,0.070154,0.308000,0.066600,0.308000,0.001936,
cuda_complexbuffersynthesis_standard,204902.239800,20.490224,38.660100,20.078300,29.908900,0.121805,
cuda_complexbuffersynthesis_pinned,206537.567100,20.653757,42.778900,19.969600,42.778900,0.188826,
cuda_interruptedbufferprocessing_standard,2760.191300,0.139045,0.410700,0.116800,0.263500,0.003118,
cuda_interruptedbufferprocessing_standard,1804.805400,0.090918,0.317400,0.081900,0.226300,0.002062,
