Test_Name,Total_Time,Average_Time,Max_Time,Min_Time,Max_Difference,Average_Difference,
cuda_nullkernel,386.112600,0.038611,0.293100,0.032400,0.220500,0.002103,
cuda_cputogpu_standard,467.479400,0.046748,0.349400,0.039800,0.238000,0.001169,
cuda_cputogpu_pinned,216.194700,0.021619,0.105400,0.019500,0.074500,0.000439,
cuda_gputocpu_standard,540.674500,0.054067,0.300800,0.050700,0.203500,0.002392,
cuda_gputocpu_pinned,216.000400,0.021600,0.077700,0.019800,0.074300,0.000356,
cuda_cputogputocpu_standard,985.585200,0.098559,0.424900,0.093000,0.246400,0.002176,
cuda_cputogputocpu_pinnedmemory,426.029200,0.042603,0.149700,0.039300,0.144100,0.000596,
cuda_devicetransfer_standard,419.330300,0.041933,0.313400,0.034900,0.272000,0.001360,
cuda_devicetransfer_pinned,215.239100,0.021524,0.078700,0.019700,0.075400,0.000339,
cuda_devicetransferkernel_standard,412.310800,0.041231,0.306000,0.034400,0.261900,0.001234,
cuda_devicetransferkernel_pinned,442.664500,0.044266,0.275800,0.038500,0.226900,0.001529,
cuda_simplebufferprocessing_standard,1411.950500,0.141195,0.634300,0.134000,0.341000,0.002576,
cuda_simplebufferprocessing_pinned,908.080800,0.090808,0.401800,0.083800,0.242600,0.001840,
cuda_complexbufferprocessing_standard,1394.459700,0.139446,0.478700,0.134700,0.337200,0.002676,
cuda_complexbufferprocessing_unified,925.461000,0.092546,0.473000,0.085400,0.473000,0.001856,
cuda_simplebuffersynthesis_standard,930.702900,0.093070,0.397300,0.089300,0.286500,0.002002,
cuda_simplebuffersynthesis_pinned,695.482700,0.069548,0.369500,0.061100,0.238400,0.001986,
cuda_complexbuffersynthesis_standard,3379.439400,0.337944,0.977400,0.323300,0.796300,0.009333,
cuda_complexbuffersynthesis_pinned,3414.623000,0.341462,1.053200,0.326000,0.794600,0.008883,
cuda_interruptedbufferprocessing_standard,2820.686300,0.142093,0.624800,0.133000,0.595200,0.002994,
cuda_interruptedbufferprocessing_standard,1830.365700,0.092205,0.430100,0.083200,0.196200,0.000995,
