Test_Name,Total_Time,Average_Time,Max_Time,Min_Time,Max_Difference,Average_Difference,
cuda_nullkernel,379.837400,0.037984,0.318500,0.032000,0.276100,0.002707,
cuda_cputogpu_standard,487.214000,0.048721,0.291500,0.038700,0.224300,0.001947,
cuda_cputogpu_pinned,231.935200,0.023194,0.123900,0.019100,0.074300,0.000610,
cuda_gputocpu_standard,528.000700,0.052800,0.254600,0.045000,0.168700,0.001715,
cuda_gputocpu_pinned,207.928700,0.020793,0.086300,0.019100,0.073200,0.000549,
cuda_cputogputocpu_standard,982.968000,0.098297,0.480200,0.083900,0.251200,0.002219,
cuda_cputogputocpu_pinnedmemory,420.954800,0.042095,0.172700,0.038700,0.144700,0.000462,
cuda_devicetransfer_standard,415.575500,0.041558,0.312200,0.033400,0.267800,0.001289,
cuda_devicetransfer_pinned,207.897300,0.020790,0.074100,0.019100,0.074100,0.000496,
cuda_devicetransferkernel_standard,410.485700,0.041049,0.309400,0.033700,0.262100,0.001424,
cuda_devicetransferkernel_pinned,413.123800,0.041312,0.293000,0.038300,0.248900,0.001374,
cuda_simplebufferprocessing_standard,1377.906400,0.137791,0.490600,0.115900,0.344500,0.003177,
cuda_simplebufferprocessing_pinned,901.438900,0.090144,0.468400,0.081100,0.242600,0.001942,
cuda_complexbufferprocessing_standard,1380.259700,0.138026,0.710500,0.117800,0.413100,0.002950,
cuda_complexbufferprocessing_unified,904.577100,0.090458,0.464400,0.081700,0.266100,0.002044,
cuda_simplebuffersynthesis_standard,939.316300,0.093932,0.545800,0.078200,0.326200,0.002315,
cuda_simplebuffersynthesis_pinned,690.797400,0.069080,0.287900,0.062000,0.215600,0.001601,
cuda_complexbuffersynthesis_standard,637.287700,0.063729,0.312800,0.054300,0.243700,0.002595,
cuda_complexbuffersynthesis_pinned,636.521600,0.063652,0.360300,0.053700,0.296600,0.002023,
cuda_interruptedbufferprocessing_standard,2780.087600,0.140048,0.594900,0.118700,0.594900,0.003619,
cuda_interruptedbufferprocessing_standard,1817.790400,0.091572,0.338600,0.081900,0.222100,0.003845,
