Test_Name,Total_Time,Average_Time,Max_Time,Min_Time,Max_Difference,Average_Difference,
cuda_nullkernel,379.010700,0.037901,0.307200,0.033000,0.228400,0.001226,
cuda_cputogpu_standard,468.422200,0.046842,0.284100,0.041100,0.236100,0.001307,
cuda_cputogpu_pinned,215.802500,0.021580,0.096500,0.020100,0.075100,0.000397,
cuda_gputocpu_standard,538.862000,0.053886,0.286900,0.045600,0.183300,0.002345,
cuda_gputocpu_pinned,210.408400,0.021041,0.075300,0.018700,0.074000,0.000564,
cuda_cputogputocpu_standard,988.596200,0.098860,0.355700,0.094300,0.248800,0.002314,
cuda_cputogputocpu_pinnedmemory,414.261700,0.041426,0.182600,0.038600,0.145000,0.001020,
cuda_devicetransfer_standard,416.960300,0.041696,0.323600,0.035800,0.241600,0.001266,
cuda_devicetransfer_pinned,207.444700,0.020744,0.082200,0.019100,0.077700,0.000506,
cuda_devicetransferkernel_standard,411.023900,0.041102,0.304200,0.034300,0.233500,0.001264,
cuda_devicetransferkernel_pinned,417.923500,0.041792,0.372400,0.038400,0.265400,0.001377,
cuda_simplebufferprocessing_standard,1390.313900,0.139031,0.631100,0.134400,0.631100,0.002669,
cuda_simplebufferprocessing_pinned,934.831200,0.093483,0.311900,0.083800,0.251800,0.000968,
cuda_complexbufferprocessing_standard,1412.619100,0.141262,0.598500,0.133400,0.349800,0.002472,
cuda_complexbufferprocessing_unified,936.093000,0.093609,0.487700,0.084400,0.260200,0.001021,
cuda_simplebuffersynthesis_standard,931.337500,0.093134,0.383600,0.086600,0.276900,0.002179,
cuda_simplebuffersynthesis_pinned,696.494300,0.069649,0.369300,0.066200,0.204500,0.001522,
cuda_complexbuffersynthesis_standard,102386.686000,10.238669,22.493500,9.938000,16.117300,0.096130,
cuda_complexbuffersynthesis_pinned,103445.192800,10.344519,23.943800,10.116900,23.943800,0.083090,
cuda_interruptedbufferprocessing_standard,2767.918300,0.139435,0.500000,0.118200,0.359900,0.002800,
cuda_interruptedbufferprocessing_standard,1799.635200,0.090657,0.398300,0.082300,0.264900,0.002085,
