Test_Name,Total_Time,Average_Time,Max_Time,Min_Time,Max_Difference,Average_Difference,
cuda_nullkernel,380.573700,0.038057,0.369600,0.032300,0.291600,0.002112,
cuda_cputogpu_standard,466.318800,0.046632,0.285000,0.039900,0.237000,0.001209,
cuda_cputogpu_pinned,215.972500,0.021597,0.078200,0.019700,0.077200,0.000365,
cuda_gputocpu_standard,540.086800,0.054009,0.328400,0.045800,0.254500,0.002378,
cuda_gputocpu_pinned,215.606100,0.021561,0.078900,0.019500,0.073700,0.000364,
cuda_cputogputocpu_standard,981.671500,0.098167,0.564700,0.094200,0.326800,0.002084,
cuda_cputogputocpu_pinnedmemory,424.238600,0.042424,0.153300,0.039000,0.145400,0.000645,
cuda_devicetransfer_standard,417.167900,0.041717,0.383200,0.034300,0.292200,0.001272,
cuda_devicetransfer_pinned,214.108000,0.021411,0.079200,0.019500,0.073600,0.000394,
cuda_devicetransferkernel_standard,413.066000,0.041307,0.337700,0.034400,0.294100,0.001196,
cuda_devicetransferkernel_pinned,416.801600,0.041680,0.290300,0.038600,0.245900,0.001282,
cuda_simplebufferprocessing_standard,1390.191500,0.139019,0.539600,0.120000,0.387400,0.002600,
cuda_simplebufferprocessing_pinned,931.601800,0.093160,0.395300,0.083500,0.251200,0.000976,
cuda_complexbufferprocessing_standard,1416.318700,0.141632,0.595900,0.120700,0.342400,0.002683,
cuda_complexbufferprocessing_unified,926.754100,0.092675,0.514300,0.082900,0.271900,0.001830,
cuda_simplebuffersynthesis_standard,933.177000,0.093318,0.302900,0.085500,0.245200,0.002110,
cuda_simplebuffersynthesis_pinned,697.166200,0.069717,0.363800,0.061800,0.363800,0.001590,
cuda_complexbuffersynthesis_standard,25926.029200,2.592603,5.876700,2.514600,5.876700,0.045984,
cuda_complexbuffersynthesis_pinned,26231.204400,2.623120,6.362400,2.553200,5.914900,0.036701,
cuda_interruptedbufferprocessing_standard,2804.803200,0.141293,0.712900,0.129400,0.613700,0.003135,
cuda_interruptedbufferprocessing_standard,1799.605500,0.090656,0.288700,0.082400,0.197800,0.001867,
