Test_Name,Total_Time,Average_Time,Max_Time,Min_Time,Max_Difference,Average_Difference,
cuda_nullkernel,367.605400,0.036761,0.273000,0.032300,0.260800,0.002021,
cuda_cputogpu_standard,465.827400,0.046583,0.325300,0.044300,0.225800,0.001321,
cuda_cputogpu_pinned,240.385100,0.024039,0.165500,0.019500,0.094900,0.000445,
cuda_gputocpu_standard,539.222700,0.053922,0.279800,0.046000,0.225100,0.002086,
cuda_gputocpu_pinned,217.001800,0.021700,0.085300,0.019800,0.083900,0.000429,
cuda_cputogputocpu_standard,997.465100,0.099747,0.422700,0.094200,0.285900,0.002676,
cuda_cputogputocpu_pinnedmemory,428.768500,0.042877,0.172400,0.039400,0.143900,0.000757,
cuda_devicetransfer_standard,423.467000,0.042347,0.322200,0.035100,0.229300,0.001445,
cuda_devicetransfer_pinned,215.239100,0.021524,0.074300,0.019500,0.074300,0.000397,
cuda_devicetransferkernel_standard,415.491400,0.041549,0.316500,0.033800,0.235900,0.001433,
cuda_devicetransferkernel_pinned,421.090900,0.042109,0.326800,0.039000,0.239200,0.001587,
cuda_simplebufferprocessing_standard,1421.660200,0.142166,0.463300,0.131200,0.340600,0.002705,
cuda_simplebufferprocessing_pinned,931.410600,0.093141,0.470400,0.083600,0.262200,0.001405,
cuda_complexbufferprocessing_standard,1391.375400,0.139138,0.466400,0.132100,0.341500,0.002736,
cuda_complexbufferprocessing_unified,907.615500,0.090762,0.348700,0.084500,0.348700,0.002059,
cuda_simplebuffersynthesis_standard,951.805700,0.095181,0.539600,0.089200,0.282100,0.002019,
cuda_simplebuffersynthesis_pinned,695.278000,0.069528,0.380100,0.063100,0.216500,0.001515,
cuda_complexbuffersynthesis_standard,51306.792100,5.130679,11.355600,4.979000,8.933900,0.058740,
cuda_complexbuffersynthesis_pinned,51789.237200,5.178924,11.646000,4.987500,9.088800,0.063592,
cuda_interruptedbufferprocessing_standard,2777.589700,0.139922,0.642600,0.120400,0.450000,0.002558,
cuda_interruptedbufferprocessing_standard,1795.244000,0.090436,0.358500,0.082700,0.213600,0.001780,
