Test_Name,Total_Time,Average_Time,Max_Time,Min_Time,Max_Difference,Average_Difference,
cuda_nullkernel,361.484000,0.036148,0.275600,0.032400,0.231300,0.001744,
cuda_cputogpu_standard,466.568800,0.046657,0.288400,0.040500,0.240700,0.001087,
cuda_cputogpu_pinned,215.875300,0.021588,0.082600,0.019600,0.075000,0.000461,
cuda_gputocpu_standard,557.232700,0.055723,0.285100,0.045500,0.196400,0.001535,
cuda_gputocpu_pinned,215.360100,0.021536,0.113700,0.019500,0.093500,0.000347,
cuda_cputogputocpu_standard,989.646100,0.098965,0.370800,0.092200,0.260100,0.002270,
cuda_cputogputocpu_pinnedmemory,425.922000,0.042592,0.153200,0.039200,0.147900,0.000668,
cuda_devicetransfer_standard,420.440000,0.042044,0.383400,0.035100,0.290200,0.001185,
cuda_devicetransfer_pinned,214.880100,0.021488,0.074600,0.019600,0.074600,0.000352,
cuda_devicetransferkernel_standard,413.388700,0.041339,0.306100,0.033500,0.262000,0.001424,
cuda_devicetransferkernel_pinned,418.001500,0.041800,0.267700,0.039000,0.216600,0.001265,
cuda_simplebufferprocessing_standard,1393.065000,0.139306,0.554000,0.122100,0.508100,0.002552,
cuda_simplebufferprocessing_pinned,905.429300,0.090543,0.303900,0.083400,0.264900,0.001890,
cuda_complexbufferprocessing_standard,1401.440600,0.140144,0.451800,0.120400,0.338900,0.002697,
cuda_complexbufferprocessing_unified,935.263300,0.093526,0.480000,0.083900,0.252500,0.001106,
cuda_simplebuffersynthesis_standard,955.921300,0.095592,0.514500,0.088400,0.293600,0.002190,
cuda_simplebuffersynthesis_pinned,713.804600,0.071380,0.392300,0.061700,0.233400,0.001705,
cuda_complexbuffersynthesis_standard,1827.946700,0.182795,0.607000,0.173900,0.570500,0.005543,
cuda_complexbuffersynthesis_pinned,1842.979800,0.184298,0.627500,0.173800,0.435100,0.004206,
cuda_interruptedbufferprocessing_standard,2785.421900,0.140316,0.433200,0.121300,0.361800,0.003037,
cuda_interruptedbufferprocessing_standard,1807.274400,0.091042,0.311300,0.083500,0.214300,0.001043,
