Test_Name,Total_Time,Average_Time,Max_Time,Min_Time,Max_Difference,Average_Difference,
cuda_nullkernel,373.497000,0.037350,0.280500,0.032600,0.234300,0.002793,
cuda_cputogpu_standard,465.039100,0.046504,0.301800,0.041700,0.253600,0.001104,
cuda_cputogpu_pinned,216.176900,0.021618,0.085000,0.019500,0.085000,0.000402,
cuda_gputocpu_standard,540.232100,0.054023,0.272800,0.050600,0.201500,0.002398,
cuda_gputocpu_pinned,211.752600,0.021175,0.099200,0.019300,0.075100,0.000498,
cuda_cputogputocpu_standard,983.701600,0.098370,0.419300,0.090700,0.270600,0.002088,
cuda_cputogputocpu_pinnedmemory,425.806600,0.042581,0.149900,0.039100,0.144600,0.000687,
cuda_devicetransfer_standard,418.233700,0.041823,0.363100,0.034400,0.268100,0.001309,
cuda_devicetransfer_pinned,214.907100,0.021491,0.098400,0.019400,0.074000,0.000384,
cuda_devicetransferkernel_standard,431.579600,0.043158,0.307900,0.034600,0.211500,0.001413,
cuda_devicetransferkernel_pinned,418.187800,0.041819,0.290900,0.038800,0.247200,0.001276,
cuda_simplebufferprocessing_standard,1389.824200,0.138982,0.614500,0.134600,0.614500,0.002612,
cuda_simplebufferprocessing_pinned,902.083800,0.090208,0.303000,0.082900,0.264900,0.001777,
cuda_complexbufferprocessing_standard,1400.435000,0.140044,0.478000,0.134200,0.337000,0.002875,
cuda_complexbufferprocessing_unified,905.752100,0.090575,0.333400,0.083800,0.244600,0.001785,
cuda_simplebuffersynthesis_standard,937.371700,0.093737,0.350000,0.089800,0.261800,0.002063,
cuda_simplebuffersynthesis_pinned,703.325400,0.070333,0.341200,0.062900,0.247600,0.000914,
cuda_complexbuffersynthesis_standard,6589.397400,0.658940,2.329000,0.636200,2.329000,0.012091,
cuda_complexbuffersynthesis_pinned,6562.351600,0.656235,1.856900,0.634800,1.856900,0.011790,
cuda_interruptedbufferprocessing_standard,2803.992000,0.141252,0.670700,0.120800,0.371900,0.002573,
cuda_interruptedbufferprocessing_standard,1813.772700,0.091369,0.356600,0.082200,0.128200,0.001779,
