Test_Name,Total_Time,Average_Time,Max_Time,Min_Time,Max_Difference,Average_Difference,
cl_nullkernel,115.539800,0.011554,0.139600,0.008300,0.108200,0.000271,
cl_cputogpu_standard,572.998100,0.057300,0.279200,0.051000,0.217900,0.002753,
cl_cputogpu_mappedbuffer,402.366900,0.040237,0.142700,0.034000,0.142700,0.003043,
cl_gputocpu_standard,662.100800,0.066210,0.209700,0.063500,0.209700,0.002162,
cl_gputocpu_pinned,428.771700,0.042877,0.102500,0.034900,0.090000,0.001951,
cl_cputogputocpu_standard,1271.524500,0.127152,0.173200,0.059000,0.172200,0.003219,
cl_cputogputocpu_pinned,934.776100,0.093478,0.111200,0.033900,0.090100,0.003321,
cl_devicetransfer_standard,491.998800,0.049200,0.297400,0.046200,0.251200,0.001990,
cl_devicetransfer_pinned,511.547200,0.051155,0.340700,0.041800,0.252700,0.001955,
cl_devicetransferkernel_standard,382.256000,0.038226,0.284800,0.035100,0.223500,0.001346,
cl_devicetransferkernel_pinned,383.215300,0.038322,0.346600,0.033500,0.266800,0.001319,
cl_simplebufferprocessing_standard,1703.545500,0.170355,0.510400,0.143900,0.384000,0.005000,
cl_simplebufferprocessing_pinned,1434.789800,0.143479,0.442100,0.123300,0.368900,0.006107,
cl_complexbufferprocessing_standard,1723.546000,0.172355,0.623400,0.154500,0.390400,0.005130,
cl_complexbufferprocessing_pinned,1463.333800,0.146333,0.641000,0.129100,0.380400,0.005206,
cl_simplebuffersynthesis_standard,1172.123800,0.117212,0.345000,0.106400,0.282400,0.004041,
cl_simplebuffersynthesis_pinned,922.718800,0.092272,0.325200,0.083600,0.203400,0.002399,
cl_complexbuffersynthesis_standard,42458.556700,4.245856,5.913000,4.086800,5.392200,0.033280,
cl_complexbuffersynthesis_pinned,40890.280600,4.089028,11.472100,3.510000,7.914200,0.831948,
cl_interruptedbufferprocessing_standard,3316.145500,0.167052,0.542100,0.141200,0.205000,0.004855,
cl_interruptedbufferprocessing_pinned,2817.389200,0.141927,0.615900,0.123100,0.376400,0.006522,
