Test_Name,Total_Time,Average_Time,Max_Time,Min_Time,Max_Difference,Average_Difference,
cl_nullkernel,98.555700,0.009856,0.049900,0.008200,0.034400,0.000264,
cl_cputogpu_standard,581.271200,0.058127,0.290400,0.051000,0.207600,0.002242,
cl_cputogpu_mappedbuffer,399.944000,0.039994,0.147500,0.034100,0.147500,0.003471,
cl_gputocpu_standard,664.392600,0.066439,0.176200,0.058900,0.176200,0.002109,
cl_gputocpu_pinned,433.332800,0.043333,0.213700,0.034700,0.131400,0.001965,
cl_cputogputocpu_standard,1263.624900,0.126362,0.186700,0.059100,0.173600,0.003022,
cl_cputogputocpu_pinned,921.581700,0.092158,0.099600,0.033700,0.088700,0.003694,
cl_devicetransfer_standard,490.602900,0.049060,0.299000,0.042100,0.246800,0.001746,
cl_devicetransfer_pinned,491.485600,0.049149,0.373300,0.046400,0.250800,0.001704,
cl_devicetransferkernel_standard,380.700700,0.038070,0.292500,0.035400,0.251800,0.001403,
cl_devicetransferkernel_pinned,380.643900,0.038064,0.272200,0.035200,0.231100,0.001386,
cl_simplebufferprocessing_standard,1697.909800,0.169791,0.511300,0.152300,0.403300,0.005179,
cl_simplebufferprocessing_pinned,1419.077400,0.141908,0.628400,0.123100,0.403600,0.006091,
cl_complexbufferprocessing_standard,1718.337000,0.171834,0.687600,0.146700,0.397500,0.005429,
cl_complexbufferprocessing_pinned,1428.162900,0.142816,0.616700,0.123500,0.392200,0.006006,
cl_simplebuffersynthesis_standard,1104.949500,0.110495,0.394200,0.099600,0.394200,0.003734,
cl_simplebuffersynthesis_pinned,872.304200,0.087230,0.328000,0.073200,0.226100,0.002325,
cl_complexbuffersynthesis_standard,6955.641700,0.695564,1.321900,0.669400,1.052500,0.011198,
cl_complexbuffersynthesis_pinned,5069.443800,0.506944,3.161300,0.426200,2.715100,0.078039,
cl_interruptedbufferprocessing_standard,3293.274900,0.165900,0.627400,0.141600,0.241200,0.004677,
cl_interruptedbufferprocessing_pinned,2798.872800,0.140994,0.406400,0.122700,0.365100,0.005680,
