Test_Name,Total_Time,Average_Time,Max_Time,Min_Time,Max_Difference,Average_Difference,
cl_nullkernel,94.432200,0.009443,0.050500,0.008300,0.034600,0.000245,
cl_cputogpu_standard,567.840800,0.056784,0.320100,0.050800,0.234300,0.002848,
cl_cputogpu_mappedbuffer,408.854500,0.040885,0.143300,0.034000,0.143300,0.003302,
cl_gputocpu_standard,661.665300,0.066167,0.194700,0.063200,0.179000,0.002086,
cl_gputocpu_pinned,429.987400,0.042999,0.110800,0.033900,0.091600,0.001841,
cl_cputogputocpu_standard,1267.841000,0.126784,0.189900,0.058400,0.178400,0.003383,
cl_cputogputocpu_pinned,939.054900,0.093905,0.112000,0.033900,0.112000,0.003820,
cl_devicetransfer_standard,490.891400,0.049089,0.276500,0.041500,0.226100,0.001776,
cl_devicetransfer_pinned,494.415500,0.049442,0.331900,0.041300,0.277800,0.001701,
cl_devicetransferkernel_standard,383.358500,0.038336,0.347100,0.033700,0.253000,0.001412,
cl_devicetransferkernel_pinned,384.539000,0.038454,0.286500,0.031100,0.242300,0.001363,
cl_simplebufferprocessing_standard,1699.333200,0.169933,0.669000,0.141800,0.392400,0.004915,
cl_simplebufferprocessing_pinned,1424.394300,0.142439,0.556700,0.121800,0.556700,0.005616,
cl_complexbufferprocessing_standard,1678.558500,0.167856,0.575200,0.143500,0.401700,0.004439,
cl_complexbufferprocessing_pinned,1416.798100,0.141680,0.634600,0.122800,0.370300,0.006399,
cl_simplebuffersynthesis_standard,1098.617600,0.109862,0.344400,0.092700,0.284200,0.003840,
cl_simplebuffersynthesis_pinned,865.063900,0.086506,0.273100,0.072200,0.179800,0.002414,
cl_complexbuffersynthesis_standard,1746.694700,0.174669,0.506400,0.156100,0.310700,0.005385,
cl_complexbuffersynthesis_pinned,151.450800,0.015145,2.034300,0.012100,2.011700,0.004165,
cl_interruptedbufferprocessing_standard,3298.230200,0.166149,0.567000,0.134700,0.385900,0.005820,
cl_interruptedbufferprocessing_pinned,2799.867800,0.141044,0.641700,0.123000,0.373400,0.005941,
