Test_Name,Total_Time,Average_Time,Max_Time,Min_Time,Max_Difference,Average_Difference,
cl_nullkernel,95.915400,0.009592,0.050300,0.008300,0.034600,0.000251,
cl_cputogpu_standard,569.223100,0.056922,0.336300,0.050900,0.242300,0.002720,
cl_cputogpu_mappedbuffer,401.587500,0.040159,0.146000,0.034200,0.146000,0.003026,
cl_gputocpu_standard,671.397600,0.067140,0.258900,0.058600,0.181200,0.002141,
cl_gputocpu_pinned,428.453900,0.042845,0.114400,0.034400,0.114400,0.001805,
cl_cputogputocpu_standard,1265.841900,0.126584,0.175600,0.059100,0.174400,0.002585,
cl_cputogputocpu_pinned,922.852100,0.092285,0.106600,0.033700,0.088700,0.003660,
cl_devicetransfer_standard,492.790700,0.049279,0.293800,0.041500,0.238500,0.001845,
cl_devicetransfer_pinned,495.198900,0.049520,0.292200,0.046600,0.237000,0.001634,
cl_devicetransferkernel_standard,385.036800,0.038504,0.275900,0.031500,0.230800,0.001459,
cl_devicetransferkernel_pinned,383.806500,0.038381,0.285300,0.031800,0.243100,0.001277,
cl_simplebufferprocessing_standard,1697.797500,0.169780,0.487300,0.146700,0.398600,0.004712,
cl_simplebufferprocessing_pinned,1432.364300,0.143236,0.792800,0.123200,0.380200,0.006092,
cl_complexbufferprocessing_standard,1691.398900,0.169140,0.564900,0.143100,0.564900,0.004670,
cl_complexbufferprocessing_pinned,1420.351600,0.142035,0.517700,0.122900,0.374600,0.006561,
cl_simplebuffersynthesis_standard,1109.275200,0.110928,0.355100,0.095000,0.355100,0.003728,
cl_simplebuffersynthesis_pinned,879.369100,0.087937,0.333900,0.079400,0.183000,0.002335,
cl_complexbuffersynthesis_standard,2573.793800,0.257379,0.651000,0.227200,0.310600,0.005465,
cl_complexbuffersynthesis_pinned,628.850300,0.062885,2.113300,0.048400,2.063100,0.019805,
cl_interruptedbufferprocessing_standard,3303.677400,0.166424,0.607400,0.150000,0.291300,0.004623,
cl_interruptedbufferprocessing_pinned,2769.023500,0.139490,0.592000,0.122700,0.375500,0.006352,
