Test_Name,Total_Time,Average_Time,Max_Time,Min_Time,Max_Difference,Average_Difference,
cl_nullkernel,118.507700,0.011851,0.152300,0.008300,0.121200,0.000285,
cl_cputogpu_standard,584.326900,0.058433,0.263800,0.051000,0.209800,0.002398,
cl_cputogpu_mappedbuffer,404.356600,0.040436,0.157000,0.033900,0.157000,0.003206,
cl_gputocpu_standard,659.070900,0.065907,0.177100,0.063400,0.175600,0.001946,
cl_gputocpu_pinned,428.011300,0.042801,0.114000,0.039800,0.089300,0.001839,
cl_cputogputocpu_standard,1279.100900,0.127910,0.209800,0.063700,0.106300,0.003158,
cl_cputogputocpu_pinned,932.661100,0.093266,0.108100,0.033700,0.092200,0.003926,
cl_devicetransfer_standard,489.493600,0.048949,0.292900,0.046400,0.239000,0.001773,
cl_devicetransfer_pinned,494.969300,0.049497,0.320600,0.046300,0.269800,0.002118,
cl_devicetransferkernel_standard,381.548400,0.038155,0.294100,0.034400,0.247400,0.001385,
cl_devicetransferkernel_pinned,381.484700,0.038148,0.286600,0.034900,0.230400,0.001400,
cl_simplebufferprocessing_standard,1689.205900,0.168921,0.627100,0.150800,0.428900,0.004959,
cl_simplebufferprocessing_pinned,1390.929400,0.139093,0.501400,0.122400,0.390600,0.007006,
cl_complexbufferprocessing_standard,1692.266500,0.169227,0.443600,0.152800,0.441500,0.004893,
cl_complexbufferprocessing_pinned,1421.639400,0.142164,0.493000,0.123100,0.367900,0.006355,
cl_simplebuffersynthesis_standard,1123.354500,0.112335,0.418700,0.095500,0.372200,0.003575,
cl_simplebuffersynthesis_pinned,872.209800,0.087221,0.421400,0.081900,0.234800,0.002281,
cl_complexbuffersynthesis_standard,4623.035900,0.462304,1.006500,0.442700,0.758700,0.009443,
cl_complexbuffersynthesis_pinned,2500.182900,0.250018,2.489900,0.208800,2.265700,0.039604,
cl_interruptedbufferprocessing_standard,3306.213900,0.166552,0.618000,0.150200,0.458000,0.004673,
cl_interruptedbufferprocessing_pinned,2797.562600,0.140928,0.607800,0.123200,0.372400,0.005975,
