Test_Name,Total_Time,Average_Time,Max_Time,Min_Time,Max_Difference,Average_Difference,
cl_nullkernel,93.676800,0.009368,0.076800,0.008300,0.045200,0.000262,
cl_cputogpu_standard,571.579900,0.057158,0.315900,0.051100,0.256200,0.002814,
cl_cputogpu_mappedbuffer,404.399300,0.040440,0.193600,0.034100,0.162400,0.003281,
cl_gputocpu_standard,667.165700,0.066717,0.179500,0.063700,0.175600,0.001979,
cl_gputocpu_pinned,427.614700,0.042761,0.107200,0.039400,0.089400,0.001999,
cl_cputogputocpu_standard,1264.651800,0.126465,0.177900,0.063400,0.173700,0.003293,
cl_cputogputocpu_pinned,928.553000,0.092855,0.111200,0.033700,0.089500,0.003975,
cl_devicetransfer_standard,490.921700,0.049092,0.282200,0.045800,0.228100,0.001776,
cl_devicetransfer_pinned,492.835500,0.049284,0.330000,0.046100,0.253200,0.001847,
cl_devicetransferkernel_standard,381.015300,0.038102,0.275300,0.035400,0.230200,0.001451,
cl_devicetransferkernel_pinned,383.687300,0.038369,0.285700,0.035200,0.244600,0.001276,
cl_simplebufferprocessing_standard,1699.133400,0.169913,0.551400,0.150700,0.408900,0.005044,
cl_simplebufferprocessing_pinned,1429.861900,0.142986,0.701300,0.123000,0.367300,0.006462,
cl_complexbufferprocessing_standard,1687.418700,0.168742,0.627900,0.151600,0.387800,0.004767,
cl_complexbufferprocessing_pinned,1433.235700,0.143324,0.563000,0.122800,0.367900,0.005213,
cl_simplebuffersynthesis_standard,1107.185500,0.110719,0.361000,0.098100,0.361000,0.004323,
cl_simplebuffersynthesis_pinned,869.770200,0.086977,0.425100,0.078900,0.262300,0.002485,
cl_complexbuffersynthesis_standard,3838.434400,0.383843,1.010400,0.335300,0.628500,0.007425,
cl_complexbuffersynthesis_pinned,1262.037600,0.126204,2.197000,0.098300,2.085800,0.025400,
cl_interruptedbufferprocessing_standard,3304.607200,0.166471,0.491300,0.149600,0.188000,0.005096,
cl_interruptedbufferprocessing_pinned,2792.442400,0.140670,0.612400,0.122800,0.372600,0.006113,
