Test_Name,Total_Time,Average_Time,Max_Time,Min_Time,Max_Difference,Average_Difference,
cl_nullkernel,95.287400,0.009529,0.043600,0.008300,0.034400,0.000262,
cl_cputogpu_standard,579.399600,0.057940,0.312500,0.051100,0.197400,0.002482,
cl_cputogpu_mappedbuffer,400.487000,0.040049,0.139500,0.034000,0.139500,0.003111,
cl_gputocpu_standard,664.327600,0.066433,0.191200,0.059000,0.175200,0.001848,
cl_gputocpu_pinned,434.999400,0.043500,0.177600,0.033600,0.110100,0.001846,
cl_cputogputocpu_standard,1260.661100,0.126066,0.175300,0.057200,0.175300,0.003126,
cl_cputogputocpu_pinned,925.633500,0.092563,0.091300,0.033800,0.091300,0.003577,
cl_devicetransfer_standard,490.763200,0.049076,0.295200,0.041500,0.243800,0.001831,
cl_devicetransfer_pinned,508.957800,0.050896,0.394700,0.040500,0.301900,0.001841,
cl_devicetransferkernel_standard,401.848800,0.040185,0.285200,0.031200,0.205400,0.001301,
cl_devicetransferkernel_pinned,383.490700,0.038349,0.339700,0.031200,0.251800,0.001345,
cl_simplebufferprocessing_standard,1689.368500,0.168937,0.564800,0.146500,0.395800,0.004746,
cl_simplebufferprocessing_pinned,1417.791400,0.141779,0.543900,0.122900,0.409600,0.006161,
cl_complexbufferprocessing_standard,1718.064300,0.171806,0.787300,0.144800,0.412700,0.005228,
cl_complexbufferprocessing_pinned,1439.183700,0.143918,0.532500,0.124300,0.400300,0.005075,
cl_simplebuffersynthesis_standard,1111.954800,0.111195,0.348300,0.093300,0.269500,0.004218,
cl_simplebuffersynthesis_pinned,869.190600,0.086919,0.384700,0.072600,0.384700,0.002515,
cl_complexbuffersynthesis_standard,11787.110300,1.178711,2.135500,1.131800,1.494300,0.022267,
cl_complexbuffersynthesis_pinned,10139.193200,1.013919,4.180200,0.863700,3.283400,0.184099,
cl_interruptedbufferprocessing_standard,3299.843000,0.166231,0.544700,0.141000,0.337300,0.004449,
cl_interruptedbufferprocessing_pinned,2818.766800,0.141996,0.597600,0.122700,0.597600,0.005451,
