Test_Name,Total_Time,Average_Time,Max_Time,Min_Time,Max_Difference,Average_Difference,
cl_nullkernel,93.916200,0.009392,0.084400,0.008300,0.075300,0.000257,
cl_cputogpu_standard,562.314100,0.056231,0.371400,0.050900,0.242000,0.002802,
cl_cputogpu_mappedbuffer,400.732200,0.040073,0.148600,0.034200,0.133400,0.003302,
cl_gputocpu_standard,657.561400,0.065756,0.175000,0.063300,0.175000,0.001771,
cl_gputocpu_pinned,432.044000,0.043204,0.111300,0.035000,0.087100,0.001608,
cl_cputogputocpu_standard,1265.906000,0.126591,0.174200,0.063600,0.174200,0.002657,
cl_cputogputocpu_pinned,924.960100,0.092496,0.090400,0.033800,0.089200,0.003970,
cl_devicetransfer_standard,490.906000,0.049091,0.304400,0.046400,0.251000,0.001808,
cl_devicetransfer_pinned,491.956900,0.049196,0.290500,0.041800,0.238800,0.001716,
cl_devicetransferkernel_standard,400.093200,0.040009,0.360600,0.034900,0.282600,0.001620,
cl_devicetransferkernel_pinned,382.515000,0.038251,0.270400,0.035000,0.243300,0.001378,
cl_simplebufferprocessing_standard,1693.030400,0.169303,0.552700,0.147400,0.389900,0.005063,
cl_simplebufferprocessing_pinned,1414.699500,0.141470,0.521600,0.122600,0.389900,0.006375,
cl_complexbufferprocessing_standard,1694.773900,0.169477,0.543200,0.147600,0.394700,0.005165,
cl_complexbufferprocessing_pinned,1378.752700,0.137875,0.599000,0.123100,0.399500,0.007505,
cl_simplebuffersynthesis_standard,1094.553900,0.109455,0.323800,0.099100,0.282000,0.003075,
cl_simplebuffersynthesis_pinned,863.141600,0.086314,0.321000,0.075400,0.215700,0.002661,
cl_complexbuffersynthesis_standard,1571.054600,0.157105,0.526400,0.137500,0.367900,0.004164,
cl_complexbuffersynthesis_pinned,75.223700,0.007522,0.074100,0.006100,0.067000,0.001508,
cl_interruptedbufferprocessing_standard,3313.162500,0.166902,0.695600,0.150500,0.324600,0.005548,
cl_interruptedbufferprocessing_pinned,2773.370200,0.139709,0.501300,0.122900,0.373400,0.006830,
