Test_Name,Total_Time,Average_Time,Max_Time,Min_Time,Max_Difference,Average_Difference,
cl_nullkernel,98.403200,0.009840,0.051400,0.008300,0.035000,0.000270,
cl_cputogpu_standard,561.663200,0.056166,0.305200,0.051000,0.233800,0.002776,
cl_cputogpu_mappedbuffer,403.037000,0.040304,0.142200,0.034100,0.142200,0.003359,
cl_gputocpu_standard,666.478800,0.066648,0.175600,0.063400,0.175600,0.001893,
cl_gputocpu_pinned,436.217900,0.043622,0.215900,0.039600,0.132900,0.001802,
cl_cputogputocpu_standard,1268.556700,0.126856,0.179500,0.063400,0.179500,0.002865,
cl_cputogputocpu_pinned,934.249400,0.093425,0.118000,0.033600,0.089200,0.003783,
cl_devicetransfer_standard,489.417300,0.048942,0.280300,0.046300,0.229100,0.001721,
cl_devicetransfer_pinned,492.801100,0.049280,0.296900,0.046000,0.243300,0.001683,
cl_devicetransferkernel_standard,386.254300,0.038625,0.319200,0.033800,0.237900,0.001796,
cl_devicetransferkernel_pinned,381.529300,0.038153,0.283800,0.033400,0.237200,0.001452,
cl_simplebufferprocessing_standard,1703.848000,0.170385,0.551100,0.156700,0.428400,0.004986,
cl_simplebufferprocessing_pinned,1423.100900,0.142310,0.675900,0.123400,0.373700,0.006565,
cl_complexbufferprocessing_standard,1715.969200,0.171597,0.568100,0.157500,0.388900,0.005192,
cl_complexbufferprocessing_pinned,1443.428500,0.144343,0.568900,0.129400,0.371100,0.006027,
cl_simplebuffersynthesis_standard,1102.050000,0.110205,0.345800,0.104800,0.235300,0.004037,
cl_simplebuffersynthesis_pinned,880.105900,0.088011,0.306500,0.082200,0.201200,0.002584,
cl_complexbuffersynthesis_standard,22068.241000,2.206824,5.475700,2.062600,3.127500,0.044008,
cl_complexbuffersynthesis_pinned,20590.828000,2.059083,7.038500,1.735900,5.275400,0.378218,
cl_interruptedbufferprocessing_standard,3316.185100,0.167054,0.588500,0.141300,0.288800,0.005249,
cl_interruptedbufferprocessing_pinned,2811.681000,0.141639,0.578300,0.123800,0.375900,0.005800,
