Test_Name,Total_Time,Average_Time,Max_Time,Min_Time,Max_Difference,Average_Difference,
cl_nullkernel,92.272300,0.009227,0.050800,0.008200,0.034700,0.000282,
cl_cputogpu_standard,570.973100,0.057097,0.318800,0.050900,0.258200,0.002628,
cl_cputogpu_mappedbuffer,399.563000,0.039956,0.141600,0.034100,0.141600,0.003340,
cl_gputocpu_standard,671.933700,0.067193,0.275600,0.058800,0.175700,0.001767,
cl_gputocpu_pinned,424.208000,0.042421,0.107100,0.033600,0.089100,0.001694,
cl_cputogputocpu_standard,1257.328800,0.125733,0.187100,0.058400,0.174200,0.002625,
cl_cputogputocpu_pinned,929.224100,0.092922,0.108600,0.033700,0.088500,0.004087,
cl_devicetransfer_standard,488.949200,0.048895,0.291600,0.041400,0.243700,0.001822,
cl_devicetransfer_pinned,492.388700,0.049239,0.325600,0.041400,0.235600,0.001775,
cl_devicetransferkernel_standard,379.489800,0.037949,0.284600,0.034100,0.241100,0.001459,
cl_devicetransferkernel_pinned,380.023100,0.038002,0.277800,0.031700,0.231900,0.001361,
cl_simplebufferprocessing_standard,1674.271300,0.167427,0.947600,0.144000,0.783800,0.004474,
cl_simplebufferprocessing_pinned,1417.866800,0.141787,0.589900,0.122800,0.365700,0.006713,
cl_complexbufferprocessing_standard,1692.547600,0.169255,0.634200,0.147000,0.425800,0.004655,
cl_complexbufferprocessing_pinned,1396.883200,0.139688,0.569600,0.122600,0.392400,0.007028,
cl_simplebuffersynthesis_standard,1103.029400,0.110303,0.356500,0.094600,0.356500,0.003531,
cl_simplebuffersynthesis_pinned,868.607500,0.086861,0.338600,0.072200,0.241400,0.002270,
cl_complexbuffersynthesis_standard,1997.239000,0.199724,0.656900,0.185400,0.388400,0.006271,
cl_complexbuffersynthesis_pinned,316.318800,0.031632,2.016500,0.024600,1.991100,0.009218,
cl_interruptedbufferprocessing_standard,3286.771000,0.165572,0.595800,0.140500,0.225300,0.004376,
cl_interruptedbufferprocessing_pinned,2801.473900,0.141125,0.506200,0.123000,0.376700,0.005720,
