Test_Name,Total_Time,Average_Time,Max_Time,Min_Time,Max_Difference,Average_Difference,
cl_nullkernel,3.191400,0.031914,0.037300,0.031100,0.034600,0.000971,
cl_cputogpu_standard,13.454200,0.134542,0.381000,0.126200,0.249800,0.012353,
cl_cputogpu_mappedbuffer,9.323200,0.093232,0.187400,0.076200,0.187400,0.008923,
cl_gputocpu_standard,16.411300,0.164113,0.241900,0.097800,0.210500,0.011080,
cl_gputocpu_pinned,7.277000,0.072770,0.188400,0.058000,0.118700,0.007487,
cl_cputogputocpu_standard,24.059100,0.240591,0.233900,0.080000,0.173200,0.009467,
cl_cputogputocpu_pinned,21.642000,0.216420,0.125300,0.056500,0.115100,0.007749,
cl_devicetransfer_standard,10.205900,0.102059,0.350900,0.068400,0.273300,0.019041,
cl_devicetransfer_pinned,12.396600,0.123966,0.323100,0.111500,0.206300,0.014574,
cl_devicetransferkernel_standard,9.047800,0.090478,0.187100,0.072200,0.136700,0.008232,
cl_devicetransferkernel_pinned,7.500400,0.075004,0.188300,0.063800,0.121900,0.005535,
cl_simplebufferprocessing_standard,39.775200,0.397752,0.795600,0.237600,0.756600,0.036627,
cl_simplebufferprocessing_pinned,32.747300,0.327473,0.531300,0.277200,0.438900,0.023664,
cl_complexbufferprocessing_standard,29.092100,0.290921,0.584100,0.232500,0.388300,0.023392,
cl_complexbufferprocessing_pinned,34.388000,0.343880,0.614500,0.287000,0.368500,0.026012,
cl_simplebuffersynthesis_standard,23.437600,0.234376,0.444100,0.183200,0.296500,0.018188,
cl_simplebuffersynthesis_pinned,20.089200,0.200892,0.329300,0.138200,0.190100,0.023864,
cl_complexbuffersynthesis_standard,43.168800,0.431688,0.710100,0.385500,0.574900,0.026792,
cl_complexbuffersynthesis_pinned,13.410000,0.134100,0.352500,0.102700,0.238400,0.009524,
cl_interruptedbufferprocessing_standard,56.157800,0.262420,0.641500,0.173900,0.298200,0.013460,
cl_interruptedbufferprocessing_pinned,50.865800,0.237691,0.638600,0.154700,0.382600,0.021606,
