Test_Name,Total_Time,Average_Time,Max_Time,Min_Time,Max_Difference,Average_Difference,
cl_nullkernel,0.965200,0.009652,0.012200,0.009200,0.010900,0.000508,
cl_cputogpu_standard,6.962900,0.069629,0.089200,0.063700,0.065600,0.002271,
cl_cputogpu_mappedbuffer,5.914600,0.059146,0.108700,0.048900,0.096900,0.007311,
cl_gputocpu_standard,8.294200,0.082942,0.158100,0.076800,0.084600,0.006574,
cl_gputocpu_pinned,6.071600,0.060716,0.082600,0.048400,0.060200,0.003742,
cl_cputogputocpu_standard,14.767600,0.147676,0.146300,0.076800,0.083500,0.006126,
cl_cputogputocpu_pinned,15.521300,0.155213,0.101100,0.044300,0.058600,0.005814,
cl_devicetransfer_standard,5.155400,0.051554,0.056700,0.047600,0.052500,0.004796,
cl_devicetransfer_pinned,5.405700,0.054057,0.065900,0.048400,0.054300,0.004555,
cl_devicetransferkernel_standard,6.128700,0.061287,0.090700,0.043700,0.047000,0.005646,
cl_devicetransferkernel_pinned,5.184600,0.051846,0.246900,0.041500,0.204000,0.009824,
cl_simplebufferprocessing_standard,20.130400,0.201304,0.420700,0.183200,0.196200,0.012615,
cl_simplebufferprocessing_pinned,23.060700,0.230607,0.416700,0.207000,0.222700,0.017642,
cl_complexbufferprocessing_standard,19.111700,0.191117,0.415200,0.179800,0.228500,0.012198,
cl_complexbufferprocessing_pinned,24.034500,0.240345,0.604500,0.212200,0.309900,0.020713,
cl_simplebuffersynthesis_standard,13.446500,0.134465,0.298600,0.125300,0.170400,0.008594,
cl_simplebuffersynthesis_pinned,12.802200,0.128022,0.244700,0.112700,0.136800,0.009162,
cl_complexbuffersynthesis_standard,6497.267900,64.972679,66.689500,64.634300,66.039600,0.818269,
cl_complexbuffersynthesis_pinned,6601.733900,66.017339,85.292300,56.769100,57.445600,6.321482,
cl_interruptedbufferprocessing_standard,42.178400,0.197095,0.377200,0.176600,0.260200,0.011817,
cl_interruptedbufferprocessing_pinned,46.286900,0.216294,0.436100,0.149500,0.203700,0.020628,
