Test_Name,Total_Time,Average_Time,Max_Time,Min_Time,Max_Difference,Average_Difference,
cl_nullkernel,3.180400,0.031804,0.065300,0.030900,0.035300,0.001445,
cl_cputogpu_standard,13.238700,0.132387,0.247400,0.116800,0.151400,0.009357,
cl_cputogpu_mappedbuffer,8.726200,0.087262,0.146500,0.073400,0.146500,0.009534,
cl_gputocpu_standard,14.725500,0.147255,0.267200,0.090100,0.147000,0.009428,
cl_gputocpu_pinned,7.344100,0.073441,0.098000,0.059400,0.083700,0.004263,
cl_cputogputocpu_standard,21.172500,0.211725,0.170400,0.086000,0.170400,0.007048,
cl_cputogputocpu_pinned,18.743200,0.187432,0.155400,0.053800,0.135900,0.007271,
cl_devicetransfer_standard,9.025300,0.090253,0.365200,0.060900,0.300200,0.018445,
cl_devicetransfer_pinned,10.228000,0.102280,0.321300,0.073000,0.239500,0.015310,
cl_devicetransferkernel_standard,7.665200,0.076652,0.400500,0.056400,0.344100,0.014062,
cl_devicetransferkernel_pinned,6.180700,0.061807,0.166700,0.050600,0.106700,0.007239,
cl_simplebufferprocessing_standard,33.416500,0.334165,0.622000,0.189900,0.222400,0.024808,
cl_simplebufferprocessing_pinned,33.589300,0.335893,0.809500,0.246500,0.466800,0.034289,
cl_complexbufferprocessing_standard,27.101700,0.271017,0.578300,0.197600,0.399900,0.020713,
cl_complexbufferprocessing_pinned,30.973400,0.309734,0.664300,0.244800,0.398100,0.029209,
cl_simplebuffersynthesis_standard,19.588200,0.195882,0.439800,0.159900,0.282400,0.019063,
cl_simplebuffersynthesis_pinned,19.932700,0.199327,0.403500,0.166100,0.206900,0.018275,
cl_complexbuffersynthesis_standard,85.868000,0.858680,1.309700,0.796000,0.829200,0.051486,
cl_complexbuffersynthesis_pinned,49.658700,0.496587,0.739000,0.430600,0.508700,0.019512,
cl_interruptedbufferprocessing_standard,55.948700,0.261443,0.665900,0.174100,0.330100,0.014583,
cl_interruptedbufferprocessing_pinned,52.625300,0.245913,0.712000,0.147600,0.453100,0.026312,
