Test_Name,Total_Time,Average_Time,Max_Time,Min_Time,Max_Difference,Average_Difference,
cl_nullkernel,2.721300,0.027213,0.029900,0.026800,0.029600,0.000629,
cl_cputogpu_standard,13.513000,0.135130,0.401400,0.115100,0.271600,0.012298,
cl_cputogpu_mappedbuffer,8.678500,0.086785,0.198600,0.070800,0.126300,0.007633,
cl_gputocpu_standard,15.324200,0.153242,0.262100,0.102900,0.154600,0.012042,
cl_gputocpu_pinned,7.787900,0.077879,0.122000,0.062800,0.093100,0.004560,
cl_cputogputocpu_standard,21.618700,0.216187,0.180200,0.084900,0.171800,0.005959,
cl_cputogputocpu_pinned,18.808000,0.188080,0.140500,0.053400,0.080400,0.006312,
cl_devicetransfer_standard,10.389600,0.103896,0.324500,0.067700,0.229500,0.013515,
cl_devicetransfer_pinned,10.729600,0.107296,0.331600,0.076900,0.253500,0.021728,
cl_devicetransferkernel_standard,10.069700,0.100697,0.258400,0.085200,0.168400,0.007022,
cl_devicetransferkernel_pinned,8.334900,0.083349,0.210200,0.063200,0.146000,0.010286,
cl_simplebufferprocessing_standard,34.731300,0.347313,0.660300,0.219900,0.273100,0.024377,
cl_simplebufferprocessing_pinned,35.841900,0.358419,0.743400,0.256700,0.609200,0.035853,
cl_complexbufferprocessing_standard,27.379100,0.273791,0.676000,0.213300,0.437500,0.027823,
cl_complexbufferprocessing_pinned,31.627000,0.316270,0.597700,0.247900,0.412700,0.023437,
cl_simplebuffersynthesis_standard,19.277300,0.192773,0.400800,0.144700,0.285300,0.015513,
cl_simplebuffersynthesis_pinned,21.759800,0.217598,0.389100,0.190800,0.283400,0.021864,
cl_complexbuffersynthesis_standard,141.698900,1.416989,2.155900,1.257100,1.648500,0.067099,
cl_complexbuffersynthesis_pinned,93.087300,0.930873,1.318100,0.871900,0.982700,0.034019,
cl_interruptedbufferprocessing_standard,55.138400,0.257656,0.492300,0.171200,0.271300,0.010858,
cl_interruptedbufferprocessing_pinned,51.650500,0.241357,0.528200,0.154900,0.379100,0.013152,
