Test_Name,Total_Time,Average_Time,Max_Time,Min_Time,Max_Difference,Average_Difference,
cl_nullkernel,3.177300,0.031773,0.048600,0.031000,0.035400,0.001016,
cl_cputogpu_standard,12.854900,0.128549,0.257200,0.111300,0.137000,0.007644,
cl_cputogpu_mappedbuffer,8.375200,0.083752,0.189400,0.056400,0.160800,0.010688,
cl_gputocpu_standard,15.332700,0.153327,0.253700,0.105700,0.161100,0.007984,
cl_gputocpu_pinned,9.452800,0.094528,0.177900,0.082600,0.100900,0.006698,
cl_cputogputocpu_standard,31.535800,0.315358,0.233900,0.091100,0.204600,0.014037,
cl_cputogputocpu_pinned,21.216100,0.212161,0.212800,0.055800,0.138600,0.011607,
cl_devicetransfer_standard,9.689900,0.096899,0.309100,0.073400,0.192000,0.013355,
cl_devicetransfer_pinned,10.602100,0.106021,0.189400,0.088600,0.123700,0.009984,
cl_devicetransferkernel_standard,7.772600,0.077726,0.218200,0.064400,0.153000,0.011970,
cl_devicetransferkernel_pinned,6.511000,0.065110,0.154700,0.053500,0.089100,0.008804,
cl_simplebufferprocessing_standard,34.143400,0.341434,0.637300,0.195800,0.415300,0.022144,
cl_simplebufferprocessing_pinned,36.923800,0.369238,0.615000,0.303600,0.458400,0.025990,
cl_complexbufferprocessing_standard,40.588200,0.405882,0.690500,0.301300,0.483600,0.023029,
cl_complexbufferprocessing_pinned,39.233300,0.392333,0.621800,0.284000,0.414600,0.027898,
cl_simplebuffersynthesis_standard,27.833700,0.278337,0.453200,0.231400,0.290400,0.019952,
cl_simplebuffersynthesis_pinned,19.433100,0.194331,0.320300,0.171000,0.197800,0.015860,
cl_complexbuffersynthesis_standard,420.777400,4.207774,4.860000,4.051500,4.235000,0.128161,
cl_complexbuffersynthesis_pinned,377.511900,3.775119,6.196600,3.466600,3.676400,0.419225,
cl_interruptedbufferprocessing_standard,55.405600,0.258905,0.616000,0.169500,0.407800,0.012538,
cl_interruptedbufferprocessing_pinned,50.185900,0.234514,0.413700,0.155600,0.413700,0.012076,
