Test_Name,Total_Time,Average_Time,Max_Time,Min_Time,Max_Difference,Average_Difference,
cl_nullkernel,3.144900,0.031449,0.035900,0.030900,0.035500,0.000764,
cl_cputogpu_standard,13.912400,0.139124,0.328400,0.111600,0.196500,0.019327,
cl_cputogpu_mappedbuffer,9.151000,0.091510,0.325700,0.064500,0.229100,0.014259,
cl_gputocpu_standard,14.636700,0.146367,0.226700,0.091800,0.120500,0.008842,
cl_gputocpu_pinned,7.565100,0.075651,0.140200,0.064200,0.099000,0.006098,
cl_cputogputocpu_standard,21.420300,0.214203,0.201000,0.085900,0.200700,0.008637,
cl_cputogputocpu_pinned,20.357300,0.203573,0.121200,0.058000,0.111700,0.004955,
cl_devicetransfer_standard,9.098300,0.090983,0.271400,0.066900,0.176400,0.010410,
cl_devicetransfer_pinned,12.163100,0.121631,0.271600,0.111900,0.271600,0.012601,
cl_devicetransferkernel_standard,13.213500,0.132135,0.419500,0.083000,0.278100,0.023484,
cl_devicetransferkernel_pinned,8.265300,0.082653,0.162000,0.062000,0.110700,0.007523,
cl_simplebufferprocessing_standard,39.423100,0.394231,0.784800,0.245800,0.383000,0.037152,
cl_simplebufferprocessing_pinned,37.052900,0.370529,0.834400,0.230200,0.486900,0.045653,
cl_complexbufferprocessing_standard,20.482800,0.204828,0.464400,0.166300,0.398000,0.024986,
cl_complexbufferprocessing_pinned,16.953600,0.169536,0.443100,0.150700,0.276100,0.012810,
cl_simplebuffersynthesis_standard,15.939800,0.159398,0.304400,0.136600,0.156200,0.011470,
cl_simplebuffersynthesis_pinned,19.997000,0.199970,0.437000,0.167700,0.272000,0.017867,
cl_complexbuffersynthesis_standard,3307.341500,33.073415,36.059800,32.380900,34.687700,0.558005,
cl_complexbuffersynthesis_pinned,3214.472000,32.144720,52.735500,28.365800,31.462300,4.549499,
cl_interruptedbufferprocessing_standard,40.292600,0.188283,0.455000,0.167500,0.270900,0.012091,
cl_interruptedbufferprocessing_pinned,44.420500,0.207572,0.423200,0.143500,0.225100,0.011861,
