Test_Name,Total_Time,Average_Time,Max_Time,Min_Time,Max_Difference,Average_Difference,
cl_nullkernel,3.201500,0.032015,0.037000,0.031300,0.037000,0.000905,
cl_cputogpu_standard,13.013100,0.130131,0.218400,0.112600,0.144700,0.011031,
cl_cputogpu_mappedbuffer,9.098000,0.090980,0.158100,0.086500,0.158100,0.005304,
cl_gputocpu_standard,16.052500,0.160525,0.216300,0.106600,0.184000,0.008381,
cl_gputocpu_pinned,8.801100,0.088011,0.135200,0.062900,0.116100,0.008091,
cl_cputogputocpu_standard,23.294400,0.232944,0.273400,0.098700,0.177800,0.015695,
cl_cputogputocpu_pinned,21.084100,0.210841,0.138500,0.052200,0.138500,0.007197,
cl_devicetransfer_standard,9.524800,0.095248,0.186500,0.070500,0.130200,0.005354,
cl_devicetransfer_pinned,11.965200,0.119652,0.322200,0.099500,0.188100,0.015471,
cl_devicetransferkernel_standard,7.843800,0.078438,0.294400,0.058800,0.205900,0.014388,
cl_devicetransferkernel_pinned,7.297900,0.072979,0.148400,0.052300,0.093800,0.006523,
cl_simplebufferprocessing_standard,35.662400,0.356624,0.619500,0.200400,0.345000,0.030306,
cl_simplebufferprocessing_pinned,39.340600,0.393406,0.701700,0.282300,0.508400,0.042960,
cl_complexbufferprocessing_standard,30.014200,0.300142,0.534800,0.205000,0.439600,0.027266,
cl_complexbufferprocessing_pinned,34.410300,0.344103,0.529300,0.250900,0.459100,0.025383,
cl_simplebuffersynthesis_standard,21.880800,0.218808,0.402300,0.183200,0.298000,0.018715,
cl_simplebuffersynthesis_pinned,19.751300,0.197513,0.366100,0.173600,0.229300,0.013320,
cl_complexbuffersynthesis_standard,1641.459200,16.414592,17.473100,16.074400,17.473100,0.284799,
cl_complexbuffersynthesis_pinned,1610.460900,16.104609,31.450100,14.025600,17.272100,2.099033,
cl_interruptedbufferprocessing_standard,57.980700,0.270938,0.602500,0.175900,0.245400,0.016882,
cl_interruptedbufferprocessing_pinned,64.961800,0.303560,0.612200,0.169900,0.437600,0.025912,
