Test_Name,Total_Time,Average_Time,Max_Time,Min_Time,Max_Difference,Average_Difference,
cl_nullkernel,3.178100,0.031781,0.040900,0.031100,0.034800,0.000875,
cl_cputogpu_standard,12.970200,0.129702,0.320200,0.100300,0.231100,0.019293,
cl_cputogpu_mappedbuffer,8.979600,0.089796,0.218200,0.062300,0.163400,0.008588,
cl_gputocpu_standard,15.069200,0.150692,0.197900,0.107300,0.145500,0.008379,
cl_gputocpu_pinned,7.257500,0.072575,0.153600,0.060800,0.116800,0.008087,
cl_cputogputocpu_standard,23.369800,0.233698,0.223500,0.081700,0.223500,0.011220,
cl_cputogputocpu_pinned,18.539200,0.185392,0.136900,0.053200,0.080100,0.008064,
cl_devicetransfer_standard,8.629000,0.086290,0.171200,0.064300,0.125400,0.007447,
cl_devicetransfer_pinned,8.850700,0.088507,0.222800,0.069700,0.153100,0.009785,
cl_devicetransferkernel_standard,6.674200,0.066742,0.202200,0.050800,0.143100,0.010371,
cl_devicetransferkernel_pinned,6.424300,0.064243,0.228700,0.047500,0.174400,0.011660,
cl_simplebufferprocessing_standard,32.361800,0.323618,0.573800,0.182700,0.251000,0.017805,
cl_simplebufferprocessing_pinned,33.785400,0.337854,0.618600,0.273400,0.313000,0.021678,
cl_complexbufferprocessing_standard,26.665000,0.266650,0.599500,0.219300,0.575800,0.016920,
cl_complexbufferprocessing_pinned,31.798500,0.317985,0.668000,0.239400,0.444700,0.030114,
cl_simplebuffersynthesis_standard,17.356900,0.173569,0.368100,0.127300,0.368100,0.014925,
cl_simplebuffersynthesis_pinned,19.399000,0.193990,0.330000,0.163200,0.195700,0.013708,
cl_complexbuffersynthesis_standard,237.732000,2.377320,5.223700,2.078300,2.324100,0.150017,
cl_complexbuffersynthesis_pinned,180.197000,1.801970,2.230200,1.739800,1.805300,0.045210,
cl_interruptedbufferprocessing_standard,57.078800,0.266723,0.609300,0.170300,0.284100,0.015056,
cl_interruptedbufferprocessing_pinned,48.890700,0.228461,0.473000,0.142200,0.381900,0.013330,
