Test_Name,Total_Time,Average_Time,Max_Time,Min_Time,Max_Difference,Average_Difference,
cl_nullkernel,3.178300,0.031783,0.035300,0.031200,0.035300,0.000663,
cl_cputogpu_standard,13.642400,0.136424,0.329300,0.120800,0.207600,0.015244,
cl_cputogpu_mappedbuffer,9.534100,0.095341,0.211700,0.086000,0.211700,0.011277,
cl_gputocpu_standard,14.899600,0.148996,0.214500,0.089800,0.177200,0.006815,
cl_gputocpu_pinned,8.330500,0.083305,0.218200,0.057100,0.121500,0.011575,
cl_cputogputocpu_standard,20.698100,0.206981,0.190000,0.089800,0.176500,0.007265,
cl_cputogputocpu_pinned,17.703700,0.177037,0.095000,0.050600,0.080900,0.005090,
cl_devicetransfer_standard,9.495500,0.094955,0.368700,0.066400,0.261200,0.016649,
cl_devicetransfer_pinned,9.906600,0.099066,0.351800,0.065300,0.267100,0.020344,
cl_devicetransferkernel_standard,7.289900,0.072899,0.341700,0.051600,0.289600,0.016213,
cl_devicetransferkernel_pinned,6.653500,0.066535,0.146200,0.049500,0.086600,0.008678,
cl_simplebufferprocessing_standard,34.296500,0.342965,0.724100,0.192900,0.397100,0.038202,
cl_simplebufferprocessing_pinned,35.580300,0.355803,0.748900,0.260500,0.748900,0.044171,
cl_complexbufferprocessing_standard,27.214400,0.272144,0.640900,0.224000,0.429200,0.022738,
cl_complexbufferprocessing_pinned,30.706100,0.307061,0.579800,0.241900,0.443500,0.027403,
cl_simplebuffersynthesis_standard,19.833600,0.198336,0.425500,0.146900,0.312900,0.021387,
cl_simplebuffersynthesis_pinned,20.209800,0.202098,0.317900,0.151300,0.197800,0.020543,
cl_complexbuffersynthesis_standard,52.461200,0.524612,0.874800,0.500700,0.534900,0.024910,
cl_complexbuffersynthesis_pinned,26.097500,0.260975,0.399600,0.215100,0.253700,0.014022,
cl_interruptedbufferprocessing_standard,56.965200,0.266193,0.494200,0.170600,0.256300,0.009866,
cl_interruptedbufferprocessing_pinned,49.993500,0.233614,0.608300,0.151300,0.385700,0.020948,
