Test_Name,Total_Time,Average_Time,Max_Time,Min_Time,Max_Difference,Average_Difference,
cl_nullkernel,3.157100,0.031571,0.036100,0.030800,0.034500,0.000673,
cl_cputogpu_standard,13.215400,0.132154,0.260200,0.112500,0.136800,0.008424,
cl_cputogpu_mappedbuffer,9.033500,0.090335,0.192500,0.082700,0.192500,0.006092,
cl_gputocpu_standard,15.904300,0.159043,0.217600,0.100200,0.180700,0.007030,
cl_gputocpu_pinned,8.049900,0.080499,0.138100,0.063500,0.099600,0.006963,
cl_cputogputocpu_standard,23.360300,0.233603,0.189000,0.090700,0.189000,0.007159,
cl_cputogputocpu_pinned,25.503600,0.255036,0.134700,0.069500,0.118700,0.007822,
cl_devicetransfer_standard,11.734700,0.117347,0.195700,0.112300,0.128500,0.005123,
cl_devicetransfer_pinned,10.871800,0.108718,0.287200,0.078600,0.201400,0.017407,
cl_devicetransferkernel_standard,9.369900,0.093699,0.276000,0.059700,0.210800,0.022914,
cl_devicetransferkernel_pinned,7.812000,0.078120,0.265700,0.054400,0.208200,0.019708,
cl_simplebufferprocessing_standard,32.999500,0.329995,0.531700,0.189700,0.338400,0.026242,
cl_simplebufferprocessing_pinned,30.382400,0.303824,0.519300,0.247500,0.519300,0.028924,
cl_complexbufferprocessing_standard,27.341900,0.273419,0.469300,0.211500,0.418200,0.017339,
cl_complexbufferprocessing_pinned,35.262100,0.352621,0.620400,0.255300,0.402000,0.026323,
cl_simplebuffersynthesis_standard,20.532000,0.205320,0.434500,0.171200,0.342000,0.019087,
cl_simplebuffersynthesis_pinned,19.299700,0.192997,0.313000,0.168000,0.207600,0.017421,
cl_complexbuffersynthesis_standard,823.592200,8.235922,9.152700,7.789400,9.152700,0.185887,
cl_complexbuffersynthesis_pinned,782.420100,7.824201,10.490500,7.015200,7.783000,1.105256,
cl_interruptedbufferprocessing_standard,57.444800,0.268434,0.599000,0.171600,0.252100,0.018090,
cl_interruptedbufferprocessing_pinned,49.204500,0.229928,0.611500,0.154700,0.414900,0.011757,
