Test_Name,Total_Time,Average_Time,Max_Time,Min_Time,Max_Difference,Average_Difference,
cl_nullkernel,3.139100,0.031391,0.036700,0.030900,0.034800,0.000760,
cl_cputogpu_standard,13.296100,0.132961,0.294400,0.125300,0.180300,0.013403,
cl_cputogpu_mappedbuffer,9.036800,0.090368,0.204400,0.085100,0.158700,0.007992,
cl_gputocpu_standard,15.805500,0.158055,0.243500,0.103900,0.202000,0.008062,
cl_gputocpu_pinned,7.549200,0.075492,0.132800,0.060300,0.096200,0.009761,
cl_cputogputocpu_standard,23.727800,0.237278,0.258000,0.086600,0.192300,0.009415,
cl_cputogputocpu_pinned,19.828900,0.198289,0.090000,0.051800,0.090000,0.004643,
cl_devicetransfer_standard,9.202200,0.092022,0.295500,0.067500,0.197700,0.017201,
cl_devicetransfer_pinned,9.616900,0.096169,0.191400,0.080000,0.125900,0.005870,
cl_devicetransferkernel_standard,7.648600,0.076486,0.188000,0.060800,0.116700,0.008030,
cl_devicetransferkernel_pinned,7.404100,0.074041,0.291600,0.049900,0.236000,0.015982,
cl_simplebufferprocessing_standard,34.121200,0.341212,0.738900,0.195200,0.370000,0.026013,
cl_simplebufferprocessing_pinned,38.104100,0.381041,0.897600,0.256100,0.482600,0.032629,
cl_complexbufferprocessing_standard,29.294500,0.292945,0.673000,0.213600,0.469200,0.026339,
cl_complexbufferprocessing_pinned,34.782100,0.347821,0.640200,0.231900,0.408300,0.033257,
cl_simplebuffersynthesis_standard,18.409700,0.184097,0.506300,0.147300,0.288700,0.017527,
cl_simplebuffersynthesis_pinned,19.705400,0.197054,0.347700,0.169200,0.184400,0.019067,
cl_complexbuffersynthesis_standard,31.180300,0.311803,0.625000,0.262900,0.571300,0.028841,
cl_complexbuffersynthesis_pinned,6.427300,0.064273,0.106000,0.055800,0.069000,0.011231,
cl_interruptedbufferprocessing_standard,56.989900,0.266308,0.684100,0.170600,0.314300,0.016166,
cl_interruptedbufferprocessing_pinned,51.132300,0.238936,0.480500,0.155100,0.386600,0.016118,
