Test_Name,Total_Time,Average_Time,Max_Time,Min_Time,Max_Difference,Average_Difference,
cl_nullkernel,3.198800,0.031988,0.037100,0.031200,0.035900,0.000859,
cl_cputogpu_standard,19.606300,0.196063,0.313700,0.149700,0.224300,0.010507,
cl_cputogpu_mappedbuffer,12.398400,0.123984,0.224900,0.092300,0.141700,0.010182,
cl_gputocpu_standard,17.118000,0.171180,0.233100,0.128500,0.149000,0.006873,
cl_gputocpu_pinned,9.820500,0.098205,0.146200,0.082600,0.128800,0.005391,
cl_cputogputocpu_standard,25.821300,0.258213,0.267300,0.116300,0.251300,0.007055,
cl_cputogputocpu_pinned,24.152000,0.241520,0.152100,0.086800,0.134600,0.006842,
cl_devicetransfer_standard,7.008800,0.070088,0.101000,0.055900,0.093100,0.006333,
cl_devicetransfer_pinned,7.539100,0.075391,0.285700,0.053200,0.232100,0.013856,
cl_devicetransferkernel_standard,8.661100,0.086611,0.261000,0.077500,0.174500,0.010235,
cl_devicetransferkernel_pinned,4.951600,0.049516,0.065300,0.044100,0.049100,0.004765,
cl_simplebufferprocessing_standard,40.798200,0.407982,0.720500,0.258100,0.267300,0.021523,
cl_simplebufferprocessing_pinned,33.632600,0.336326,0.577400,0.287400,0.577400,0.023259,
cl_complexbufferprocessing_standard,32.321100,0.323211,0.545100,0.274100,0.470700,0.020673,
cl_complexbufferprocessing_pinned,33.839500,0.338395,0.549900,0.299700,0.460300,0.018931,
cl_simplebuffersynthesis_standard,24.033000,0.240330,0.474000,0.179500,0.347000,0.019749,
cl_simplebuffersynthesis_pinned,19.910300,0.199103,0.364900,0.156600,0.254800,0.014256,
cl_complexbuffersynthesis_standard,54406.330700,544.063307,595.683500,522.180200,530.861800,13.440742,
cl_complexbuffersynthesis_pinned,53621.113100,536.211131,550.632600,500.005900,500.005900,13.179786,
cl_interruptedbufferprocessing_standard,71.661500,0.334867,0.675000,0.254600,0.324000,0.010285,
cl_interruptedbufferprocessing_pinned,61.921200,0.289351,0.495300,0.236800,0.455400,0.012684,
