Test_Name,Total_Time,Average_Time,Max_Time,Min_Time,Max_Difference,Average_Difference,
cl_nullkernel,3.145600,0.031456,0.043900,0.029400,0.032800,0.001009,
cl_cputogpu_standard,13.709100,0.137091,0.319200,0.125800,0.191500,0.015950,
cl_cputogpu_mappedbuffer,8.983900,0.089839,0.167100,0.072000,0.167100,0.008537,
cl_gputocpu_standard,16.140800,0.161408,0.262900,0.109000,0.170500,0.012050,
cl_gputocpu_pinned,6.503800,0.065038,0.106000,0.056100,0.065700,0.006060,
cl_cputogputocpu_standard,19.447600,0.194476,0.146600,0.086900,0.107500,0.005395,
cl_cputogputocpu_pinned,19.897900,0.198979,0.148900,0.058300,0.081800,0.007616,
cl_devicetransfer_standard,9.778100,0.097781,0.185700,0.075400,0.131200,0.005939,
cl_devicetransfer_pinned,11.409800,0.114098,0.437500,0.093000,0.323800,0.018622,
cl_devicetransferkernel_standard,9.014700,0.090147,0.341100,0.064100,0.221700,0.015551,
cl_devicetransferkernel_pinned,8.092100,0.080921,0.328000,0.059000,0.259400,0.019609,
cl_simplebufferprocessing_standard,34.962800,0.349628,0.683700,0.201100,0.301500,0.026072,
cl_simplebufferprocessing_pinned,35.769100,0.357691,0.598400,0.230800,0.598400,0.033523,
cl_complexbufferprocessing_standard,27.185400,0.271854,0.489300,0.220600,0.409100,0.016677,
cl_complexbufferprocessing_pinned,32.416300,0.324163,0.746300,0.243400,0.402300,0.035002,
cl_simplebuffersynthesis_standard,18.694000,0.186940,0.405200,0.154800,0.395100,0.018614,
cl_simplebuffersynthesis_pinned,18.226200,0.182262,0.383400,0.150800,0.186100,0.017853,
cl_complexbuffersynthesis_standard,23.375000,0.233750,0.474900,0.195000,0.347000,0.021198,
cl_complexbuffersynthesis_pinned,2.889400,0.028894,0.049700,0.024800,0.034700,0.005762,
cl_interruptedbufferprocessing_standard,56.956500,0.266152,0.641500,0.171900,0.262000,0.013507,
cl_interruptedbufferprocessing_pinned,52.170700,0.243788,0.733900,0.145300,0.526700,0.015631,
