Test_Name,Total_Time,Average_Time,Max_Time,Min_Time,Max_Difference,Average_Difference,
cl_nullkernel,0.928900,0.009289,0.010800,0.009100,0.010600,0.000223,
cl_cputogpu_standard,7.774200,0.077742,0.320400,0.067600,0.232200,0.010220,
cl_cputogpu_mappedbuffer,6.476100,0.064761,0.150500,0.051900,0.150500,0.008836,
cl_gputocpu_standard,8.612400,0.086124,0.116900,0.079900,0.083200,0.005775,
cl_gputocpu_pinned,6.645500,0.066455,0.097300,0.053100,0.062500,0.006261,
cl_cputogputocpu_standard,16.394900,0.163949,0.109700,0.080100,0.081000,0.004788,
cl_cputogputocpu_pinned,16.855400,0.168554,0.106000,0.048800,0.070400,0.004932,
cl_devicetransfer_standard,6.059100,0.060591,0.241400,0.048500,0.184000,0.017294,
cl_devicetransfer_pinned,5.575200,0.055752,0.079300,0.048600,0.059500,0.005554,
cl_devicetransferkernel_standard,5.117000,0.051170,0.082000,0.043700,0.046300,0.005119,
cl_devicetransferkernel_pinned,5.806700,0.058067,0.332100,0.039500,0.285300,0.015935,
cl_simplebufferprocessing_standard,20.856000,0.208560,0.445300,0.193000,0.245900,0.014728,
cl_simplebufferprocessing_pinned,24.399200,0.243992,0.560100,0.213200,0.266300,0.016068,
cl_complexbufferprocessing_standard,20.914100,0.209141,0.395000,0.192600,0.202800,0.013758,
cl_complexbufferprocessing_pinned,24.772400,0.247724,0.522000,0.208200,0.286600,0.020937,
cl_simplebuffersynthesis_standard,13.630200,0.136302,0.287800,0.126600,0.133000,0.008198,
cl_simplebuffersynthesis_pinned,13.042000,0.130420,0.272200,0.110300,0.143800,0.009927,
cl_complexbuffersynthesis_standard,13022.383400,130.223834,133.552100,129.895100,131.215800,1.502641,
cl_complexbuffersynthesis_pinned,13116.705700,131.167057,158.210800,113.851300,114.837000,11.629247,
cl_interruptedbufferprocessing_standard,44.049400,0.205838,0.415100,0.186400,0.210900,0.010453,
cl_interruptedbufferprocessing_pinned,42.324400,0.197778,0.397700,0.152200,0.207800,0.013966,
