Test_Name,Total_Time,Average_Time,Max_Time,Min_Time,Max_Difference,Average_Difference,
cl_nullkernel,3.173700,0.031737,0.036100,0.031100,0.034800,0.000798,
cl_cputogpu_standard,11.872900,0.118729,0.399200,0.080000,0.272100,0.015294,
cl_cputogpu_mappedbuffer,8.443700,0.084437,0.204000,0.069700,0.132600,0.007256,
cl_gputocpu_standard,15.868200,0.158682,0.231700,0.125000,0.163200,0.009164,
cl_gputocpu_pinned,8.804900,0.088049,0.182100,0.067300,0.109700,0.012447,
cl_cputogputocpu_standard,23.559100,0.235591,0.208200,0.107800,0.117100,0.009135,
cl_cputogputocpu_pinned,19.220000,0.192200,0.102300,0.049100,0.091300,0.005277,
cl_devicetransfer_standard,9.700600,0.097006,0.147900,0.060500,0.124000,0.009032,
cl_devicetransfer_pinned,10.698600,0.106986,0.339600,0.082100,0.227200,0.016960,
cl_devicetransferkernel_standard,6.983500,0.069835,0.318900,0.055600,0.258000,0.013319,
cl_devicetransferkernel_pinned,7.779000,0.077790,0.285600,0.047800,0.220100,0.016992,
cl_simplebufferprocessing_standard,33.284100,0.332841,0.676800,0.190500,0.301900,0.023260,
cl_simplebufferprocessing_pinned,32.485300,0.324853,0.613300,0.258400,0.574700,0.030340,
cl_complexbufferprocessing_standard,28.143600,0.281436,0.549900,0.229100,0.415100,0.019389,
cl_complexbufferprocessing_pinned,34.021700,0.340217,0.666100,0.254600,0.402400,0.027516,
cl_simplebuffersynthesis_standard,18.524200,0.185242,0.441800,0.134600,0.304500,0.017982,
cl_simplebuffersynthesis_pinned,18.954700,0.189547,0.447000,0.164600,0.278600,0.024995,
cl_complexbuffersynthesis_standard,21.703300,0.217033,0.479400,0.176400,0.253800,0.014872,
cl_complexbuffersynthesis_pinned,3.024800,0.030248,0.057900,0.026300,0.036700,0.005579,
cl_interruptedbufferprocessing_standard,57.814800,0.270163,0.711000,0.177400,0.322400,0.012226,
cl_interruptedbufferprocessing_pinned,53.337400,0.249240,0.701200,0.152500,0.386100,0.020333,
