Test_Name,Total_Time,Average_Time,Max_Time,Min_Time,Max_Difference,Average_Difference,
cl_nullkernel,0.941900,0.009419,0.024700,0.008900,0.015700,0.000716,
cl_cputogpu_standard,12.902200,0.129022,0.205900,0.098100,0.205900,0.006286,
cl_cputogpu_mappedbuffer,9.069100,0.090691,0.140300,0.068300,0.140300,0.004555,
cl_gputocpu_standard,9.681000,0.096810,0.179000,0.087900,0.089400,0.006904,
cl_gputocpu_pinned,7.162300,0.071623,0.127700,0.058400,0.088700,0.004340,
cl_cputogputocpu_standard,17.561600,0.175616,0.109500,0.087800,0.093500,0.003358,
cl_cputogputocpu_pinned,18.119500,0.181195,0.091100,0.057600,0.075000,0.004085,
cl_devicetransfer_standard,5.367300,0.053673,0.072500,0.047500,0.058300,0.003596,
cl_devicetransfer_pinned,6.223800,0.062238,0.281100,0.048000,0.224100,0.013010,
cl_devicetransferkernel_standard,4.940600,0.049406,0.068200,0.044000,0.048000,0.005053,
cl_devicetransferkernel_pinned,4.960600,0.049606,0.082900,0.043700,0.048400,0.005293,
cl_simplebufferprocessing_standard,22.690300,0.226903,0.343100,0.218700,0.227800,0.008507,
cl_simplebufferprocessing_pinned,27.055100,0.270551,0.646600,0.228000,0.378600,0.022547,
cl_complexbufferprocessing_standard,21.333400,0.213334,0.352800,0.190200,0.216400,0.010024,
cl_complexbufferprocessing_pinned,24.416900,0.244169,0.363000,0.209000,0.215500,0.014421,
cl_simplebuffersynthesis_standard,14.702700,0.147027,0.292800,0.137500,0.151900,0.007951,
cl_simplebuffersynthesis_pinned,13.730600,0.137306,0.299000,0.128500,0.165400,0.011877,
cl_complexbuffersynthesis_standard,26224.897700,262.248977,285.177400,260.187600,263.765800,4.150394,
cl_complexbuffersynthesis_pinned,26587.124100,265.871241,290.389500,231.402600,231.402600,10.670969,
cl_interruptedbufferprocessing_standard,64.193100,0.299968,0.726700,0.210700,0.230900,0.014390,
cl_interruptedbufferprocessing_pinned,64.963100,0.303566,0.576800,0.194700,0.443400,0.021267,
