Test_Name,Total_Time,Average_Time,Max_Time,Min_Time,Max_Difference,Average_Difference,
cl_nullkernel,0.924500,0.009245,0.025000,0.008800,0.016000,0.000604,
cl_cputogpu_standard,11.558000,0.115580,0.369100,0.060000,0.269100,0.015830,
cl_cputogpu_mappedbuffer,8.802500,0.088025,0.158500,0.070800,0.158500,0.011062,
cl_gputocpu_standard,15.507900,0.155079,0.252400,0.106700,0.162500,0.008699,
cl_gputocpu_pinned,7.376100,0.073761,0.129100,0.063000,0.085300,0.005918,
cl_cputogputocpu_standard,25.888600,0.258886,0.286900,0.099300,0.184100,0.012665,
cl_cputogputocpu_pinned,18.033100,0.180331,0.102600,0.050900,0.093400,0.005821,
cl_devicetransfer_standard,9.537300,0.095373,0.380900,0.069400,0.270200,0.015189,
cl_devicetransfer_pinned,11.352800,0.113528,0.242500,0.092000,0.135500,0.006558,
cl_devicetransferkernel_standard,9.300300,0.093003,0.273000,0.066600,0.178100,0.011599,
cl_devicetransferkernel_pinned,7.584500,0.075845,0.216600,0.058300,0.156600,0.011487,
cl_simplebufferprocessing_standard,35.244700,0.352447,0.680400,0.200800,0.348400,0.028131,
cl_simplebufferprocessing_pinned,38.158600,0.381586,0.843600,0.255900,0.414900,0.030421,
cl_complexbufferprocessing_standard,27.781900,0.277819,0.479800,0.195800,0.439900,0.021311,
cl_complexbufferprocessing_pinned,35.013800,0.350138,0.706800,0.258700,0.706800,0.049069,
cl_simplebuffersynthesis_standard,19.323000,0.193230,0.357900,0.159900,0.286300,0.017461,
cl_simplebuffersynthesis_pinned,18.642400,0.186424,0.377900,0.164700,0.207700,0.020327,
cl_complexbuffersynthesis_standard,29.274900,0.292749,0.609900,0.163900,0.337500,0.019045,
cl_complexbuffersynthesis_pinned,0.776900,0.007769,0.025200,0.006500,0.018100,0.001706,
cl_interruptedbufferprocessing_standard,56.653300,0.264735,0.648000,0.166000,0.278000,0.015198,
cl_interruptedbufferprocessing_pinned,48.837200,0.228211,0.595000,0.149000,0.380300,0.017604,
