Test_Name,Total_Time,Average_Time,Max_Time,Min_Time,Max_Difference,Average_Difference,
cl_nullkernel,0.044300,0.000443,0.000900,0.000400,0.000900,0.000075,
cl_cputogpu_standard,0.170300,0.001703,0.017600,0.001300,0.016200,0.000604,
cl_cputogpu_mappedbuffer,0.201000,0.002010,0.003300,0.001800,0.002200,0.000125,
cl_gputocpu_standard,0.121000,0.001210,0.001700,0.001100,0.001700,0.000074,
cl_gputocpu_pinned,0.166700,0.001667,0.002700,0.001500,0.002100,0.000084,
cl_cputogputocpu_standard,0.311400,0.003114,0.017500,0.001500,0.015800,0.000563,
cl_cputogputocpu_pinned,0.359900,0.003599,0.017500,0.001700,0.015800,0.000625,
cl_devicetransfer_standard,8.926400,0.089264,0.545600,0.061000,0.467100,0.025695,
cl_devicetransfer_pinned,8.531600,0.085316,1.193900,0.060500,1.123900,0.040028,
cl_devicetransferkernel_standard,8.976700,0.089767,1.222000,0.058700,1.136800,0.031140,
cl_devicetransferkernel_pinned,9.095100,0.090951,1.176400,0.059700,1.110000,0.034794,
cl_simplebufferprocessing_standard,7.955700,0.079557,0.157100,0.063700,0.087200,0.008837,
cl_simplebufferprocessing_pinned,7.863600,0.078636,0.190500,0.064800,0.101800,0.009898,
cl_complexbufferprocessing_standard,8.572100,0.085721,0.147200,0.077000,0.147200,0.007353,
cl_complexbufferprocessing_pinned,8.895100,0.088951,0.208500,0.064800,0.125300,0.017393,
cl_simplebuffersynthesis_standard,7.969500,0.079695,0.178100,0.065200,0.178100,0.011910,
cl_simplebuffersynthesis_pinned,8.856800,0.088568,0.215100,0.065500,0.174000,0.014683,
cl_complexbuffersynthesis_standard,11.362300,0.113623,1.008400,0.087000,0.883600,0.028661,
cl_interruptedbufferprocessing_standard,21.267100,0.099379,1.748900,0.067700,1.649000,0.028161,
cl_interruptedbufferprocessing_pinned,21.514400,0.100535,2.478200,0.064900,2.368200,0.045018,
