Test_Name,Total_Time,Average_Time,Max_Time,Min_Time,Max_Difference,Average_Difference,
cl_nullkernel,0.049000,0.000490,0.005600,0.000400,0.005100,0.000169,
cl_cputogpu_standard,0.227800,0.002278,0.006500,0.001900,0.004300,0.000311,
cl_cputogpu_mappedbuffer,0.275000,0.002750,0.015900,0.002300,0.012100,0.000503,
cl_gputocpu_standard,0.187100,0.001871,0.003100,0.001700,0.002500,0.000127,
cl_gputocpu_pinned,0.300600,0.003006,0.045500,0.002100,0.043000,0.001264,
cl_cputogputocpu_standard,1.748800,0.017488,0.035400,0.002000,0.032100,0.002669,
cl_cputogputocpu_pinned,0.539700,0.005397,0.018500,0.002300,0.016000,0.000773,
cl_devicetransfer_standard,8.860600,0.088606,0.132100,0.076300,0.109700,0.009615,
cl_devicetransfer_pinned,8.439900,0.084399,0.184600,0.063700,0.150800,0.012169,
cl_devicetransferkernel_standard,8.766700,0.087667,1.862400,0.060800,1.786900,0.044203,
cl_devicetransferkernel_pinned,9.635500,0.096355,2.134100,0.060900,2.030300,0.050446,
cl_simplebufferprocessing_standard,10.440000,0.104400,1.509400,0.066600,1.437000,0.047442,
cl_simplebufferprocessing_pinned,9.359300,0.093593,1.507000,0.065400,1.432500,0.040954,
cl_complexbufferprocessing_standard,10.986100,0.109861,1.911900,0.069200,1.828800,0.052660,
cl_complexbufferprocessing_pinned,7.696700,0.076967,0.112600,0.069700,0.092500,0.007163,
cl_simplebuffersynthesis_standard,8.682300,0.086823,0.180400,0.069500,0.116400,0.015075,
cl_simplebuffersynthesis_pinned,8.988700,0.089887,0.162200,0.070700,0.137700,0.014465,
cl_complexbuffersynthesis_standard,12029.250600,120.292506,146.788500,117.436200,146.788500,3.426080,
cl_interruptedbufferprocessing_standard,17.975700,0.083999,1.842500,0.064500,1.770800,0.025395,
cl_interruptedbufferprocessing_pinned,18.284400,0.085441,1.628500,0.064400,1.531500,0.024852,
