Test_Name,Total_Time,Average_Time,Max_Time,Min_Time,Max_Difference,Average_Difference,
cl_nullkernel,0.048900,0.000489,0.000800,0.000400,0.000800,0.000037,
cl_cputogpu_standard,0.176700,0.001767,0.017700,0.001400,0.015800,0.000417,
cl_cputogpu_mappedbuffer,0.196600,0.001966,0.005000,0.001700,0.003000,0.000212,
cl_gputocpu_standard,0.125000,0.001250,0.004800,0.001100,0.003500,0.000130,
cl_gputocpu_pinned,0.172900,0.001729,0.003600,0.001400,0.002300,0.000153,
cl_cputogputocpu_standard,0.290100,0.002901,0.006700,0.001400,0.004300,0.000211,
cl_cputogputocpu_pinned,0.345900,0.003459,0.004600,0.001800,0.002900,0.000227,
cl_devicetransfer_standard,9.042400,0.090424,0.194700,0.073900,0.113900,0.013290,
cl_devicetransfer_pinned,8.591200,0.085912,0.181300,0.060400,0.126000,0.014002,
cl_devicetransferkernel_standard,6.681600,0.066816,0.138200,0.059600,0.076200,0.008078,
cl_devicetransferkernel_pinned,8.531700,0.085317,1.124200,0.059300,1.043600,0.030569,
cl_simplebufferprocessing_standard,7.062300,0.070623,0.124700,0.063400,0.079800,0.009165,
cl_simplebufferprocessing_pinned,7.327400,0.073274,0.169000,0.062000,0.117200,0.010435,
cl_complexbufferprocessing_standard,8.580200,0.085802,0.144500,0.076400,0.091200,0.009152,
cl_complexbufferprocessing_pinned,8.686200,0.086862,0.175600,0.065400,0.123000,0.014693,
cl_simplebuffersynthesis_standard,9.526000,0.095260,1.851800,0.065500,1.768300,0.046172,
cl_simplebuffersynthesis_pinned,10.120300,0.101203,1.711400,0.064400,1.624300,0.046482,
cl_complexbuffersynthesis_standard,13.344100,0.133441,0.427800,0.107500,0.301600,0.026390,
cl_interruptedbufferprocessing_standard,19.824900,0.092640,1.712800,0.063400,1.617600,0.035221,
cl_interruptedbufferprocessing_pinned,20.624400,0.096376,2.359500,0.063800,2.286500,0.046033,
