Test_Name,Total_Time,Average_Time,Max_Time,Min_Time,Max_Difference,Average_Difference,
cl_nullkernel,0.063200,0.000632,0.020500,0.000300,0.020100,0.000458,
cl_cputogpu_standard,0.458600,0.004586,0.029900,0.003300,0.022200,0.001223,
cl_cputogpu_mappedbuffer,0.467100,0.004671,0.026700,0.003500,0.022200,0.001037,
cl_gputocpu_standard,0.427600,0.004276,0.023300,0.003400,0.019800,0.001079,
cl_gputocpu_pinned,0.456200,0.004562,0.036500,0.003900,0.032500,0.000949,
cl_cputogputocpu_standard,0.699400,0.006994,0.006200,0.003600,0.004800,0.000201,
cl_cputogputocpu_pinned,0.832300,0.008323,0.023900,0.004000,0.019800,0.000729,
cl_devicetransfer_standard,8.391500,0.083915,0.150900,0.074700,0.137400,0.007935,
cl_devicetransfer_pinned,8.639300,0.086393,0.166600,0.067800,0.109400,0.008401,
cl_devicetransferkernel_standard,7.009100,0.070091,0.145100,0.062700,0.117000,0.007839,
cl_devicetransferkernel_pinned,7.114800,0.071148,0.137200,0.061700,0.100000,0.010224,
cl_simplebufferprocessing_standard,8.327600,0.083276,0.189800,0.072200,0.135900,0.010593,
cl_simplebufferprocessing_pinned,8.641400,0.086414,0.197600,0.072500,0.197600,0.012314,
cl_complexbufferprocessing_standard,10.724600,0.107246,1.669200,0.077400,1.578800,0.043170,
cl_complexbufferprocessing_pinned,10.158900,0.101589,1.698700,0.078700,1.607800,0.038880,
cl_simplebuffersynthesis_standard,11.006100,0.110061,1.736100,0.080300,1.607200,0.042174,
cl_simplebuffersynthesis_pinned,11.709100,0.117091,1.981700,0.078800,1.887600,0.051971,
cl_complexbuffersynthesis_standard,48729.347600,487.293476,661.077900,469.979600,661.077900,14.732926,
cl_interruptedbufferprocessing_standard,21.598500,0.100928,2.101500,0.070500,1.899900,0.032218,
cl_interruptedbufferprocessing_pinned,22.744700,0.106284,1.567700,0.071000,1.463700,0.039332,
