Test_Name,Total_Time,Average_Time,Max_Time,Min_Time,Max_Difference,Average_Difference,
cl_nullkernel,0.050400,0.000504,0.000900,0.000400,0.000900,0.000021,
cl_cputogpu_standard,1.329500,0.013295,0.027200,0.012100,0.014900,0.001209,
cl_cputogpu_mappedbuffer,1.396600,0.013966,0.044500,0.012500,0.031700,0.002166,
cl_gputocpu_standard,1.269200,0.012692,0.023000,0.011900,0.013700,0.000783,
cl_gputocpu_pinned,1.372900,0.013729,0.056000,0.012900,0.042500,0.001316,
cl_cputogputocpu_standard,4.071600,0.040716,0.061800,0.025300,0.037200,0.004181,
cl_cputogputocpu_pinned,2.575900,0.025759,0.032800,0.012800,0.019900,0.001386,
cl_devicetransfer_standard,8.832400,0.088324,0.162100,0.076500,0.162100,0.010672,
cl_devicetransfer_pinned,9.880700,0.098807,0.169800,0.092200,0.100600,0.007706,
cl_devicetransferkernel_standard,8.468700,0.084687,0.151500,0.076200,0.099600,0.008963,
cl_devicetransferkernel_pinned,8.226100,0.082261,0.154900,0.075500,0.154900,0.007717,
cl_simplebufferprocessing_standard,13.087300,0.130873,1.898000,0.102400,1.759900,0.044609,
cl_simplebufferprocessing_pinned,12.697100,0.126971,1.237300,0.101100,1.093300,0.031925,
cl_complexbufferprocessing_standard,14.674500,0.146745,1.239500,0.119800,1.061800,0.040403,
cl_complexbufferprocessing_pinned,21.624600,0.216246,1.577800,0.141600,1.340200,0.042035,
cl_simplebuffersynthesis_standard,15.170600,0.151706,0.978300,0.133600,0.815900,0.028070,
cl_simplebuffersynthesis_pinned,18.280900,0.182809,2.060900,0.148200,1.883200,0.055386,
cl_complexbuffersynthesis_standard,195193.731600,1951.937316,3812.632100,1876.921700,3812.632100,72.791176,
cl_interruptedbufferprocessing_standard,24.531200,0.114632,1.911700,0.091700,1.796300,0.027921,
cl_interruptedbufferprocessing_pinned,35.379900,0.165327,2.396900,0.103500,2.217300,0.062087,
