Test_Name,Total_Time,Average_Time,Max_Time,Min_Time,Max_Difference,Average_Difference,
cl_nullkernel,0.050700,0.000507,0.002000,0.000400,0.001400,0.000085,
cl_cputogpu_standard,0.166700,0.001667,0.006500,0.001400,0.004400,0.000188,
cl_cputogpu_mappedbuffer,0.195200,0.001952,0.003400,0.001700,0.002200,0.000172,
cl_gputocpu_standard,0.142900,0.001429,0.016800,0.001100,0.015600,0.000410,
cl_gputocpu_pinned,0.175700,0.001757,0.003900,0.001500,0.002200,0.000171,
cl_cputogputocpu_standard,0.326100,0.003261,0.014500,0.001400,0.011900,0.000374,
cl_cputogputocpu_pinned,0.384300,0.003843,0.019500,0.001900,0.019500,0.000614,
cl_devicetransfer_standard,10.465200,0.104652,1.643200,0.075200,1.554000,0.042349,
cl_devicetransfer_pinned,9.482000,0.094820,1.817400,0.061600,1.666100,0.045709,
cl_devicetransferkernel_standard,7.597100,0.075971,0.700400,0.058500,0.626400,0.021496,
cl_devicetransferkernel_pinned,7.844400,0.078444,0.191600,0.059600,0.119100,0.010359,
cl_simplebufferprocessing_standard,7.617200,0.076172,0.196900,0.063400,0.104800,0.013197,
cl_simplebufferprocessing_pinned,7.932700,0.079327,0.175400,0.065100,0.175400,0.010993,
cl_complexbufferprocessing_standard,7.924400,0.079244,0.159100,0.066300,0.111200,0.010588,
cl_complexbufferprocessing_pinned,8.808300,0.088083,1.132800,0.067600,1.060000,0.030254,
cl_simplebuffersynthesis_standard,7.977200,0.079772,0.201200,0.065300,0.201200,0.010968,
cl_simplebuffersynthesis_pinned,11.288700,0.112887,1.855900,0.064900,1.782000,0.073808,
cl_complexbuffersynthesis_standard,59.703500,0.597035,3.470600,0.461900,2.952000,0.160636,
cl_interruptedbufferprocessing_standard,17.249400,0.080605,0.720900,0.064100,0.636200,0.016277,
cl_interruptedbufferprocessing_pinned,19.002900,0.088799,1.701700,0.064800,1.616100,0.032694,
