Test_Name,Total_Time,Average_Time,Max_Time,Min_Time,Max_Difference,Average_Difference,
cl_nullkernel,0.044800,0.000448,0.000900,0.000400,0.000900,0.000043,
cl_cputogpu_standard,0.520100,0.005201,0.047400,0.002600,0.031300,0.002758,
cl_cputogpu_mappedbuffer,0.326500,0.003265,0.020600,0.002800,0.017400,0.000582,
cl_gputocpu_standard,0.261500,0.002615,0.018800,0.002200,0.015600,0.000544,
cl_gputocpu_pinned,0.312000,0.003120,0.010200,0.002700,0.006900,0.000370,
cl_cputogputocpu_standard,0.530300,0.005303,0.013600,0.002600,0.010700,0.000567,
cl_cputogputocpu_pinned,0.566600,0.005666,0.007300,0.002900,0.004300,0.000203,
cl_devicetransfer_standard,8.894400,0.088944,0.711600,0.063100,0.638400,0.025148,
cl_devicetransfer_pinned,8.477900,0.084779,0.619000,0.062800,0.543700,0.023969,
cl_devicetransferkernel_standard,10.187600,0.101876,1.138700,0.062000,1.068700,0.048473,
cl_devicetransferkernel_pinned,8.319100,0.083191,1.132900,0.060900,1.039200,0.037334,
cl_simplebufferprocessing_standard,9.942800,0.099428,1.619500,0.065900,1.519900,0.041837,
cl_simplebufferprocessing_pinned,7.959600,0.079596,0.190500,0.068600,0.106100,0.008552,
cl_complexbufferprocessing_standard,8.114100,0.081141,0.181800,0.070600,0.118300,0.010947,
cl_complexbufferprocessing_pinned,9.017100,0.090171,0.254800,0.071000,0.224900,0.013190,
cl_simplebuffersynthesis_standard,9.216700,0.092167,0.175800,0.074100,0.175800,0.014077,
cl_simplebuffersynthesis_pinned,9.148300,0.091483,0.628400,0.073800,0.551000,0.021233,
cl_complexbuffersynthesis_standard,23890.507100,238.905071,291.291200,232.717700,291.291200,6.546393,
cl_interruptedbufferprocessing_standard,19.154400,0.089507,2.080000,0.065800,1.986200,0.033068,
cl_interruptedbufferprocessing_pinned,19.197400,0.089707,1.740700,0.066000,1.740700,0.031284,
