Test_Name,Total_Time,Average_Time,Max_Time,Min_Time,Max_Difference,Average_Difference,
cl_nullkernel,0.044500,0.000445,0.000800,0.000400,0.000800,0.000071,
cl_cputogpu_standard,0.216800,0.002168,0.022200,0.001600,0.020500,0.000694,
cl_cputogpu_mappedbuffer,0.208600,0.002086,0.003300,0.001900,0.002200,0.000104,
cl_gputocpu_standard,0.129300,0.001293,0.001700,0.001200,0.001700,0.000069,
cl_gputocpu_pinned,0.222900,0.002229,0.022100,0.001600,0.020200,0.000839,
cl_cputogputocpu_standard,1.650700,0.016507,0.020500,0.001700,0.018600,0.000329,
cl_cputogputocpu_pinned,1.633900,0.016339,0.003100,0.002000,0.003100,0.000148,
cl_devicetransfer_standard,7.721900,0.077219,0.175600,0.065000,0.090300,0.011163,
cl_devicetransfer_pinned,7.096600,0.070966,0.105900,0.062000,0.082800,0.009461,
cl_devicetransferkernel_standard,6.932500,0.069325,0.129100,0.060500,0.129100,0.007870,
cl_devicetransferkernel_pinned,8.127200,0.081272,0.204500,0.060200,0.204500,0.014568,
cl_simplebufferprocessing_standard,7.824100,0.078241,0.204200,0.065100,0.204200,0.011451,
cl_simplebufferprocessing_pinned,9.585300,0.095853,1.865800,0.064000,1.753000,0.044897,
cl_complexbufferprocessing_standard,10.380100,0.103801,1.547100,0.067100,1.466800,0.045659,
cl_complexbufferprocessing_pinned,9.504800,0.095048,0.803400,0.068400,0.725300,0.029599,
cl_simplebuffersynthesis_standard,8.127900,0.081279,0.626800,0.066100,0.550100,0.021218,
cl_simplebuffersynthesis_pinned,7.987100,0.079871,0.136700,0.067200,0.086900,0.011245,
cl_complexbuffersynthesis_standard,3004.669700,30.046697,38.928900,27.999100,36.514300,1.654028,
cl_interruptedbufferprocessing_standard,19.250400,0.089955,1.801300,0.063300,1.717800,0.035550,
cl_interruptedbufferprocessing_pinned,20.401800,0.095336,1.930100,0.063300,1.861400,0.044141,
