Test_Name,Total_Time,Average_Time,Max_Time,Min_Time,Max_Difference,Average_Difference,
cl_nullkernel,0.043800,0.000438,0.000800,0.000400,0.000800,0.000073,
cl_cputogpu_standard,0.227000,0.002270,0.017300,0.001400,0.015700,0.000953,
cl_cputogpu_mappedbuffer,0.218400,0.002184,0.022100,0.001800,0.020200,0.000587,
cl_gputocpu_standard,0.132100,0.001321,0.005700,0.001100,0.003000,0.000148,
cl_gputocpu_pinned,0.165800,0.001658,0.003300,0.001500,0.002000,0.000117,
cl_cputogputocpu_standard,1.918500,0.019185,0.052600,0.001600,0.050400,0.004623,
cl_cputogputocpu_pinned,0.509000,0.005090,0.018200,0.001800,0.015800,0.001076,
cl_devicetransfer_standard,8.997800,0.089978,1.749000,0.061600,1.615000,0.040327,
cl_devicetransfer_pinned,8.608500,0.086085,0.188200,0.062000,0.113000,0.011819,
cl_devicetransferkernel_standard,7.930300,0.079303,0.183900,0.060400,0.121200,0.015189,
cl_devicetransferkernel_pinned,8.388700,0.083887,1.156400,0.059800,1.089400,0.033405,
cl_simplebufferprocessing_standard,8.028200,0.080282,0.234700,0.064300,0.106600,0.010976,
cl_simplebufferprocessing_pinned,7.904400,0.079044,0.134500,0.064600,0.114200,0.008686,
cl_complexbufferprocessing_standard,9.819700,0.098197,1.819700,0.064500,1.746400,0.045154,
cl_complexbufferprocessing_pinned,10.929800,0.109298,2.618900,0.066400,2.532700,0.065176,
cl_simplebuffersynthesis_standard,10.619300,0.106193,2.164100,0.064100,2.065700,0.055595,
cl_simplebuffersynthesis_pinned,8.425100,0.084251,0.199300,0.067100,0.109100,0.015072,
cl_complexbuffersynthesis_standard,719.501800,7.195018,11.306500,6.257300,8.048500,1.026710,
cl_interruptedbufferprocessing_standard,20.232500,0.094544,2.041700,0.062300,1.913200,0.030530,
cl_interruptedbufferprocessing_pinned,18.322000,0.085617,1.785200,0.063800,1.712700,0.026171,
