Test_Name,Total_Time,Average_Time,Max_Time,Min_Time,Max_Difference,Average_Difference,
cl_nullkernel,0.059600,0.000596,0.016000,0.000400,0.015600,0.000382,
cl_cputogpu_standard,0.222000,0.002220,0.017700,0.001400,0.015800,0.001204,
cl_cputogpu_mappedbuffer,0.196400,0.001964,0.008200,0.001700,0.006100,0.000231,
cl_gputocpu_standard,0.124700,0.001247,0.003300,0.001100,0.002100,0.000126,
cl_gputocpu_pinned,0.181800,0.001818,0.017200,0.001500,0.015600,0.000436,
cl_cputogputocpu_standard,0.312800,0.003128,0.007200,0.001500,0.004700,0.000300,
cl_cputogputocpu_pinned,0.368500,0.003685,0.021300,0.001900,0.019100,0.000506,
cl_devicetransfer_standard,9.410400,0.094104,0.198900,0.074900,0.121600,0.011502,
cl_devicetransfer_pinned,8.144800,0.081448,0.202100,0.060400,0.081600,0.012270,
cl_devicetransferkernel_standard,8.022100,0.080221,0.204600,0.058700,0.175100,0.014610,
cl_devicetransferkernel_pinned,7.234500,0.072345,0.189600,0.059500,0.109300,0.010710,
cl_simplebufferprocessing_standard,7.569400,0.075694,0.189900,0.063400,0.103600,0.011997,
cl_simplebufferprocessing_pinned,10.758900,0.107589,1.204100,0.064900,1.129300,0.048017,
cl_complexbufferprocessing_standard,12.703700,0.127037,0.746000,0.067800,0.613900,0.038796,
cl_complexbufferprocessing_pinned,8.611200,0.086112,0.257300,0.065200,0.151400,0.013535,
cl_simplebuffersynthesis_standard,10.948400,0.109484,1.187800,0.068000,1.096100,0.049838,
cl_simplebuffersynthesis_pinned,8.786200,0.087862,0.632800,0.065700,0.555800,0.023798,
cl_complexbuffersynthesis_standard,20.288200,0.202882,1.944700,0.160200,1.737500,0.056283,
cl_interruptedbufferprocessing_standard,20.360900,0.095144,1.729400,0.073300,1.647100,0.032798,
cl_interruptedbufferprocessing_pinned,17.948000,0.083869,2.491800,0.064400,2.417200,0.030079,
