Test_Name,Total_Time,Average_Time,Max_Time,Min_Time,Max_Difference,Average_Difference,
cl_nullkernel,0.043800,0.000438,0.001000,0.000400,0.001000,0.000076,
cl_cputogpu_standard,0.171700,0.001717,0.017100,0.001400,0.015500,0.000395,
cl_cputogpu_mappedbuffer,0.189800,0.001898,0.005100,0.001700,0.003100,0.000151,
cl_gputocpu_standard,0.231100,0.002311,0.037400,0.001300,0.034200,0.001562,
cl_gputocpu_pinned,0.330300,0.003303,0.023400,0.001500,0.021400,0.002487,
cl_cputogputocpu_standard,0.380700,0.003807,0.006800,0.001500,0.004700,0.000296,
cl_cputogputocpu_pinned,0.361200,0.003612,0.003600,0.001800,0.002600,0.000179,
cl_devicetransfer_standard,7.469100,0.074691,0.134000,0.061600,0.087800,0.011767,
cl_devicetransfer_pinned,7.487600,0.074876,0.155000,0.061400,0.080600,0.012012,
cl_devicetransferkernel_standard,7.301600,0.073016,0.191300,0.060100,0.130100,0.011122,
cl_devicetransferkernel_pinned,8.147800,0.081478,0.177500,0.060100,0.103500,0.014875,
cl_simplebufferprocessing_standard,7.348000,0.073480,0.153200,0.063500,0.080900,0.010990,
cl_simplebufferprocessing_pinned,7.404700,0.074047,0.130400,0.063100,0.081400,0.009096,
cl_complexbufferprocessing_standard,7.843800,0.078438,0.164600,0.066500,0.089200,0.010109,
cl_complexbufferprocessing_pinned,7.748700,0.077487,0.188300,0.068100,0.092000,0.010745,
cl_simplebuffersynthesis_standard,9.529100,0.095291,1.779100,0.064400,1.684800,0.043810,
cl_simplebuffersynthesis_pinned,8.675500,0.086755,0.760100,0.065500,0.678800,0.024396,
cl_complexbuffersynthesis_standard,378.011900,3.780119,6.227000,3.213000,4.834700,0.523479,
cl_interruptedbufferprocessing_standard,19.821900,0.092626,2.453200,0.061800,2.381600,0.033426,
cl_interruptedbufferprocessing_pinned,18.736900,0.087556,2.234600,0.063000,2.155400,0.030864,
