Test_Name,Total_Time,Average_Time,Max_Time,Min_Time,Max_Difference,Average_Difference,
cl_nullkernel,0.044400,0.000444,0.000800,0.000400,0.000800,0.000072,
cl_cputogpu_standard,0.272700,0.002727,0.059300,0.001900,0.057300,0.001239,
cl_cputogpu_mappedbuffer,0.249300,0.002493,0.021300,0.001900,0.019300,0.000735,
cl_gputocpu_standard,0.145700,0.001457,0.002700,0.001300,0.001800,0.000095,
cl_gputocpu_pinned,0.195000,0.001950,0.004200,0.001700,0.002400,0.000200,
cl_cputogputocpu_standard,0.384700,0.003847,0.021400,0.001700,0.019600,0.000978,
cl_cputogputocpu_pinned,0.426600,0.004266,0.022400,0.002000,0.020300,0.000699,
cl_devicetransfer_standard,9.694200,0.096942,0.626700,0.062500,0.520900,0.028821,
cl_devicetransfer_pinned,8.142200,0.081422,0.156900,0.076100,0.156900,0.007209,
cl_devicetransferkernel_standard,8.004800,0.080048,0.208400,0.061000,0.178700,0.014436,
cl_devicetransferkernel_pinned,6.693000,0.066930,0.114600,0.060600,0.103400,0.008315,
cl_simplebufferprocessing_standard,7.297100,0.072971,0.144800,0.065600,0.081400,0.007408,
cl_simplebufferprocessing_pinned,8.651000,0.086510,0.164700,0.066100,0.153000,0.014560,
cl_complexbufferprocessing_standard,7.962800,0.079628,0.157600,0.068300,0.089400,0.011489,
cl_complexbufferprocessing_pinned,8.147900,0.081479,0.160000,0.068500,0.107900,0.012340,
cl_simplebuffersynthesis_standard,7.746900,0.077469,0.147400,0.066900,0.078300,0.010216,
cl_simplebuffersynthesis_pinned,9.655800,0.096558,1.653000,0.068100,1.571800,0.040521,
cl_complexbuffersynthesis_standard,6084.637300,60.846373,72.811500,57.430600,71.267300,2.468567,
cl_interruptedbufferprocessing_standard,18.905400,0.088343,1.989400,0.063500,1.902200,0.027002,
cl_interruptedbufferprocessing_pinned,19.487100,0.091061,1.637700,0.064600,1.416300,0.025284,
