Test_Name,Total_Time,Average_Time,Max_Time,Min_Time,Max_Difference,Average_Difference,
cl_nullkernel,0.044500,0.000445,0.000800,0.000400,0.000800,0.000079,
cl_cputogpu_standard,0.179500,0.001795,0.007800,0.001500,0.006100,0.000354,
cl_cputogpu_mappedbuffer,0.196900,0.001969,0.005300,0.001700,0.003500,0.000228,
cl_gputocpu_standard,0.123000,0.001230,0.002700,0.001100,0.001600,0.000084,
cl_gputocpu_pinned,0.166200,0.001662,0.004500,0.001500,0.002600,0.000136,
cl_cputogputocpu_standard,0.496900,0.004969,0.021600,0.001500,0.019600,0.001413,
cl_cputogputocpu_pinned,1.015900,0.010159,0.028900,0.002000,0.028900,0.004344,
cl_devicetransfer_standard,10.130100,0.101301,0.227500,0.064800,0.153800,0.024088,
cl_devicetransfer_pinned,12.860100,0.128601,1.258800,0.075200,1.199400,0.060275,
cl_devicetransferkernel_standard,8.601400,0.086014,0.245400,0.062700,0.165000,0.015872,
cl_devicetransferkernel_pinned,12.390100,0.123901,1.637000,0.059600,1.492300,0.047868,
cl_simplebufferprocessing_standard,10.488900,0.104889,2.479000,0.062000,2.384900,0.059541,
cl_simplebufferprocessing_pinned,8.593500,0.085935,0.223800,0.065100,0.207000,0.015060,
cl_complexbufferprocessing_standard,8.196700,0.081967,0.239000,0.066100,0.239000,0.011263,
cl_complexbufferprocessing_pinned,10.536100,0.105361,1.364900,0.070300,1.239300,0.046904,
cl_simplebuffersynthesis_standard,9.467200,0.094672,0.844100,0.069900,0.844100,0.025588,
cl_simplebuffersynthesis_pinned,7.853900,0.078539,0.206900,0.064900,0.206900,0.012362,
cl_complexbuffersynthesis_standard,38.088100,0.380881,2.411500,0.283700,2.086000,0.092618,
cl_interruptedbufferprocessing_standard,27.484200,0.128431,2.442200,0.069900,2.320900,0.055761,
cl_interruptedbufferprocessing_pinned,20.616400,0.096338,1.361600,0.067900,1.361600,0.031819,
