Test_Name,Total_Time,Average_Time,Max_Time,Min_Time,Max_Difference,Average_Difference,
cl_nullkernel,0.053300,0.000533,0.002900,0.000400,0.001700,0.000139,
cl_cputogpu_standard,0.818000,0.008180,0.054800,0.001800,0.052800,0.007957,
cl_cputogpu_mappedbuffer,0.395100,0.003951,0.028400,0.001900,0.023600,0.002236,
cl_gputocpu_standard,0.186700,0.001867,0.022000,0.001100,0.019800,0.000801,
cl_gputocpu_pinned,0.972600,0.009726,0.057600,0.001700,0.052700,0.005692,
cl_cputogputocpu_standard,0.295200,0.002952,0.003300,0.001500,0.003300,0.000140,
cl_cputogputocpu_pinned,0.358900,0.003589,0.005800,0.001800,0.003800,0.000218,
cl_devicetransfer_standard,9.641800,0.096418,1.528100,0.072400,1.442100,0.038155,
cl_devicetransfer_pinned,8.990300,0.089903,0.589100,0.075100,0.508600,0.018765,
cl_devicetransferkernel_standard,11.390800,0.113908,1.054100,0.063500,0.959600,0.039961,
cl_devicetransferkernel_pinned,7.557900,0.075579,0.179400,0.059800,0.145700,0.009382,
cl_simplebufferprocessing_standard,8.765000,0.087650,0.166900,0.062000,0.155100,0.013059,
cl_simplebufferprocessing_pinned,8.464600,0.084646,0.119800,0.072800,0.083200,0.007395,
cl_complexbufferprocessing_standard,8.588700,0.085887,0.227400,0.066500,0.134500,0.013978,
cl_complexbufferprocessing_pinned,9.920000,0.099200,1.762700,0.068100,1.660600,0.043868,
cl_simplebuffersynthesis_standard,9.813200,0.098132,1.392500,0.065300,1.170000,0.036597,
cl_simplebuffersynthesis_pinned,9.243100,0.092431,0.606000,0.066400,0.532000,0.023542,
cl_complexbuffersynthesis_standard,184.799600,1.847996,4.484400,1.626400,2.778000,0.283002,
cl_interruptedbufferprocessing_standard,16.464500,0.076937,0.910100,0.061700,0.823500,0.014190,
cl_interruptedbufferprocessing_pinned,18.023700,0.084223,1.950900,0.062300,1.875200,0.033998,
