Test_Name,Total_Time,Average_Time,Max_Time,Min_Time,Max_Difference,Average_Difference,
cl_nullkernel,0.043700,0.000437,0.000800,0.000400,0.000800,0.000065,
cl_cputogpu_standard,0.691100,0.006911,0.026700,0.005400,0.020000,0.002019,
cl_cputogpu_mappedbuffer,0.648600,0.006486,0.023300,0.005800,0.017500,0.000832,
cl_gputocpu_standard,0.690700,0.006907,0.042400,0.005700,0.036700,0.001810,
cl_gputocpu_pinned,0.666700,0.006667,0.023000,0.006100,0.016900,0.000850,
cl_cputogputocpu_standard,1.339100,0.013391,0.027100,0.006000,0.019100,0.001896,
cl_cputogputocpu_pinned,1.312300,0.013123,0.030700,0.006400,0.030700,0.001203,
cl_devicetransfer_standard,11.004300,0.110043,1.494500,0.067300,1.366000,0.054289,
cl_devicetransfer_pinned,9.218300,0.092183,0.883000,0.067400,0.790100,0.027671,
cl_devicetransferkernel_standard,8.266500,0.082665,0.186500,0.066600,0.099100,0.012135,
cl_devicetransferkernel_pinned,7.252300,0.072523,0.138200,0.066400,0.091800,0.008239,
cl_simplebufferprocessing_standard,8.819300,0.088193,0.187900,0.079900,0.134700,0.010474,
cl_simplebufferprocessing_pinned,8.964500,0.089645,0.165500,0.079900,0.101100,0.008593,
cl_complexbufferprocessing_standard,13.254500,0.132545,1.637100,0.090000,1.533400,0.047544,
cl_complexbufferprocessing_pinned,11.925300,0.119253,1.644600,0.091800,1.534600,0.043821,
cl_simplebuffersynthesis_standard,13.883800,0.138838,1.296000,0.095200,1.184000,0.041276,
cl_simplebuffersynthesis_pinned,13.691200,0.136912,2.192400,0.096500,2.059800,0.052701,
cl_complexbuffersynthesis_standard,98272.851300,982.728513,1414.021300,943.266900,1414.021300,29.163577,
cl_interruptedbufferprocessing_standard,22.207400,0.103773,1.310100,0.086000,1.310100,0.022691,
cl_interruptedbufferprocessing_pinned,26.400100,0.123365,1.769500,0.092100,1.653600,0.032166,
