Test_Name,Total_Time,Average_Time,Max_Time,Min_Time,Max_Difference,Average_Difference,
cl_nullkernel,0.047900,0.000479,0.000900,0.000400,0.000900,0.000033,
cl_cputogpu_standard,0.220800,0.002208,0.025000,0.001600,0.022200,0.000765,
cl_cputogpu_mappedbuffer,0.226600,0.002266,0.018300,0.001700,0.016100,0.000604,
cl_gputocpu_standard,0.133400,0.001334,0.004800,0.001100,0.003600,0.000198,
cl_gputocpu_pinned,0.173400,0.001734,0.002800,0.001600,0.002300,0.000092,
cl_cputogputocpu_standard,0.333700,0.003337,0.017400,0.001500,0.015500,0.000534,
cl_cputogputocpu_pinned,0.343400,0.003434,0.003400,0.001700,0.003400,0.000124,
cl_devicetransfer_standard,8.746000,0.087460,0.197800,0.074600,0.102400,0.010836,
cl_devicetransfer_pinned,9.856300,0.098563,1.563300,0.061900,1.487500,0.044527,
cl_devicetransferkernel_standard,10.150900,0.101509,1.920800,0.060100,1.837300,0.048806,
cl_devicetransferkernel_pinned,7.930900,0.079309,0.592200,0.059500,0.513300,0.023312,
cl_simplebufferprocessing_standard,9.529700,0.095297,1.175700,0.062300,1.093600,0.041630,
cl_simplebufferprocessing_pinned,9.067500,0.090675,1.113200,0.063300,0.998600,0.035427,
cl_complexbufferprocessing_standard,9.971000,0.099710,1.107800,0.066600,1.030000,0.034165,
cl_complexbufferprocessing_pinned,11.349300,0.113493,1.830800,0.067400,1.752500,0.052718,
cl_simplebuffersynthesis_standard,11.492800,0.114928,2.468200,0.065400,2.385900,0.067641,
cl_simplebuffersynthesis_pinned,10.950400,0.109504,2.376400,0.065700,2.279700,0.060630,
cl_complexbuffersynthesis_standard,97.788200,0.977882,2.975600,0.859800,2.111100,0.165696,
cl_interruptedbufferprocessing_standard,19.756700,0.092321,2.134900,0.061600,2.051100,0.043706,
cl_interruptedbufferprocessing_pinned,18.889100,0.088267,1.819800,0.062800,1.734900,0.035527,
