Test_Name,Total_Time,Average_Time,Max_Time,Min_Time,Max_Difference,Average_Difference,
cl_nullkernel,0.044600,0.000446,0.000800,0.000400,0.000800,0.000077,
cl_cputogpu_standard,0.176900,0.001769,0.006200,0.001500,0.004400,0.000212,
cl_cputogpu_mappedbuffer,0.227300,0.002273,0.007800,0.001800,0.005100,0.000303,
cl_gputocpu_standard,0.126500,0.001265,0.002200,0.001200,0.001800,0.000084,
cl_gputocpu_pinned,0.217400,0.002174,0.019300,0.001400,0.019300,0.001086,
cl_cputogputocpu_standard,0.311400,0.003114,0.021200,0.001500,0.019500,0.000509,
cl_cputogputocpu_pinned,0.355900,0.003559,0.006400,0.001900,0.004400,0.000196,
cl_devicetransfer_standard,9.387600,0.093876,0.579400,0.075900,0.496900,0.021639,
cl_devicetransfer_pinned,8.224400,0.082244,0.603100,0.063500,0.528600,0.022186,
cl_devicetransferkernel_standard,8.243100,0.082431,0.593900,0.060700,0.440600,0.021764,
cl_devicetransferkernel_pinned,9.139700,0.091397,1.227000,0.058800,1.142500,0.040234,
cl_simplebufferprocessing_standard,8.685100,0.086851,1.777700,0.061700,1.706500,0.041511,
cl_simplebufferprocessing_pinned,9.207000,0.092070,0.685600,0.065700,0.593900,0.023478,
cl_complexbufferprocessing_standard,7.495600,0.074956,0.113300,0.067500,0.088400,0.007965,
cl_complexbufferprocessing_pinned,7.723500,0.077235,0.160100,0.067900,0.092000,0.012071,
cl_simplebuffersynthesis_standard,8.607000,0.086070,0.216600,0.065700,0.121800,0.015109,
cl_simplebuffersynthesis_pinned,8.864900,0.088649,0.202300,0.067000,0.115200,0.014349,
cl_complexbuffersynthesis_standard,1446.626600,14.466266,20.014500,12.829200,19.138200,1.205353,
cl_interruptedbufferprocessing_standard,18.767500,0.087699,1.901600,0.061000,1.828900,0.028993,
cl_interruptedbufferprocessing_pinned,17.443000,0.081509,2.111100,0.062300,1.994200,0.026205,
