Test_Name,Total_Time,Average_Time,Max_Time,Min_Time,Max_Difference,Average_Difference,
cl_nullkernel,3.189700,0.031897,0.035100,0.031300,0.035100,0.000692,
cl_cputogpu_standard,13.520500,0.135205,0.342000,0.126300,0.213400,0.010437,
cl_cputogpu_mappedbuffer,9.070600,0.090706,0.193400,0.073500,0.150000,0.007856,
cl_gputocpu_standard,15.056500,0.150565,0.191900,0.104300,0.162800,0.006913,
cl_gputocpu_pinned,8.109100,0.081091,0.156900,0.066200,0.095100,0.009433,
cl_cputogputocpu_standard,22.274000,0.222740,0.219200,0.081900,0.183100,0.009239,
cl_cputogputocpu_pinned,19.151100,0.191511,0.106400,0.048500,0.070800,0.006543,
cl_devicetransfer_standard,9.215800,0.092158,0.167200,0.065700,0.123300,0.007415,
cl_devicetransfer_pinned,10.443600,0.104436,0.324200,0.083000,0.208900,0.014708,
cl_devicetransferkernel_standard,8.342300,0.083423,0.371100,0.058800,0.303600,0.020336,
cl_devicetransferkernel_pinned,7.467700,0.074677,0.317800,0.053800,0.226500,0.020836,
cl_simplebufferprocessing_standard,37.925300,0.379253,0.736700,0.255300,0.441700,0.028481,
cl_simplebufferprocessing_pinned,29.509200,0.295092,0.631400,0.147400,0.390300,0.038621,
cl_complexbufferprocessing_standard,17.472000,0.174720,0.431400,0.159600,0.198200,0.011463,
cl_complexbufferprocessing_pinned,16.377900,0.163779,0.679200,0.139500,0.481000,0.019094,
cl_simplebuffersynthesis_standard,16.167500,0.161675,0.402400,0.121500,0.224900,0.012845,
cl_simplebuffersynthesis_pinned,19.977000,0.199770,0.417700,0.166400,0.229700,0.016308,
cl_complexbuffersynthesis_standard,144.337700,1.443377,2.165700,1.192200,1.476700,0.099237,
cl_complexbuffersynthesis_pinned,80.447100,0.804471,3.302400,0.383800,3.302400,0.187540,
cl_interruptedbufferprocessing_standard,45.016300,0.210357,0.425500,0.172800,0.233800,0.019233,
cl_interruptedbufferprocessing_pinned,46.563300,0.217586,0.506300,0.133100,0.257100,0.024337,
