Test_Name,Total_Time,Average_Time,Max_Time,Min_Time,Max_Difference,Average_Difference,
cl_nullkernel,3.199400,0.031994,0.036100,0.031300,0.035100,0.000879,
cl_cputogpu_standard,13.209300,0.132093,0.328000,0.126300,0.197000,0.008080,
cl_cputogpu_mappedbuffer,8.929900,0.089299,0.166100,0.085500,0.166100,0.005332,
cl_gputocpu_standard,15.472300,0.154723,0.260400,0.112600,0.179700,0.010074,
cl_gputocpu_pinned,7.540600,0.075406,0.140200,0.064600,0.093800,0.006523,
cl_cputogputocpu_standard,23.725000,0.237250,0.194000,0.089600,0.188900,0.009214,
cl_cputogputocpu_pinned,18.130400,0.181304,0.107400,0.050600,0.093800,0.005337,
cl_devicetransfer_standard,9.808700,0.098087,0.288100,0.067000,0.145100,0.011364,
cl_devicetransfer_pinned,11.644600,0.116446,0.242200,0.095700,0.127100,0.008344,
cl_devicetransferkernel_standard,9.687100,0.096871,0.326700,0.060700,0.215800,0.027706,
cl_devicetransferkernel_pinned,7.798700,0.077987,0.299500,0.055200,0.203400,0.017797,
cl_simplebufferprocessing_standard,33.599700,0.335997,0.719300,0.200400,0.329300,0.024083,
cl_simplebufferprocessing_pinned,33.283900,0.332839,0.623300,0.195700,0.533300,0.036465,
cl_complexbufferprocessing_standard,28.946700,0.289467,0.675400,0.209700,0.675400,0.028313,
cl_complexbufferprocessing_pinned,32.223900,0.322239,0.628400,0.191100,0.548000,0.040065,
cl_simplebuffersynthesis_standard,16.775400,0.167754,0.572100,0.129800,0.341300,0.017080,
cl_simplebuffersynthesis_pinned,19.935600,0.199356,0.368100,0.169700,0.207000,0.016152,
cl_complexbuffersynthesis_standard,83.170000,0.831700,1.300700,0.789400,0.850700,0.037196,
cl_complexbuffersynthesis_pinned,72.254200,0.722542,1.854000,0.436200,1.854000,0.070724,
cl_interruptedbufferprocessing_standard,35.505300,0.165913,0.602600,0.146200,0.441400,0.011160,
cl_interruptedbufferprocessing_pinned,31.065800,0.145167,0.560700,0.124000,0.427000,0.016256,
