Test_Name,Total_Time,Average_Time,Max_Time,Min_Time,Max_Difference,Average_Difference,
cl_nullkernel,1.369400,0.013694,0.017100,0.011800,0.014300,0.001330,
cl_cputogpu_standard,8.061000,0.080610,0.240300,0.067100,0.165800,0.011150,
cl_cputogpu_mappedbuffer,5.985800,0.059858,0.113900,0.046300,0.113900,0.006369,
cl_gputocpu_standard,9.185300,0.091853,0.139700,0.078100,0.095900,0.008931,
cl_gputocpu_pinned,5.951200,0.059512,0.082700,0.045600,0.056800,0.008242,
cl_cputogputocpu_standard,17.106100,0.171061,0.144400,0.077800,0.082200,0.010487,
cl_cputogputocpu_pinned,14.486300,0.144863,0.129000,0.047300,0.074600,0.008275,
cl_devicetransfer_standard,6.240800,0.062408,0.081800,0.048300,0.071100,0.007280,
cl_devicetransfer_pinned,6.130500,0.061305,0.088100,0.050300,0.074100,0.007008,
cl_devicetransferkernel_standard,5.401100,0.054011,0.086900,0.042400,0.062900,0.006738,
cl_devicetransferkernel_pinned,5.522800,0.055228,0.092100,0.041300,0.061800,0.007702,
cl_simplebufferprocessing_standard,22.391500,0.223915,0.501400,0.193300,0.233100,0.020341,
cl_simplebufferprocessing_pinned,23.869600,0.238696,0.681300,0.175200,0.434300,0.034954,
cl_complexbufferprocessing_standard,23.639400,0.236394,0.778800,0.197100,0.464800,0.031239,
cl_complexbufferprocessing_pinned,24.376000,0.243760,0.541400,0.187100,0.315900,0.035845,
cl_simplebuffersynthesis_standard,15.633700,0.156337,0.356700,0.135200,0.356700,0.016475,
cl_simplebuffersynthesis_pinned,12.595000,0.125950,0.155000,0.098000,0.124100,0.010016,
cl_complexbuffersynthesis_standard,3216.343700,32.163437,46.970700,29.997200,46.970700,1.185550,
cl_complexbuffersynthesis_pinned,3254.803500,32.548035,35.522600,15.538300,20.701800,0.922079,
cl_interruptedbufferprocessing_standard,47.566900,0.222275,0.622500,0.190000,0.408900,0.025026,
cl_interruptedbufferprocessing_pinned,49.951000,0.233416,0.510600,0.175500,0.321300,0.027290,
