Test_Name,Total_Time,Average_Time,Max_Time,Min_Time,Max_Difference,Average_Difference,
cl_nullkernel,0.949500,0.009495,0.011100,0.009200,0.011100,0.000233,
cl_cputogpu_standard,5.447900,0.054479,0.208000,0.047000,0.154200,0.007344,
cl_cputogpu_mappedbuffer,3.924200,0.039242,0.059200,0.034700,0.049900,0.002586,
cl_gputocpu_standard,8.008200,0.080082,0.099600,0.059000,0.061900,0.003053,
cl_gputocpu_pinned,5.941300,0.059413,0.076700,0.047300,0.050600,0.003242,
cl_cputogputocpu_standard,18.100500,0.181005,0.192700,0.068900,0.115900,0.007159,
cl_cputogputocpu_pinned,17.728300,0.177283,0.105600,0.052900,0.089100,0.004378,
cl_devicetransfer_standard,8.980800,0.089808,0.339200,0.063300,0.227000,0.015578,
cl_devicetransfer_pinned,11.754300,0.117543,0.303000,0.089200,0.188700,0.014283,
cl_devicetransferkernel_standard,8.819600,0.088196,0.180100,0.074600,0.114800,0.009180,
cl_devicetransferkernel_pinned,8.447000,0.084470,0.246300,0.072500,0.160000,0.009552,
cl_simplebufferprocessing_standard,35.376200,0.353762,0.615900,0.224700,0.282700,0.024328,
cl_simplebufferprocessing_pinned,31.073800,0.310738,0.576900,0.190900,0.406600,0.025043,
cl_complexbufferprocessing_standard,26.042500,0.260425,0.513300,0.208700,0.396300,0.017700,
cl_complexbufferprocessing_pinned,30.167300,0.301673,0.523100,0.178900,0.420400,0.026958,
cl_simplebuffersynthesis_standard,17.836700,0.178367,0.379700,0.136500,0.265300,0.010074,
cl_simplebuffersynthesis_pinned,20.225300,0.202253,0.386700,0.173500,0.204400,0.022347,
cl_complexbuffersynthesis_standard,221.569500,2.215695,2.857800,1.996000,2.275400,0.087576,
cl_complexbuffersynthesis_pinned,159.864800,1.598648,6.167700,0.770800,6.167700,0.259050,
cl_interruptedbufferprocessing_standard,45.132200,0.210898,0.482000,0.182600,0.294000,0.019229,
cl_interruptedbufferprocessing_pinned,49.984600,0.233573,0.400600,0.186900,0.264200,0.028686,
