Test_Name,Total_Time,Average_Time,Max_Time,Min_Time,Max_Difference,Average_Difference,
cl_nullkernel,1.409700,0.014097,0.019000,0.012100,0.014300,0.001396,
cl_cputogpu_standard,10.207800,0.102078,0.173000,0.087700,0.122500,0.009898,
cl_cputogpu_mappedbuffer,7.168000,0.071680,0.134400,0.059500,0.134400,0.009219,
cl_gputocpu_standard,11.253800,0.112538,0.219900,0.096300,0.122900,0.013452,
cl_gputocpu_pinned,7.810300,0.078103,0.198300,0.061200,0.118000,0.012027,
cl_cputogputocpu_standard,21.190000,0.211900,0.144400,0.097200,0.143900,0.008985,
cl_cputogputocpu_pinned,17.113500,0.171135,0.091500,0.059300,0.079200,0.007280,
cl_devicetransfer_standard,6.285200,0.062852,0.079200,0.052500,0.068100,0.003929,
cl_devicetransfer_pinned,6.395900,0.063959,0.094900,0.053300,0.075500,0.006877,
cl_devicetransferkernel_standard,5.668500,0.056685,0.084300,0.043900,0.062200,0.003944,
cl_devicetransferkernel_pinned,5.579700,0.055797,0.092200,0.041700,0.050800,0.008393,
cl_simplebufferprocessing_standard,26.499100,0.264991,0.482400,0.234000,0.268500,0.020037,
cl_simplebufferprocessing_pinned,24.971100,0.249711,0.598100,0.204000,0.288500,0.037266,
cl_complexbufferprocessing_standard,27.588500,0.275885,0.565800,0.238200,0.304000,0.027944,
cl_complexbufferprocessing_pinned,25.031600,0.250316,0.523500,0.208300,0.274100,0.030863,
cl_simplebuffersynthesis_standard,17.977700,0.179777,0.341600,0.153200,0.183100,0.016192,
cl_simplebuffersynthesis_pinned,14.472400,0.144724,0.210300,0.129500,0.148800,0.012044,
cl_complexbuffersynthesis_standard,26786.056100,267.860561,339.946000,243.415900,332.799700,6.558831,
cl_complexbuffersynthesis_pinned,25422.197600,254.221976,269.958200,216.638000,216.638000,9.780899,
cl_interruptedbufferprocessing_standard,57.203800,0.267307,0.355800,0.239100,0.271300,0.016892,
cl_interruptedbufferprocessing_pinned,50.565700,0.236288,0.322300,0.203500,0.246400,0.017562,
