Test_Name,Total_Time,Average_Time,Max_Time,Min_Time,Max_Difference,Average_Difference,
cl_nullkernel,1.355500,0.013555,0.017200,0.012100,0.014100,0.001177,
cl_cputogpu_standard,7.779000,0.077790,0.382000,0.060700,0.318300,0.016831,
cl_cputogpu_mappedbuffer,5.851500,0.058515,0.091000,0.046100,0.091000,0.008479,
cl_gputocpu_standard,7.538500,0.075385,0.106100,0.062900,0.096300,0.004736,
cl_gputocpu_pinned,3.536500,0.035365,0.039400,0.034400,0.037300,0.000788,
cl_cputogputocpu_standard,11.464600,0.114646,0.079100,0.058800,0.061300,0.001458,
cl_cputogputocpu_pinned,9.098300,0.090983,0.064700,0.034700,0.037200,0.001627,
cl_devicetransfer_standard,5.190800,0.051908,0.269700,0.041900,0.221200,0.010704,
cl_devicetransfer_pinned,6.059200,0.060592,0.139500,0.049100,0.088000,0.007022,
cl_devicetransferkernel_standard,5.544600,0.055446,0.143500,0.049300,0.086900,0.005996,
cl_devicetransferkernel_pinned,6.671800,0.066718,0.338800,0.044300,0.274800,0.015616,
cl_simplebufferprocessing_standard,32.226500,0.322265,0.675300,0.181200,0.298300,0.019990,
cl_simplebufferprocessing_pinned,33.750000,0.337500,0.595600,0.213100,0.496700,0.023827,
cl_complexbufferprocessing_standard,29.924900,0.299249,0.695600,0.213400,0.393100,0.025176,
cl_complexbufferprocessing_pinned,32.098400,0.320984,0.637800,0.234100,0.467600,0.032191,
cl_simplebuffersynthesis_standard,21.058500,0.210585,0.411100,0.167500,0.273200,0.013150,
cl_simplebuffersynthesis_pinned,20.368200,0.203682,0.381700,0.191600,0.206700,0.012255,
cl_complexbuffersynthesis_standard,403.952900,4.039529,5.935000,3.819900,5.935000,0.200911,
cl_complexbuffersynthesis_pinned,395.075600,3.950756,8.577800,1.659800,8.577800,0.377499,
cl_interruptedbufferprocessing_standard,45.414200,0.212216,0.393700,0.185200,0.242600,0.019224,
cl_interruptedbufferprocessing_pinned,50.671000,0.236780,0.428200,0.187400,0.288800,0.029125,
