Test_Name,Total_Time,Average_Time,Max_Time,Min_Time,Max_Difference,Average_Difference,
cl_nullkernel,1.427300,0.014273,0.017000,0.012000,0.013200,0.001119,
cl_cputogpu_standard,7.491300,0.074913,0.235700,0.061600,0.170700,0.010562,
cl_cputogpu_mappedbuffer,5.884500,0.058845,0.105000,0.047500,0.105000,0.008450,
cl_gputocpu_standard,8.934900,0.089349,0.124200,0.077700,0.084100,0.008351,
cl_gputocpu_pinned,5.707500,0.057075,0.154100,0.044400,0.104600,0.011828,
cl_cputogputocpu_standard,16.421100,0.164211,0.137700,0.075200,0.105100,0.009880,
cl_cputogputocpu_pinned,9.430100,0.094301,0.078000,0.034900,0.051500,0.003125,
cl_devicetransfer_standard,4.224700,0.042247,0.048200,0.041100,0.046000,0.000899,
cl_devicetransfer_pinned,4.249200,0.042492,0.066700,0.041600,0.043700,0.001228,
cl_devicetransferkernel_standard,3.195000,0.031950,0.046200,0.030600,0.035600,0.001471,
cl_devicetransferkernel_pinned,3.949000,0.039490,0.240400,0.031500,0.201900,0.013585,
cl_simplebufferprocessing_standard,30.501500,0.305015,0.562200,0.152300,0.283600,0.022568,
cl_simplebufferprocessing_pinned,30.368900,0.303689,0.566500,0.228800,0.456200,0.024893,
cl_complexbufferprocessing_standard,26.034700,0.260347,0.532500,0.186500,0.532500,0.030653,
cl_complexbufferprocessing_pinned,30.619900,0.306199,0.514700,0.227400,0.360800,0.023726,
cl_simplebuffersynthesis_standard,28.171100,0.281711,0.449000,0.235200,0.332600,0.025127,
cl_simplebuffersynthesis_pinned,20.479800,0.204798,0.370500,0.192800,0.257200,0.015167,
cl_complexbuffersynthesis_standard,768.442300,7.684423,8.768000,7.269900,8.182300,0.413958,
cl_complexbuffersynthesis_pinned,839.673400,8.396734,25.528800,7.668100,25.528800,0.668516,
cl_interruptedbufferprocessing_standard,45.179700,0.211120,0.482300,0.177900,0.275200,0.017643,
cl_interruptedbufferprocessing_pinned,50.095400,0.234091,0.610500,0.175300,0.321000,0.028208,
