Test_Name,Total_Time,Average_Time,Max_Time,Min_Time,Max_Difference,Average_Difference,
cl_nullkernel,3.204600,0.032046,0.048700,0.031300,0.034800,0.001012,
cl_cputogpu_standard,13.377300,0.133773,0.334400,0.126600,0.186600,0.010734,
cl_cputogpu_mappedbuffer,9.003500,0.090035,0.150800,0.075300,0.150800,0.007159,
cl_gputocpu_standard,15.616300,0.156163,0.194600,0.102500,0.173400,0.005806,
cl_gputocpu_pinned,7.817800,0.078178,0.125600,0.067700,0.098600,0.006485,
cl_cputogputocpu_standard,24.409700,0.244097,0.252500,0.098400,0.182400,0.008671,
cl_cputogputocpu_pinned,19.688100,0.196881,0.197900,0.049100,0.144500,0.010171,
cl_devicetransfer_standard,9.841600,0.098416,0.371000,0.070300,0.254700,0.009622,
cl_devicetransfer_pinned,11.491200,0.114912,0.264800,0.097800,0.161700,0.011209,
cl_devicetransferkernel_standard,8.446800,0.084468,0.428100,0.066400,0.327900,0.018518,
cl_devicetransferkernel_pinned,7.039000,0.070390,0.165000,0.055200,0.103600,0.008633,
cl_simplebufferprocessing_standard,35.682100,0.356821,0.650700,0.201100,0.328700,0.026903,
cl_simplebufferprocessing_pinned,40.617300,0.406173,0.754900,0.274800,0.409100,0.037894,
cl_complexbufferprocessing_standard,30.071900,0.300719,0.631400,0.212400,0.455500,0.027215,
cl_complexbufferprocessing_pinned,32.459100,0.324591,0.598000,0.250400,0.417700,0.040044,
cl_simplebuffersynthesis_standard,21.738100,0.217381,0.361500,0.169100,0.301200,0.017934,
cl_simplebuffersynthesis_pinned,20.614000,0.206140,0.435400,0.192600,0.230800,0.015872,
cl_complexbuffersynthesis_standard,30.947700,0.309477,0.660700,0.262000,0.411300,0.024524,
cl_complexbuffersynthesis_pinned,11.028300,0.110283,0.302300,0.023100,0.214800,0.015639,
cl_interruptedbufferprocessing_standard,34.883900,0.163009,0.562200,0.145300,0.370800,0.011751,
cl_interruptedbufferprocessing_pinned,40.864500,0.190956,0.398000,0.140200,0.305800,0.016314,
