Test_Name,Total_Time,Average_Time,Max_Time,Min_Time,Max_Difference,Average_Difference,
cl_nullkernel,3.207600,0.032076,0.048700,0.031200,0.034900,0.001179,
cl_cputogpu_standard,13.897400,0.138974,0.399700,0.126300,0.270500,0.012508,
cl_cputogpu_mappedbuffer,9.210400,0.092104,0.243300,0.075500,0.176900,0.013827,
cl_gputocpu_standard,15.462400,0.154624,0.268400,0.101000,0.178800,0.009834,
cl_gputocpu_pinned,7.809200,0.078092,0.148700,0.063300,0.097700,0.006764,
cl_cputogputocpu_standard,21.645100,0.216451,0.281700,0.086400,0.178500,0.010335,
cl_cputogputocpu_pinned,20.133700,0.201337,0.132000,0.054700,0.105700,0.008960,
cl_devicetransfer_standard,8.687200,0.086872,0.172800,0.065500,0.120300,0.008045,
cl_devicetransfer_pinned,10.866500,0.108665,0.374900,0.086200,0.288300,0.014035,
cl_devicetransferkernel_standard,8.938600,0.089386,0.394100,0.057700,0.325500,0.024103,
cl_devicetransferkernel_pinned,7.331200,0.073312,0.289900,0.055400,0.223700,0.017524,
cl_simplebufferprocessing_standard,33.315900,0.333159,0.674500,0.194600,0.345300,0.026853,
cl_simplebufferprocessing_pinned,32.486900,0.324869,0.516800,0.212400,0.401500,0.031906,
cl_complexbufferprocessing_standard,27.153200,0.271532,0.580600,0.212600,0.580600,0.021326,
cl_complexbufferprocessing_pinned,38.220000,0.382200,0.836600,0.239000,0.495000,0.035609,
cl_simplebuffersynthesis_standard,26.749300,0.267493,0.418200,0.225000,0.324000,0.019889,
cl_simplebuffersynthesis_pinned,21.057300,0.210573,0.388400,0.170200,0.211900,0.023008,
cl_complexbuffersynthesis_standard,54.837700,0.548377,0.872800,0.502000,0.781300,0.032298,
cl_complexbuffersynthesis_pinned,45.131300,0.451313,1.024700,0.177600,0.895700,0.039422,
cl_interruptedbufferprocessing_standard,32.598400,0.152329,0.535400,0.141300,0.374500,0.010883,
cl_interruptedbufferprocessing_pinned,30.254500,0.141376,0.481500,0.125400,0.308200,0.011706,
