Test_Name,Total_Time,Average_Time,Max_Time,Min_Time,Max_Difference,Average_Difference,
cl_nullkernel,1.291600,0.012916,0.016900,0.012000,0.013600,0.000941,
cl_cputogpu_standard,44.839400,0.448394,0.543900,0.428500,0.504200,0.014845,
cl_cputogpu_mappedbuffer,35.960400,0.359604,0.607100,0.334000,0.607100,0.018312,
cl_gputocpu_standard,36.628900,0.366289,0.439200,0.345800,0.387400,0.015245,
cl_gputocpu_pinned,37.602900,0.376029,0.509600,0.351500,0.393400,0.020090,
cl_cputogputocpu_standard,84.459600,0.844596,0.427500,0.350500,0.384400,0.016001,
cl_cputogputocpu_pinned,80.503000,0.805030,0.688700,0.350700,0.396500,0.031832,
cl_devicetransfer_standard,6.537900,0.065379,0.108600,0.053200,0.088300,0.008326,
cl_devicetransfer_pinned,7.085700,0.070857,0.378900,0.053900,0.310300,0.017845,
cl_devicetransferkernel_standard,5.601200,0.056012,0.072400,0.047200,0.070400,0.006333,
cl_devicetransferkernel_pinned,5.777900,0.057779,0.114400,0.048200,0.060800,0.007803,
cl_simplebufferprocessing_standard,91.768300,0.917683,1.186800,0.867300,0.957900,0.043228,
cl_simplebufferprocessing_pinned,107.497500,1.074975,1.247100,1.009100,1.106900,0.045965,
cl_complexbufferprocessing_standard,94.319100,0.943191,1.086800,0.883700,1.079900,0.034833,
cl_complexbufferprocessing_pinned,108.947300,1.089473,1.349100,1.022600,1.260500,0.050827,
cl_simplebuffersynthesis_standard,54.618300,0.546183,0.709500,0.512400,0.687300,0.025479,
cl_simplebuffersynthesis_pinned,55.456300,0.554563,0.735100,0.504600,0.660700,0.041234,
cl_complexbuffersynthesis_standard,437090.466000,4370.904660,5324.178400,4026.101900,5279.007100,71.563204,
cl_complexbuffersynthesis_pinned,516681.942400,5166.819424,7553.166900,4048.552500,4349.996100,290.947903,
cl_interruptedbufferprocessing_standard,196.331500,0.917437,1.222100,0.844400,1.076500,0.036962,
cl_interruptedbufferprocessing_pinned,230.000000,1.074766,1.454100,0.974500,1.321600,0.053126,
