Test_Name,Total_Time,Average_Time,Max_Time,Min_Time,Max_Difference,Average_Difference,
cl_nullkernel,1.371000,0.013710,0.018500,0.011400,0.016600,0.001430,
cl_cputogpu_standard,8.114900,0.081149,0.243400,0.069900,0.172300,0.009755,
cl_cputogpu_mappedbuffer,6.357500,0.063575,0.114500,0.046400,0.114500,0.009413,
cl_gputocpu_standard,9.588900,0.095889,0.173500,0.080400,0.107500,0.010264,
cl_gputocpu_pinned,6.425100,0.064251,0.136000,0.048000,0.080500,0.010637,
cl_cputogputocpu_standard,17.853500,0.178535,0.128700,0.079000,0.091000,0.009140,
cl_cputogputocpu_pinned,14.571700,0.145717,0.091700,0.046600,0.055600,0.009082,
cl_devicetransfer_standard,6.751200,0.067512,0.305200,0.053700,0.177700,0.011017,
cl_devicetransfer_pinned,7.075200,0.070752,0.358500,0.053100,0.280600,0.018238,
cl_devicetransferkernel_standard,5.828000,0.058280,0.315000,0.042600,0.259600,0.011924,
cl_devicetransferkernel_pinned,5.354200,0.053542,0.093100,0.041600,0.093100,0.008558,
cl_simplebufferprocessing_standard,22.978800,0.229788,0.468500,0.197100,0.285900,0.021305,
cl_simplebufferprocessing_pinned,22.997000,0.229970,0.558900,0.180900,0.345900,0.037221,
cl_complexbufferprocessing_standard,23.232200,0.232322,0.617000,0.200000,0.307000,0.021018,
cl_complexbufferprocessing_pinned,24.226800,0.242268,0.601000,0.180600,0.415100,0.035446,
cl_simplebuffersynthesis_standard,16.072100,0.160721,0.349000,0.139200,0.177700,0.013257,
cl_simplebuffersynthesis_pinned,13.729700,0.137297,0.475100,0.115900,0.338800,0.019110,
cl_complexbuffersynthesis_standard,6662.097300,66.620973,88.071200,59.822900,86.117100,2.292319,
cl_complexbuffersynthesis_pinned,6459.647400,64.596474,67.974400,34.102200,34.102200,1.947632,
cl_interruptedbufferprocessing_standard,48.032100,0.224449,0.493000,0.197700,0.300700,0.016279,
cl_interruptedbufferprocessing_pinned,49.664800,0.232079,0.535600,0.173500,0.331600,0.034129,
