Test_Name,Total_Time,Average_Time,Max_Time,Min_Time,Max_Difference,Average_Difference,
cl_nullkernel,1.381900,0.013819,0.018800,0.009900,0.013600,0.001301,
cl_cputogpu_standard,7.571000,0.075710,0.190100,0.057100,0.114600,0.010798,
cl_cputogpu_mappedbuffer,6.077400,0.060774,0.095500,0.046200,0.095500,0.009016,
cl_gputocpu_standard,9.011500,0.090115,0.133600,0.077000,0.087800,0.009165,
cl_gputocpu_pinned,5.827800,0.058278,0.089000,0.045900,0.066600,0.008571,
cl_cputogputocpu_standard,16.409400,0.164094,0.166600,0.077000,0.109600,0.010994,
cl_cputogputocpu_pinned,14.177900,0.141779,0.087600,0.041400,0.061900,0.008898,
cl_devicetransfer_standard,6.294100,0.062941,0.102700,0.049500,0.067800,0.005983,
cl_devicetransfer_pinned,6.242200,0.062422,0.108400,0.050000,0.082800,0.006413,
cl_devicetransferkernel_standard,5.097700,0.050977,0.068500,0.038400,0.054900,0.007335,
cl_devicetransferkernel_pinned,5.225900,0.052259,0.076100,0.040700,0.048000,0.007163,
cl_simplebufferprocessing_standard,21.438400,0.214384,0.537200,0.184800,0.270500,0.020921,
cl_simplebufferprocessing_pinned,23.839700,0.238397,0.552100,0.184200,0.321500,0.033098,
cl_complexbufferprocessing_standard,20.600000,0.206000,0.461500,0.152800,0.261100,0.020648,
cl_complexbufferprocessing_pinned,13.955900,0.139559,0.445000,0.127700,0.278700,0.011130,
cl_simplebuffersynthesis_standard,10.777800,0.107778,0.346200,0.099600,0.237400,0.007195,
cl_simplebuffersynthesis_pinned,8.414300,0.084143,0.108200,0.079400,0.087000,0.003384,
cl_complexbuffersynthesis_standard,1596.392700,15.963927,20.175600,14.552600,17.141400,0.610698,
cl_complexbuffersynthesis_pinned,1585.501300,15.855013,18.328200,7.369700,13.336800,1.033290,
cl_interruptedbufferprocessing_standard,53.633300,0.250623,0.475800,0.185900,0.266900,0.044917,
cl_interruptedbufferprocessing_pinned,56.097300,0.262137,0.624100,0.169300,0.290800,0.039747,
