Test_Name,Total_Time,Average_Time,Max_Time,Min_Time,Max_Difference,Average_Difference,
cl_nullkernel,3.159000,0.031590,0.035000,0.031300,0.033800,0.000639,
cl_cputogpu_standard,13.058000,0.130580,0.253700,0.117300,0.133300,0.007355,
cl_cputogpu_mappedbuffer,9.013300,0.090133,0.198500,0.074300,0.149400,0.011020,
cl_gputocpu_standard,15.294000,0.152940,0.222900,0.117600,0.170300,0.010481,
cl_gputocpu_pinned,7.327500,0.073275,0.150900,0.061100,0.093000,0.006022,
cl_cputogputocpu_standard,27.659000,0.276590,0.273000,0.098400,0.184800,0.010591,
cl_cputogputocpu_pinned,19.082200,0.190822,0.128200,0.051600,0.114500,0.008451,
cl_devicetransfer_standard,9.018300,0.090183,0.145900,0.065300,0.120700,0.006634,
cl_devicetransfer_pinned,11.385800,0.113858,0.316100,0.080900,0.211300,0.016862,
cl_devicetransferkernel_standard,8.934700,0.089347,0.381800,0.061700,0.311200,0.022871,
cl_devicetransferkernel_pinned,7.757600,0.077576,0.320000,0.056400,0.256100,0.019174,
cl_simplebufferprocessing_standard,33.785600,0.337856,0.643000,0.200100,0.349200,0.021940,
cl_simplebufferprocessing_pinned,33.817700,0.338177,0.800000,0.202400,0.505100,0.045616,
cl_complexbufferprocessing_standard,27.420200,0.274202,0.493800,0.214700,0.428600,0.022178,
cl_complexbufferprocessing_pinned,29.700800,0.297008,0.541600,0.197900,0.429900,0.026562,
cl_simplebuffersynthesis_standard,18.764000,0.187640,0.430400,0.157400,0.263000,0.011328,
cl_simplebuffersynthesis_pinned,19.751900,0.197519,0.413900,0.175200,0.253200,0.017958,
cl_complexbuffersynthesis_standard,42.714900,0.427149,0.721900,0.375200,0.399400,0.031618,
cl_complexbuffersynthesis_pinned,13.659600,0.136596,0.754200,0.045100,0.421700,0.026324,
cl_interruptedbufferprocessing_standard,33.345400,0.155820,0.555500,0.142300,0.385200,0.008729,
cl_interruptedbufferprocessing_pinned,33.263100,0.155435,0.644100,0.131200,0.457600,0.014242,
