Test_Name,Total_Time,Average_Time,Max_Time,Min_Time,Max_Difference,Average_Difference,
cl_nullkernel,3.186500,0.031865,0.056100,0.031100,0.034700,0.001151,
cl_cputogpu_standard,13.921100,0.139211,0.410900,0.126500,0.260400,0.012023,
cl_cputogpu_mappedbuffer,9.131600,0.091316,0.175600,0.086000,0.175600,0.006414,
cl_gputocpu_standard,16.142500,0.161425,0.262200,0.108000,0.175400,0.009407,
cl_gputocpu_pinned,9.121100,0.091211,0.186000,0.068700,0.098900,0.009675,
cl_cputogputocpu_standard,27.183500,0.271835,0.264200,0.097900,0.202100,0.008513,
cl_cputogputocpu_pinned,19.551800,0.195518,0.160300,0.062100,0.093300,0.008596,
cl_devicetransfer_standard,10.032900,0.100329,0.318700,0.068200,0.165400,0.013164,
cl_devicetransfer_pinned,12.378000,0.123780,0.282400,0.107300,0.168400,0.014144,
cl_devicetransferkernel_standard,8.717100,0.087171,0.375900,0.068500,0.278300,0.015333,
cl_devicetransferkernel_pinned,7.082600,0.070826,0.321300,0.058800,0.221400,0.014678,
cl_simplebufferprocessing_standard,35.635900,0.356359,0.748400,0.201500,0.319200,0.027160,
cl_simplebufferprocessing_pinned,33.207400,0.332074,0.582600,0.224600,0.360700,0.028874,
cl_complexbufferprocessing_standard,28.744900,0.287449,0.462700,0.213100,0.420500,0.020326,
cl_complexbufferprocessing_pinned,30.368900,0.303689,0.647500,0.244600,0.413900,0.026224,
cl_simplebuffersynthesis_standard,19.773700,0.197737,0.435900,0.161600,0.331800,0.014421,
cl_simplebuffersynthesis_pinned,20.601700,0.206017,0.457900,0.192100,0.214500,0.013462,
cl_complexbuffersynthesis_standard,22.506500,0.225065,0.593200,0.174000,0.390900,0.021002,
cl_complexbuffersynthesis_pinned,5.633100,0.056331,0.097700,0.019100,0.067300,0.011381,
cl_interruptedbufferprocessing_standard,47.108000,0.220131,0.525000,0.165400,0.385900,0.011551,
cl_interruptedbufferprocessing_pinned,47.186200,0.220496,0.677600,0.140600,0.424500,0.020827,
