Test_Name,Total_Time,Average_Time,Max_Time,Min_Time,Max_Difference,Average_Difference,
cl_nullkernel,1.447600,0.014476,0.017800,0.012100,0.017100,0.001474,
cl_cputogpu_standard,16.627800,0.166278,0.259400,0.148700,0.259400,0.014349,
cl_cputogpu_mappedbuffer,13.023600,0.130236,0.188700,0.113000,0.188700,0.012551,
cl_gputocpu_standard,17.642500,0.176425,0.223700,0.157500,0.187900,0.011511,
cl_gputocpu_pinned,13.364900,0.133649,0.250600,0.114800,0.131600,0.016448,
cl_cputogputocpu_standard,34.366100,0.343661,0.206200,0.156800,0.181900,0.011651,
cl_cputogputocpu_pinned,29.367800,0.293678,0.216900,0.115300,0.125700,0.014144,
cl_devicetransfer_standard,6.927800,0.069278,0.352600,0.052300,0.296300,0.013972,
cl_devicetransfer_pinned,7.154600,0.071546,0.351900,0.060500,0.284600,0.014093,
cl_devicetransferkernel_standard,5.368100,0.053681,0.076100,0.043800,0.075800,0.006514,
cl_devicetransferkernel_pinned,5.581100,0.055811,0.097100,0.045300,0.054900,0.005144,
cl_simplebufferprocessing_standard,40.362100,0.403621,0.599700,0.370200,0.422700,0.026941,
cl_simplebufferprocessing_pinned,40.229400,0.402294,0.613300,0.355300,0.462000,0.037858,
cl_complexbufferprocessing_standard,41.325100,0.413251,0.649900,0.375300,0.428900,0.030959,
cl_complexbufferprocessing_pinned,42.216800,0.422168,0.759800,0.369900,0.470400,0.044545,
cl_simplebuffersynthesis_standard,27.125500,0.271255,0.511700,0.235200,0.309600,0.025674,
cl_simplebuffersynthesis_pinned,22.456200,0.224562,0.448700,0.192900,0.229800,0.025112,
cl_complexbuffersynthesis_standard,109166.676100,1091.666761,1392.728500,1003.518900,1349.233100,23.590193,
cl_complexbuffersynthesis_pinned,107118.093800,1071.180938,1109.378800,1006.912600,1006.912600,20.864652,
cl_interruptedbufferprocessing_standard,85.782400,0.400852,0.601000,0.365100,0.440400,0.018218,
cl_interruptedbufferprocessing_pinned,87.034300,0.406702,0.842100,0.354600,0.437800,0.035335,
