Test_Name,Total_Time,Average_Time,Max_Time,Min_Time,Max_Difference,Average_Difference,
cl_nullkernel,3.153500,0.031535,0.048300,0.031000,0.034100,0.000949,
cl_cputogpu_standard,14.133000,0.141330,0.342900,0.127500,0.204000,0.018999,
cl_cputogpu_mappedbuffer,9.522900,0.095229,0.221400,0.088100,0.221400,0.009429,
cl_gputocpu_standard,16.027500,0.160275,0.241600,0.113900,0.204700,0.008490,
cl_gputocpu_pinned,7.719700,0.077197,0.123900,0.063000,0.123900,0.006874,
cl_cputogputocpu_standard,24.777500,0.247775,0.196600,0.103100,0.182300,0.006066,
cl_cputogputocpu_pinned,18.967800,0.189678,0.136700,0.049900,0.136700,0.006398,
cl_devicetransfer_standard,11.868500,0.118685,0.319400,0.108600,0.150800,0.008740,
cl_devicetransfer_pinned,12.257000,0.122570,0.385500,0.111800,0.270500,0.015430,
cl_devicetransferkernel_standard,9.890700,0.098907,0.194100,0.082800,0.097900,0.011786,
cl_devicetransferkernel_pinned,8.147000,0.081470,0.192200,0.066300,0.125900,0.009121,
cl_simplebufferprocessing_standard,37.183100,0.371831,0.752300,0.236600,0.406400,0.029902,
cl_simplebufferprocessing_pinned,40.205200,0.402052,0.978200,0.267600,0.535300,0.035441,
cl_complexbufferprocessing_standard,40.365200,0.403652,0.825800,0.296600,0.491100,0.032096,
cl_complexbufferprocessing_pinned,36.874200,0.368742,0.554000,0.262700,0.470000,0.034811,
cl_simplebuffersynthesis_standard,19.308000,0.193080,0.427000,0.149100,0.278300,0.016363,
cl_simplebuffersynthesis_pinned,21.173100,0.211731,0.498400,0.182000,0.283300,0.023782,
cl_complexbuffersynthesis_standard,31.212300,0.312123,0.720400,0.247200,0.376200,0.021533,
cl_complexbuffersynthesis_pinned,1.170500,0.011705,0.030900,0.005900,0.021600,0.003853,
cl_interruptedbufferprocessing_standard,59.089800,0.276121,0.715100,0.174200,0.330100,0.015522,
cl_interruptedbufferprocessing_pinned,47.512100,0.222019,0.505300,0.139700,0.395900,0.021085,
