Test_Name,Total_Time,Average_Time,Max_Time,Min_Time,Max_Difference,Average_Difference,
cl_nullkernel,3.186300,0.031863,0.048400,0.031200,0.035000,0.001059,
cl_cputogpu_standard,12.990700,0.129907,0.151800,0.126600,0.137000,0.004883,
cl_cputogpu_mappedbuffer,9.324800,0.093248,0.219200,0.079700,0.154600,0.010659,
cl_gputocpu_standard,17.009000,0.170090,0.232100,0.150400,0.178800,0.008020,
cl_gputocpu_pinned,9.555900,0.095559,0.161700,0.081300,0.119400,0.010935,
cl_cputogputocpu_standard,29.080500,0.290805,0.283300,0.088000,0.180800,0.008860,
cl_cputogputocpu_pinned,19.872800,0.198728,0.115700,0.053000,0.095100,0.008506,
cl_devicetransfer_standard,10.071100,0.100711,0.303800,0.070200,0.154600,0.010052,
cl_devicetransfer_pinned,12.548100,0.125481,0.324300,0.111800,0.209200,0.018714,
cl_devicetransferkernel_standard,9.439500,0.094395,0.379200,0.072800,0.300800,0.021240,
cl_devicetransferkernel_pinned,7.017500,0.070175,0.178000,0.056000,0.112100,0.008531,
cl_simplebufferprocessing_standard,36.978500,0.369785,0.735400,0.210400,0.374500,0.036007,
cl_simplebufferprocessing_pinned,38.925100,0.389251,0.705900,0.270500,0.423500,0.032609,
cl_complexbufferprocessing_standard,28.205500,0.282055,0.606100,0.233400,0.440600,0.020745,
cl_complexbufferprocessing_pinned,31.740600,0.317406,0.686700,0.214100,0.444100,0.029794,
cl_simplebuffersynthesis_standard,20.142000,0.201420,0.442300,0.168500,0.269500,0.016028,
cl_simplebuffersynthesis_pinned,21.114200,0.211142,0.376400,0.187300,0.214300,0.020192,
cl_complexbuffersynthesis_standard,25.930700,0.259307,0.569200,0.203200,0.521700,0.030530,
cl_complexbuffersynthesis_pinned,11.252300,0.112523,0.181000,0.075500,0.101400,0.017234,
cl_interruptedbufferprocessing_standard,45.784700,0.213947,0.469200,0.161300,0.408900,0.010999,
cl_interruptedbufferprocessing_pinned,47.769200,0.223221,0.662700,0.140900,0.662700,0.019491,
