Test_Name,Total_Time,Average_Time,Max_Time,Min_Time,Max_Difference,Average_Difference,
cl_nullkernel,1.381900,0.013819,0.021800,0.012200,0.015200,0.001494,
cl_cputogpu_standard,8.903400,0.089034,0.479000,0.072300,0.395300,0.014947,
cl_cputogpu_mappedbuffer,6.454900,0.064549,0.123700,0.048900,0.082000,0.009046,
cl_gputocpu_standard,10.022700,0.100227,0.118700,0.089200,0.104900,0.007739,
cl_gputocpu_pinned,6.801700,0.068017,0.099400,0.050800,0.090300,0.009743,
cl_cputogputocpu_standard,18.817900,0.188179,0.127900,0.090300,0.106600,0.007805,
cl_cputogputocpu_pinned,15.770000,0.157700,0.096700,0.051500,0.073500,0.007489,
cl_devicetransfer_standard,7.000400,0.070004,0.442400,0.053000,0.380600,0.013044,
cl_devicetransfer_pinned,6.621500,0.066215,0.351900,0.053300,0.278900,0.011051,
cl_devicetransferkernel_standard,5.258500,0.052585,0.105000,0.041400,0.061300,0.007208,
cl_devicetransferkernel_pinned,5.821700,0.058217,0.275500,0.041400,0.275500,0.011009,
cl_simplebufferprocessing_standard,23.769000,0.237690,0.499700,0.208700,0.355700,0.023777,
cl_simplebufferprocessing_pinned,23.359700,0.233597,0.606300,0.175500,0.336000,0.040061,
cl_complexbufferprocessing_standard,24.549800,0.245498,0.733700,0.213300,0.499500,0.026035,
cl_complexbufferprocessing_pinned,23.135800,0.231358,0.613200,0.184700,0.301300,0.031637,
cl_simplebuffersynthesis_standard,16.706600,0.167066,0.334000,0.146600,0.168100,0.012842,
cl_simplebuffersynthesis_pinned,13.581800,0.135818,0.294500,0.120300,0.155900,0.012653,
cl_complexbuffersynthesis_standard,13308.979300,133.089793,168.502100,121.357400,165.894100,3.195633,
cl_complexbuffersynthesis_pinned,12981.839500,129.818395,136.471400,86.272300,86.272300,3.518686,
cl_interruptedbufferprocessing_standard,50.513100,0.236043,0.601400,0.205600,0.527500,0.021369,
cl_interruptedbufferprocessing_pinned,49.378900,0.230743,0.513900,0.179500,0.249100,0.029809,
