Test_Name,Total_Time,Average_Time,Max_Time,Min_Time,Max_Difference,Average_Difference,
cl_nullkernel,1.414600,0.014146,0.017400,0.012200,0.013600,0.001255,
cl_cputogpu_standard,12.092600,0.120926,0.157700,0.107000,0.148900,0.009230,
cl_cputogpu_mappedbuffer,9.168300,0.091683,0.124600,0.079400,0.124600,0.010077,
cl_gputocpu_standard,13.182000,0.131820,0.180800,0.118100,0.133100,0.010613,
cl_gputocpu_pinned,9.300600,0.093006,0.137500,0.078300,0.091600,0.009989,
cl_cputogputocpu_standard,25.852800,0.258528,0.160300,0.116700,0.138600,0.008223,
cl_cputogputocpu_pinned,20.442500,0.204425,0.123900,0.081000,0.098800,0.009612,
cl_devicetransfer_standard,6.175600,0.061756,0.126800,0.053100,0.068800,0.006780,
cl_devicetransfer_pinned,6.356300,0.063563,0.078600,0.052800,0.067400,0.003709,
cl_devicetransferkernel_standard,5.229500,0.052295,0.066800,0.044000,0.065200,0.007111,
cl_devicetransferkernel_pinned,5.562800,0.055628,0.109300,0.043000,0.062200,0.008779,
cl_simplebufferprocessing_standard,30.316000,0.303160,0.370100,0.275600,0.325000,0.019626,
cl_simplebufferprocessing_pinned,29.430800,0.294308,0.397600,0.248500,0.272900,0.031474,
cl_complexbufferprocessing_standard,31.155900,0.311559,0.404500,0.285700,0.311800,0.016805,
cl_complexbufferprocessing_pinned,28.591500,0.285915,0.366000,0.252600,0.309000,0.022215,
cl_simplebuffersynthesis_standard,19.575900,0.195759,0.254200,0.174000,0.204500,0.013777,
cl_simplebuffersynthesis_pinned,16.257400,0.162574,0.224800,0.144300,0.164900,0.013037,
cl_complexbuffersynthesis_standard,54826.178000,548.261780,724.668400,497.330800,696.562800,13.997326,
cl_complexbuffersynthesis_pinned,52770.873900,527.708739,546.781000,473.473500,522.374400,12.182217,
cl_interruptedbufferprocessing_standard,66.505100,0.310771,0.569900,0.273000,0.430300,0.023494,
cl_interruptedbufferprocessing_pinned,63.889900,0.298551,0.694000,0.252500,0.415500,0.039129,
