Test_Name,Total_Time,Average_Time,Max_Time,Min_Time,Max_Difference,Average_Difference,
cl_nullkernel,1.454600,0.014546,0.017400,0.012000,0.015500,0.001184,
cl_cputogpu_standard,25.905700,0.259057,0.371700,0.237300,0.371700,0.015486,
cl_cputogpu_mappedbuffer,21.107000,0.211070,0.341900,0.184500,0.341900,0.018279,
cl_gputocpu_standard,26.443400,0.264434,0.308000,0.244100,0.269100,0.015110,
cl_gputocpu_pinned,21.116700,0.211167,0.327600,0.190700,0.289200,0.016458,
cl_cputogputocpu_standard,53.221800,0.532218,0.310900,0.240500,0.274400,0.013941,
cl_cputogputocpu_pinned,46.315800,0.463158,0.268900,0.188800,0.240500,0.016102,
cl_devicetransfer_standard,6.438900,0.064389,0.091600,0.054100,0.065100,0.007321,
cl_devicetransfer_pinned,6.424000,0.064240,0.107800,0.053800,0.067300,0.007038,
cl_devicetransferkernel_standard,5.651200,0.056512,0.082900,0.045700,0.063800,0.008432,
cl_devicetransferkernel_pinned,6.454100,0.064541,0.412700,0.043700,0.359500,0.018700,
cl_simplebufferprocessing_standard,59.658000,0.596580,0.806600,0.549100,0.649300,0.033468,
cl_simplebufferprocessing_pinned,62.589300,0.625893,0.854900,0.573400,0.658600,0.038478,
cl_complexbufferprocessing_standard,61.169100,0.611691,0.805300,0.575800,0.735100,0.031284,
cl_complexbufferprocessing_pinned,64.134400,0.641344,1.146800,0.592600,0.694500,0.045098,
cl_simplebuffersynthesis_standard,38.781100,0.387811,0.566100,0.359200,0.388000,0.023614,
cl_simplebuffersynthesis_pinned,33.520700,0.335207,0.502400,0.306800,0.360100,0.024168,
cl_complexbuffersynthesis_standard,217583.570700,2175.835707,2673.027900,2015.580600,2668.200200,35.285540,
cl_complexbuffersynthesis_pinned,221163.600300,2211.636003,2378.467400,2013.668100,2089.356200,67.022038,
cl_interruptedbufferprocessing_standard,122.361600,0.571783,0.801900,0.539200,0.603100,0.020490,
cl_interruptedbufferprocessing_pinned,127.170400,0.594254,1.033300,0.545200,0.696400,0.032158,
