Test_Name,Total_Time,Average_Time,Max_Time,Min_Time,Max_Difference,Average_Difference,
cl_nullkernel,0.037200,0.037200,0.037200,0.037200,0.037200,0.037200,
cl_cputogpu_standard,0.064000,0.064000,0.064000,0.064000,0.064000,0.064000,
cl_cputogpu_mappedbuffer,0.038600,0.038600,0.038600,0.038600,0.038600,0.038600,
cl_gputocpu_standard,0.025300,0.025300,0.025300,0.025300,0.025300,0.025300,
cl_gputocpu_pinned,0.029800,0.029800,0.029800,0.029800,0.029800,0.029800,
cl_cputogputocpu_standard,0.150800,0.150800,0.073300,0.073300,0.073300,0.073300,
cl_cputogputocpu_pinned,0.168600,0.168600,0.095900,0.095900,0.095900,0.095900,
cl_devicetransfer_standard,0.074700,0.074700,0.074700,0.074700,0.074700,0.074700,
cl_devicetransfer_pinned,0.075200,0.075200,0.075200,0.075200,0.075200,0.075200,
cl_devicetransferkernel_standard,0.120400,0.120400,0.120400,0.120400,0.120400,0.120400,
cl_devicetransferkernel_pinned,0.125400,0.125400,0.125400,0.125400,0.125400,0.125400,
cl_simplebufferprocessing_standard,0.247400,0.247400,0.247400,0.247400,0.247400,0.247400,
cl_simplebufferprocessing_pinned,0.225700,0.225700,0.225700,0.225700,0.225700,0.225700,
cl_complexbufferprocessing_standard,0.337000,0.337000,0.337000,0.337000,0.337000,0.337000,
cl_complexbufferprocessing_pinned,0.207400,0.207400,0.207400,0.207400,0.207400,0.207400,
cl_simplebuffersynthesis_standard,0.127200,0.127200,0.127200,0.127200,0.127200,0.127200,
cl_simplebuffersynthesis_pinned,0.110100,0.110100,0.110100,0.110100,0.110100,0.110100,
cl_complexbuffersynthesis_standard,9.542200,9.542200,9.542200,9.542200,9.542200,9.542200,
cl_complexbuffersynthesis_pinned,6.651700,6.651700,6.651700,6.651700,6.651700,6.651700,
cl_interruptedbufferprocessing_standard,0.207300,0.207300,0.207300,0.207300,0.207300,0.207300,
cl_interruptedbufferprocessing_pinned,0.202000,0.202000,0.202000,0.202000,0.202000,0.202000,
