Test_Name,Total_Time,Average_Time,Max_Time,Min_Time,Max_Difference,Average_Difference,
cl_nullkernel,0.035900,0.035900,0.035900,0.035900,0.035900,0.035900,
cl_cputogpu_standard,0.086000,0.086000,0.086000,0.086000,0.086000,0.086000,
cl_cputogpu_mappedbuffer,0.073000,0.073000,0.073000,0.073000,0.073000,0.073000,
cl_gputocpu_standard,0.188700,0.188700,0.188700,0.188700,0.188700,0.188700,
cl_gputocpu_pinned,0.067100,0.067100,0.067100,0.067100,0.067100,0.067100,
cl_cputogputocpu_standard,0.126300,0.126300,0.049600,0.049600,0.049600,0.049600,
cl_cputogputocpu_pinned,0.136400,0.136400,0.064100,0.064100,0.064100,0.064100,
cl_devicetransfer_standard,0.077300,0.077300,0.077300,0.077300,0.077300,0.077300,
cl_devicetransfer_pinned,0.077800,0.077800,0.077800,0.077800,0.077800,0.077800,
cl_devicetransferkernel_standard,0.119200,0.119200,0.119200,0.119200,0.119200,0.119200,
cl_devicetransferkernel_pinned,0.084600,0.084600,0.084600,0.084600,0.084600,0.084600,
cl_simplebufferprocessing_standard,0.267700,0.267700,0.267700,0.267700,0.267700,0.267700,
cl_simplebufferprocessing_pinned,0.257000,0.257000,0.257000,0.257000,0.257000,0.257000,
cl_complexbufferprocessing_standard,0.228300,0.228300,0.228300,0.228300,0.228300,0.228300,
cl_complexbufferprocessing_pinned,0.286200,0.286200,0.286200,0.286200,0.286200,0.286200,
cl_simplebuffersynthesis_standard,0.148600,0.148600,0.148600,0.148600,0.148600,0.148600,
cl_simplebuffersynthesis_pinned,0.130100,0.130100,0.130100,0.130100,0.130100,0.130100,
cl_complexbuffersynthesis_standard,1.486600,1.486600,1.486600,1.486600,1.486600,1.486600,
cl_complexbuffersynthesis_pinned,0.929500,0.929500,0.929500,0.929500,0.929500,0.929500,
cl_interruptedbufferprocessing_standard,0.303100,0.303100,0.303100,0.303100,0.303100,0.303100,
cl_interruptedbufferprocessing_pinned,0.245600,0.245600,0.245600,0.245600,0.245600,0.245600,
