Test_Name,Total_Time,Average_Time,Max_Time,Min_Time,Max_Difference,Average_Difference,
cl_nullkernel,0.049100,0.049100,0.049100,0.049100,0.049100,0.049100,
cl_cputogpu_standard,0.318300,0.318300,0.318300,0.318300,0.318300,0.318300,
cl_cputogpu_mappedbuffer,0.075700,0.075700,0.075700,0.075700,0.075700,0.075700,
cl_gputocpu_standard,0.088400,0.088400,0.088400,0.088400,0.088400,0.088400,
cl_gputocpu_pinned,0.109300,0.109300,0.109300,0.109300,0.109300,0.109300,
cl_cputogputocpu_standard,0.138900,0.138900,0.067700,0.067700,0.067700,0.067700,
cl_cputogputocpu_pinned,0.145200,0.145200,0.085000,0.085000,0.085000,0.085000,
cl_devicetransfer_standard,0.086500,0.086500,0.086500,0.086500,0.086500,0.086500,
cl_devicetransfer_pinned,0.063700,0.063700,0.063700,0.063700,0.063700,0.063700,
cl_devicetransferkernel_standard,0.137100,0.137100,0.137100,0.137100,0.137100,0.137100,
cl_devicetransferkernel_pinned,0.094400,0.094400,0.094400,0.094400,0.094400,0.094400,
cl_simplebufferprocessing_standard,0.215800,0.215800,0.215800,0.215800,0.215800,0.215800,
cl_simplebufferprocessing_pinned,0.259400,0.259400,0.259400,0.259400,0.259400,0.259400,
cl_complexbufferprocessing_standard,0.240300,0.240300,0.240300,0.240300,0.240300,0.240300,
cl_complexbufferprocessing_pinned,0.245600,0.245600,0.245600,0.245600,0.245600,0.245600,
cl_simplebuffersynthesis_standard,0.180700,0.180700,0.180700,0.180700,0.180700,0.180700,
cl_simplebuffersynthesis_pinned,0.224600,0.224600,0.224600,0.224600,0.224600,0.224600,
cl_complexbuffersynthesis_standard,0.300100,0.300100,0.300100,0.300100,0.300100,0.300100,
cl_complexbuffersynthesis_pinned,0.070800,0.070800,0.070800,0.070800,0.070800,0.070800,
cl_interruptedbufferprocessing_standard,0.237100,0.237100,0.237100,0.237100,0.237100,0.237100,
cl_interruptedbufferprocessing_pinned,0.256800,0.256800,0.256800,0.256800,0.256800,0.256800,
