Test_Name,Total_Time,Average_Time,Max_Time,Min_Time,Max_Difference,Average_Difference,
cl_nullkernel,0.040900,0.040900,0.040900,0.040900,0.040900,0.040900,
cl_cputogpu_standard,0.086800,0.086800,0.086800,0.086800,0.086800,0.086800,
cl_cputogpu_mappedbuffer,0.064000,0.064000,0.064000,0.064000,0.064000,0.064000,
cl_gputocpu_standard,0.080300,0.080300,0.080300,0.080300,0.080300,0.080300,
cl_gputocpu_pinned,0.110500,0.110500,0.110500,0.110500,0.110500,0.110500,
cl_cputogputocpu_standard,0.171900,0.171900,0.098900,0.098900,0.098900,0.098900,
cl_cputogputocpu_pinned,0.148100,0.148100,0.067300,0.067300,0.067300,0.067300,
cl_devicetransfer_standard,0.083500,0.083500,0.083500,0.083500,0.083500,0.083500,
cl_devicetransfer_pinned,0.084000,0.084000,0.084000,0.084000,0.084000,0.084000,
cl_devicetransferkernel_standard,0.109200,0.109200,0.109200,0.109200,0.109200,0.109200,
cl_devicetransferkernel_pinned,0.113600,0.113600,0.113600,0.113600,0.113600,0.113600,
cl_simplebufferprocessing_standard,0.234300,0.234300,0.234300,0.234300,0.234300,0.234300,
cl_simplebufferprocessing_pinned,0.260300,0.260300,0.260300,0.260300,0.260300,0.260300,
cl_complexbufferprocessing_standard,0.185800,0.185800,0.185800,0.185800,0.185800,0.185800,
cl_complexbufferprocessing_pinned,0.255800,0.255800,0.255800,0.255800,0.255800,0.255800,
cl_simplebuffersynthesis_standard,0.133900,0.133900,0.133900,0.133900,0.133900,0.133900,
cl_simplebuffersynthesis_pinned,0.132300,0.132300,0.132300,0.132300,0.132300,0.132300,
cl_complexbuffersynthesis_standard,2.067800,2.067800,2.067800,2.067800,2.067800,2.067800,
cl_complexbuffersynthesis_pinned,1.865200,1.865200,1.865200,1.865200,1.865200,1.865200,
cl_interruptedbufferprocessing_standard,0.264800,0.264800,0.264800,0.264800,0.264800,0.264800,
cl_interruptedbufferprocessing_pinned,0.235900,0.235900,0.235900,0.235900,0.235900,0.235900,
