Test_Name,Total_Time,Average_Time,Max_Time,Min_Time,Max_Difference,Average_Difference,
cl_nullkernel,0.036400,0.036400,0.036400,0.036400,0.036400,0.036400,
cl_cputogpu_standard,0.074700,0.074700,0.074700,0.074700,0.074700,0.074700,
cl_cputogpu_mappedbuffer,0.062600,0.062600,0.062600,0.062600,0.062600,0.062600,
cl_gputocpu_standard,0.045800,0.045800,0.045800,0.045800,0.045800,0.045800,
cl_gputocpu_pinned,0.081300,0.081300,0.081300,0.081300,0.081300,0.081300,
cl_cputogputocpu_standard,0.157000,0.157000,0.081600,0.081600,0.081600,0.081600,
cl_cputogputocpu_pinned,0.133000,0.133000,0.051400,0.051400,0.051400,0.051400,
cl_devicetransfer_standard,0.089700,0.089700,0.089700,0.089700,0.089700,0.089700,
cl_devicetransfer_pinned,0.065400,0.065400,0.065400,0.065400,0.065400,0.065400,
cl_devicetransferkernel_standard,0.094900,0.094900,0.094900,0.094900,0.094900,0.094900,
cl_devicetransferkernel_pinned,0.165100,0.165100,0.165100,0.165100,0.165100,0.165100,
cl_simplebufferprocessing_standard,0.265100,0.265100,0.265100,0.265100,0.265100,0.265100,
cl_simplebufferprocessing_pinned,0.239700,0.239700,0.239700,0.239700,0.239700,0.239700,
cl_complexbufferprocessing_standard,0.247000,0.247000,0.247000,0.247000,0.247000,0.247000,
cl_complexbufferprocessing_pinned,0.258100,0.258100,0.258100,0.258100,0.258100,0.258100,
cl_simplebuffersynthesis_standard,0.247500,0.247500,0.247500,0.247500,0.247500,0.247500,
cl_simplebuffersynthesis_pinned,0.180900,0.180900,0.180900,0.180900,0.180900,0.180900,
cl_complexbuffersynthesis_standard,0.968700,0.968700,0.968700,0.968700,0.968700,0.968700,
cl_complexbuffersynthesis_pinned,0.502300,0.502300,0.502300,0.502300,0.502300,0.502300,
cl_interruptedbufferprocessing_standard,0.242300,0.242300,0.242300,0.242300,0.242300,0.242300,
cl_interruptedbufferprocessing_pinned,0.222700,0.222700,0.222700,0.222700,0.222700,0.222700,
