Test_Name,Total_Time,Average_Time,Max_Time,Min_Time,Max_Difference,Average_Difference,
cl_nullkernel,0.034900,0.034900,0.034900,0.034900,0.034900,0.034900,
cl_cputogpu_standard,0.094400,0.094400,0.094400,0.094400,0.094400,0.094400,
cl_cputogpu_mappedbuffer,0.057500,0.057500,0.057500,0.057500,0.057500,0.057500,
cl_gputocpu_standard,0.056900,0.056900,0.056900,0.056900,0.056900,0.056900,
cl_gputocpu_pinned,0.085600,0.085600,0.085600,0.085600,0.085600,0.085600,
cl_cputogputocpu_standard,0.084700,0.084700,0.039700,0.039700,0.039700,0.039700,
cl_cputogputocpu_pinned,0.093400,0.093400,0.047300,0.047300,0.047300,0.047300,
cl_devicetransfer_standard,0.046100,0.046100,0.046100,0.046100,0.046100,0.046100,
cl_devicetransfer_pinned,0.071000,0.071000,0.071000,0.071000,0.071000,0.071000,
cl_devicetransferkernel_standard,0.125600,0.125600,0.125600,0.125600,0.125600,0.125600,
cl_devicetransferkernel_pinned,0.077300,0.077300,0.077300,0.077300,0.077300,0.077300,
cl_simplebufferprocessing_standard,0.363800,0.363800,0.363800,0.363800,0.363800,0.363800,
cl_simplebufferprocessing_pinned,0.202200,0.202200,0.202200,0.202200,0.202200,0.202200,
cl_complexbufferprocessing_standard,0.197200,0.197200,0.197200,0.197200,0.197200,0.197200,
cl_complexbufferprocessing_pinned,0.277400,0.277400,0.277400,0.277400,0.277400,0.277400,
cl_simplebuffersynthesis_standard,0.158600,0.158600,0.158600,0.158600,0.158600,0.158600,
cl_simplebuffersynthesis_pinned,0.250800,0.250800,0.250800,0.250800,0.250800,0.250800,
cl_complexbuffersynthesis_standard,0.501000,0.501000,0.501000,0.501000,0.501000,0.501000,
cl_complexbuffersynthesis_pinned,0.140400,0.140400,0.140400,0.140400,0.140400,0.140400,
cl_interruptedbufferprocessing_standard,0.228600,0.228600,0.228600,0.228600,0.228600,0.228600,
cl_interruptedbufferprocessing_pinned,0.207900,0.207900,0.207900,0.207900,0.207900,0.207900,
