Test_Name,Total_Time,Average_Time,Max_Time,Min_Time,Max_Difference,Average_Difference,
cl_nullkernel,0.035400,0.035400,0.035400,0.035400,0.035400,0.035400,
cl_cputogpu_standard,0.098900,0.098900,0.098900,0.098900,0.098900,0.098900,
cl_cputogpu_mappedbuffer,0.077000,0.077000,0.077000,0.077000,0.077000,0.077000,
cl_gputocpu_standard,0.051200,0.051200,0.051200,0.051200,0.051200,0.051200,
cl_gputocpu_pinned,0.057900,0.057900,0.057900,0.057900,0.057900,0.057900,
cl_cputogputocpu_standard,0.152500,0.152500,0.045000,0.045000,0.045000,0.045000,
cl_cputogputocpu_pinned,0.177200,0.177200,0.122900,0.122900,0.122900,0.122900,
cl_devicetransfer_standard,0.051000,0.051000,0.051000,0.051000,0.051000,0.051000,
cl_devicetransfer_pinned,0.082100,0.082100,0.082100,0.082100,0.082100,0.082100,
cl_devicetransferkernel_standard,0.081900,0.081900,0.081900,0.081900,0.081900,0.081900,
cl_devicetransferkernel_pinned,0.127700,0.127700,0.127700,0.127700,0.127700,0.127700,
cl_simplebufferprocessing_standard,0.195700,0.195700,0.195700,0.195700,0.195700,0.195700,
cl_simplebufferprocessing_pinned,0.229300,0.229300,0.229300,0.229300,0.229300,0.229300,
cl_complexbufferprocessing_standard,0.260400,0.260400,0.260400,0.260400,0.260400,0.260400,
cl_complexbufferprocessing_pinned,0.193400,0.193400,0.193400,0.193400,0.193400,0.193400,
cl_simplebuffersynthesis_standard,0.094900,0.094900,0.094900,0.094900,0.094900,0.094900,
cl_simplebuffersynthesis_pinned,0.229400,0.229400,0.229400,0.229400,0.229400,0.229400,
cl_complexbuffersynthesis_standard,5.081500,5.081500,5.081500,5.081500,5.081500,5.081500,
cl_complexbuffersynthesis_pinned,3.419500,3.419500,3.419500,3.419500,3.419500,3.419500,
cl_interruptedbufferprocessing_standard,0.294800,0.294800,0.294800,0.294800,0.294800,0.294800,
cl_interruptedbufferprocessing_pinned,0.198500,0.198500,0.198500,0.198500,0.198500,0.198500,
