Test_Name,Total_Time,Average_Time,Max_Time,Min_Time,Max_Difference,Average_Difference,
cl_nullkernel,0.040700,0.040700,0.040700,0.040700,0.040700,0.040700,
cl_cputogpu_standard,0.068400,0.068400,0.068400,0.068400,0.068400,0.068400,
cl_cputogpu_mappedbuffer,0.055800,0.055800,0.055800,0.055800,0.055800,0.055800,
cl_gputocpu_standard,0.032200,0.032200,0.032200,0.032200,0.032200,0.032200,
cl_gputocpu_pinned,0.061800,0.061800,0.061800,0.061800,0.061800,0.061800,
cl_cputogputocpu_standard,0.173100,0.173100,0.093300,0.093300,0.093300,0.093300,
cl_cputogputocpu_pinned,0.147900,0.147900,0.075600,0.075600,0.075600,0.075600,
cl_devicetransfer_standard,0.077400,0.077400,0.077400,0.077400,0.077400,0.077400,
cl_devicetransfer_pinned,0.073200,0.073200,0.073200,0.073200,0.073200,0.073200,
cl_devicetransferkernel_standard,0.103800,0.103800,0.103800,0.103800,0.103800,0.103800,
cl_devicetransferkernel_pinned,0.096300,0.096300,0.096300,0.096300,0.096300,0.096300,
cl_simplebufferprocessing_standard,0.339600,0.339600,0.339600,0.339600,0.339600,0.339600,
cl_simplebufferprocessing_pinned,0.235500,0.235500,0.235500,0.235500,0.235500,0.235500,
cl_complexbufferprocessing_standard,0.251500,0.251500,0.251500,0.251500,0.251500,0.251500,
cl_complexbufferprocessing_pinned,0.204500,0.204500,0.204500,0.204500,0.204500,0.204500,
cl_simplebuffersynthesis_standard,0.163400,0.163400,0.163400,0.163400,0.163400,0.163400,
cl_simplebuffersynthesis_pinned,0.176000,0.176000,0.176000,0.176000,0.176000,0.176000,
cl_complexbuffersynthesis_standard,0.371700,0.371700,0.371700,0.371700,0.371700,0.371700,
cl_complexbuffersynthesis_pinned,0.086600,0.086600,0.086600,0.086600,0.086600,0.086600,
cl_interruptedbufferprocessing_standard,0.287600,0.287600,0.287600,0.287600,0.287600,0.287600,
cl_interruptedbufferprocessing_pinned,0.290600,0.290600,0.290600,0.290600,0.290600,0.290600,
