Test_Name,Total_Time,Average_Time,Max_Time,Min_Time,Max_Difference,Average_Difference,
cl_nullkernel,0.038500,0.038500,0.038500,0.038500,0.038500,0.038500,
cl_cputogpu_standard,0.063800,0.063800,0.063800,0.063800,0.063800,0.063800,
cl_cputogpu_mappedbuffer,0.059800,0.059800,0.059800,0.059800,0.059800,0.059800,
cl_gputocpu_standard,0.052900,0.052900,0.052900,0.052900,0.052900,0.052900,
cl_gputocpu_pinned,0.083000,0.083000,0.083000,0.083000,0.083000,0.083000,
cl_cputogputocpu_standard,0.152100,0.152100,0.076000,0.076000,0.076000,0.076000,
cl_cputogputocpu_pinned,0.113700,0.113700,0.061100,0.061100,0.061100,0.061100,
cl_devicetransfer_standard,0.060400,0.060400,0.060400,0.060400,0.060400,0.060400,
cl_devicetransfer_pinned,0.075900,0.075900,0.075900,0.075900,0.075900,0.075900,
cl_devicetransferkernel_standard,0.102100,0.102100,0.102100,0.102100,0.102100,0.102100,
cl_devicetransferkernel_pinned,0.103000,0.103000,0.103000,0.103000,0.103000,0.103000,
cl_simplebufferprocessing_standard,0.338500,0.338500,0.338500,0.338500,0.338500,0.338500,
cl_simplebufferprocessing_pinned,0.270200,0.270200,0.270200,0.270200,0.270200,0.270200,
cl_complexbufferprocessing_standard,0.274200,0.274200,0.274200,0.274200,0.274200,0.274200,
cl_complexbufferprocessing_pinned,0.288200,0.288200,0.288200,0.288200,0.288200,0.288200,
cl_simplebuffersynthesis_standard,0.207100,0.207100,0.207100,0.207100,0.207100,0.207100,
cl_simplebuffersynthesis_pinned,0.241100,0.241100,0.241100,0.241100,0.241100,0.241100,
cl_complexbuffersynthesis_standard,14.174800,14.174800,14.174800,14.174800,14.174800,14.174800,
cl_complexbuffersynthesis_pinned,7.898600,7.898600,7.898600,7.898600,7.898600,7.898600,
cl_interruptedbufferprocessing_standard,0.222900,0.222900,0.222900,0.222900,0.222900,0.222900,
cl_interruptedbufferprocessing_pinned,0.153800,0.153800,0.153800,0.153800,0.153800,0.153800,
