Test_Name,Total_Time,Average_Time,Max_Time,Min_Time,Max_Difference,Average_Difference,
cl_nullkernel,0.039600,0.039600,0.039600,0.039600,0.039600,0.039600,
cl_cputogpu_standard,0.083000,0.083000,0.083000,0.083000,0.083000,0.083000,
cl_cputogpu_mappedbuffer,0.067700,0.067700,0.067700,0.067700,0.067700,0.067700,
cl_gputocpu_standard,0.061100,0.061100,0.061100,0.061100,0.061100,0.061100,
cl_gputocpu_pinned,0.082200,0.082200,0.082200,0.082200,0.082200,0.082200,
cl_cputogputocpu_standard,0.127300,0.127300,0.071900,0.071900,0.071900,0.071900,
cl_cputogputocpu_pinned,0.172500,0.172500,0.094500,0.094500,0.094500,0.094500,
cl_devicetransfer_standard,0.072500,0.072500,0.072500,0.072500,0.072500,0.072500,
cl_devicetransfer_pinned,0.061200,0.061200,0.061200,0.061200,0.061200,0.061200,
cl_devicetransferkernel_standard,0.151300,0.151300,0.151300,0.151300,0.151300,0.151300,
cl_devicetransferkernel_pinned,0.118900,0.118900,0.118900,0.118900,0.118900,0.118900,
cl_simplebufferprocessing_standard,0.259500,0.259500,0.259500,0.259500,0.259500,0.259500,
cl_simplebufferprocessing_pinned,0.234100,0.234100,0.234100,0.234100,0.234100,0.234100,
cl_complexbufferprocessing_standard,0.278300,0.278300,0.278300,0.278300,0.278300,0.278300,
cl_complexbufferprocessing_pinned,0.229600,0.229600,0.229600,0.229600,0.229600,0.229600,
cl_simplebuffersynthesis_standard,0.222600,0.222600,0.222600,0.222600,0.222600,0.222600,
cl_simplebuffersynthesis_pinned,0.232700,0.232700,0.232700,0.232700,0.232700,0.232700,
cl_complexbuffersynthesis_standard,0.508900,0.508900,0.508900,0.508900,0.508900,0.508900,
cl_complexbuffersynthesis_pinned,0.263900,0.263900,0.263900,0.263900,0.263900,0.263900,
cl_interruptedbufferprocessing_standard,0.287400,0.287400,0.287400,0.287400,0.287400,0.287400,
cl_interruptedbufferprocessing_pinned,0.243500,0.243500,0.243500,0.243500,0.243500,0.243500,
