Test_Name,Total_Time,Average_Time,Max_Time,Min_Time,Max_Difference,Average_Difference,
cl_nullkernel,0.036200,0.036200,0.036200,0.036200,0.036200,0.036200,
cl_cputogpu_standard,0.722700,0.722700,0.722700,0.722700,0.722700,0.722700,
cl_cputogpu_mappedbuffer,0.125700,0.125700,0.125700,0.125700,0.125700,0.125700,
cl_gputocpu_standard,0.139200,0.139200,0.139200,0.139200,0.139200,0.139200,
cl_gputocpu_pinned,0.121400,0.121400,0.121400,0.121400,0.121400,0.121400,
cl_cputogputocpu_standard,1.248300,1.248300,0.235100,0.235100,0.235100,0.235100,
cl_cputogputocpu_pinned,0.349600,0.349600,0.106400,0.106400,0.106400,0.106400,
cl_devicetransfer_standard,0.239100,0.239100,0.239100,0.239100,0.239100,0.239100,
cl_devicetransfer_pinned,0.197400,0.197400,0.197400,0.197400,0.197400,0.197400,
cl_devicetransferkernel_standard,0.179300,0.179300,0.179300,0.179300,0.179300,0.179300,
cl_devicetransferkernel_pinned,0.187400,0.187400,0.187400,0.187400,0.187400,0.187400,
cl_simplebufferprocessing_standard,0.626800,0.626800,0.626800,0.626800,0.626800,0.626800,
cl_simplebufferprocessing_pinned,0.438800,0.438800,0.438800,0.438800,0.438800,0.438800,
cl_complexbufferprocessing_standard,0.408900,0.408900,0.408900,0.408900,0.408900,0.408900,
cl_complexbufferprocessing_pinned,0.422200,0.422200,0.422200,0.422200,0.422200,0.422200,
cl_simplebuffersynthesis_standard,0.956900,0.956900,0.956900,0.956900,0.956900,0.956900,
cl_simplebuffersynthesis_pinned,0.313900,0.313900,0.313900,0.313900,0.313900,0.313900,
cl_complexbuffersynthesis_standard,0.903600,0.903600,0.903600,0.903600,0.903600,0.903600,
cl_complexbuffersynthesis_pinned,0.687000,0.687000,0.687000,0.687000,0.687000,0.687000,
cl_interruptedbufferprocessing_standard,0.966300,0.966300,0.966300,0.966300,0.966300,0.966300,
cl_interruptedbufferprocessing_pinned,1.741800,1.741800,1.741800,1.741800,1.741800,1.741800,
