Test_Name,Total_Time,Average_Time,Max_Time,Min_Time,Max_Difference,Average_Difference,
cl_nullkernel,0.069900,0.069900,0.069900,0.069900,0.069900,0.069900,
cl_cputogpu_standard,0.743600,0.743600,0.743600,0.743600,0.743600,0.743600,
cl_cputogpu_mappedbuffer,0.129400,0.129400,0.129400,0.129400,0.129400,0.129400,
cl_gputocpu_standard,0.168600,0.168600,0.168600,0.168600,0.168600,0.168600,
cl_gputocpu_pinned,0.112900,0.112900,0.112900,0.112900,0.112900,0.112900,
cl_cputogputocpu_standard,1.227100,1.227100,0.210800,0.210800,0.210800,0.210800,
cl_cputogputocpu_pinned,0.312000,0.312000,0.106200,0.106200,0.106200,0.106200,
cl_devicetransfer_standard,0.176200,0.176200,0.176200,0.176200,0.176200,0.176200,
cl_devicetransfer_pinned,0.218600,0.218600,0.218600,0.218600,0.218600,0.218600,
cl_devicetransferkernel_standard,0.256000,0.256000,0.256000,0.256000,0.256000,0.256000,
cl_devicetransferkernel_pinned,0.163600,0.163600,0.163600,0.163600,0.163600,0.163600,
cl_simplebufferprocessing_standard,0.451800,0.451800,0.451800,0.451800,0.451800,0.451800,
cl_simplebufferprocessing_pinned,0.605200,0.605200,0.605200,0.605200,0.605200,0.605200,
cl_complexbufferprocessing_standard,0.361600,0.361600,0.361600,0.361600,0.361600,0.361600,
cl_complexbufferprocessing_pinned,0.585100,0.585100,0.585100,0.585100,0.585100,0.585100,
cl_simplebuffersynthesis_standard,0.985200,0.985200,0.985200,0.985200,0.985200,0.985200,
cl_simplebuffersynthesis_pinned,0.332200,0.332200,0.332200,0.332200,0.332200,0.332200,
cl_complexbuffersynthesis_standard,3.141100,3.141100,3.141100,3.141100,3.141100,3.141100,
cl_complexbuffersynthesis_pinned,1.376000,1.376000,1.376000,1.376000,1.376000,1.376000,
cl_interruptedbufferprocessing_standard,1.454800,1.454800,1.454800,1.454800,1.454800,1.454800,
cl_interruptedbufferprocessing_pinned,1.654900,1.654900,1.654900,1.654900,1.654900,1.654900,
