Test_Name,Total_Time,Average_Time,Max_Time,Min_Time,Max_Difference,Average_Difference,
cl_nullkernel,0.073000,0.073000,0.073000,0.073000,0.073000,0.073000,
cl_cputogpu_standard,0.731400,0.731400,0.731400,0.731400,0.731400,0.731400,
cl_cputogpu_mappedbuffer,0.132300,0.132300,0.132300,0.132300,0.132300,0.132300,
cl_gputocpu_standard,0.146300,0.146300,0.146300,0.146300,0.146300,0.146300,
cl_gputocpu_pinned,0.117600,0.117600,0.117600,0.117600,0.117600,0.117600,
cl_cputogputocpu_standard,1.266900,1.266900,0.232500,0.232500,0.232500,0.232500,
cl_cputogputocpu_pinned,0.369000,0.369000,0.108500,0.108500,0.108500,0.108500,
cl_devicetransfer_standard,0.100200,0.100200,0.100200,0.100200,0.100200,0.100200,
cl_devicetransfer_pinned,0.226800,0.226800,0.226800,0.226800,0.226800,0.226800,
cl_devicetransferkernel_standard,0.200900,0.200900,0.200900,0.200900,0.200900,0.200900,
cl_devicetransferkernel_pinned,0.125600,0.125600,0.125600,0.125600,0.125600,0.125600,
cl_simplebufferprocessing_standard,0.296400,0.296400,0.296400,0.296400,0.296400,0.296400,
cl_simplebufferprocessing_pinned,0.343200,0.343200,0.343200,0.343200,0.343200,0.343200,
cl_complexbufferprocessing_standard,0.404400,0.404400,0.404400,0.404400,0.404400,0.404400,
cl_complexbufferprocessing_pinned,0.572700,0.572700,0.572700,0.572700,0.572700,0.572700,
cl_simplebuffersynthesis_standard,1.124600,1.124600,1.124600,1.124600,1.124600,1.124600,
cl_simplebuffersynthesis_pinned,0.420300,0.420300,0.420300,0.420300,0.420300,0.420300,
cl_complexbuffersynthesis_standard,8.531800,8.531800,8.531800,8.531800,8.531800,8.531800,
cl_complexbuffersynthesis_pinned,7.653100,7.653100,7.653100,7.653100,7.653100,7.653100,
cl_interruptedbufferprocessing_standard,0.942100,0.942100,0.942100,0.942100,0.942100,0.942100,
cl_interruptedbufferprocessing_pinned,1.673100,1.673100,1.673100,1.673100,1.673100,1.673100,
