Test_Name,Total_Time,Average_Time,Max_Time,Min_Time,Max_Difference,Average_Difference,
cl_nullkernel,0.072400,0.072400,0.072400,0.072400,0.072400,0.072400,
cl_cputogpu_standard,0.790800,0.790800,0.790800,0.790800,0.790800,0.790800,
cl_cputogpu_mappedbuffer,0.177100,0.177100,0.177100,0.177100,0.177100,0.177100,
cl_gputocpu_standard,0.170500,0.170500,0.170500,0.170500,0.170500,0.170500,
cl_gputocpu_pinned,0.132800,0.132800,0.132800,0.132800,0.132800,0.132800,
cl_cputogputocpu_standard,1.159500,1.159500,0.263500,0.263500,0.263500,0.263500,
cl_cputogputocpu_pinned,0.292500,0.292500,0.098900,0.098900,0.098900,0.098900,
cl_devicetransfer_standard,0.210600,0.210600,0.210600,0.210600,0.210600,0.210600,
cl_devicetransfer_pinned,0.220000,0.220000,0.220000,0.220000,0.220000,0.220000,
cl_devicetransferkernel_standard,0.202800,0.202800,0.202800,0.202800,0.202800,0.202800,
cl_devicetransferkernel_pinned,0.212100,0.212100,0.212100,0.212100,0.212100,0.212100,
cl_simplebufferprocessing_standard,0.465400,0.465400,0.465400,0.465400,0.465400,0.465400,
cl_simplebufferprocessing_pinned,0.534400,0.534400,0.534400,0.534400,0.534400,0.534400,
cl_complexbufferprocessing_standard,0.373800,0.373800,0.373800,0.373800,0.373800,0.373800,
cl_complexbufferprocessing_pinned,0.496800,0.496800,0.496800,0.496800,0.496800,0.496800,
cl_simplebuffersynthesis_standard,0.946400,0.946400,0.946400,0.946400,0.946400,0.946400,
cl_simplebuffersynthesis_pinned,0.402700,0.402700,0.402700,0.402700,0.402700,0.402700,
cl_complexbuffersynthesis_standard,0.969700,0.969700,0.969700,0.969700,0.969700,0.969700,
cl_complexbuffersynthesis_pinned,0.522000,0.522000,0.522000,0.522000,0.522000,0.522000,
cl_interruptedbufferprocessing_standard,0.876100,0.876100,0.876100,0.876100,0.876100,0.876100,
cl_interruptedbufferprocessing_pinned,1.738400,1.738400,1.738400,1.738400,1.738400,1.738400,
