Test_Name,Total_Time,Average_Time,Max_Time,Min_Time,Max_Difference,Average_Difference,
cl_nullkernel,0.076200,0.076200,0.076200,0.076200,0.076200,0.076200,
cl_cputogpu_standard,0.944700,0.944700,0.944700,0.944700,0.944700,0.944700,
cl_cputogpu_mappedbuffer,0.188500,0.188500,0.188500,0.188500,0.188500,0.188500,
cl_gputocpu_standard,0.212500,0.212500,0.212500,0.212500,0.212500,0.212500,
cl_gputocpu_pinned,0.119900,0.119900,0.119900,0.119900,0.119900,0.119900,
cl_cputogputocpu_standard,1.556100,1.556100,0.236900,0.236900,0.236900,0.236900,
cl_cputogputocpu_pinned,0.351300,0.351300,0.125100,0.125100,0.125100,0.125100,
cl_devicetransfer_standard,0.182600,0.182600,0.182600,0.182600,0.182600,0.182600,
cl_devicetransfer_pinned,0.171000,0.171000,0.171000,0.171000,0.171000,0.171000,
cl_devicetransferkernel_standard,0.252000,0.252000,0.252000,0.252000,0.252000,0.252000,
cl_devicetransferkernel_pinned,0.157600,0.157600,0.157600,0.157600,0.157600,0.157600,
cl_simplebufferprocessing_standard,0.546800,0.546800,0.546800,0.546800,0.546800,0.546800,
cl_simplebufferprocessing_pinned,0.569800,0.569800,0.569800,0.569800,0.569800,0.569800,
cl_complexbufferprocessing_standard,0.482600,0.482600,0.482600,0.482600,0.482600,0.482600,
cl_complexbufferprocessing_pinned,0.638100,0.638100,0.638100,0.638100,0.638100,0.638100,
cl_simplebuffersynthesis_standard,1.035100,1.035100,1.035100,1.035100,1.035100,1.035100,
cl_simplebuffersynthesis_pinned,0.396100,0.396100,0.396100,0.396100,0.396100,0.396100,
cl_complexbuffersynthesis_standard,0.360700,0.360700,0.360700,0.360700,0.360700,0.360700,
cl_complexbuffersynthesis_pinned,0.076200,0.076200,0.076200,0.076200,0.076200,0.076200,
cl_interruptedbufferprocessing_standard,0.927700,0.927700,0.927700,0.927700,0.927700,0.927700,
cl_interruptedbufferprocessing_pinned,1.773800,1.773800,1.773800,1.773800,1.773800,1.773800,
