Test_Name,Total_Time,Average_Time,Max_Time,Min_Time,Max_Difference,Average_Difference,
cl_nullkernel,0.074400,0.074400,0.074400,0.074400,0.074400,0.074400,
cl_cputogpu_standard,0.814600,0.814600,0.814600,0.814600,0.814600,0.814600,
cl_cputogpu_mappedbuffer,0.193500,0.193500,0.193500,0.193500,0.193500,0.193500,
cl_gputocpu_standard,0.208400,0.208400,0.208400,0.208400,0.208400,0.208400,
cl_gputocpu_pinned,0.118600,0.118600,0.118600,0.118600,0.118600,0.118600,
cl_cputogputocpu_standard,1.197100,1.197100,0.237700,0.237700,0.237700,0.237700,
cl_cputogputocpu_pinned,0.304600,0.304600,0.106200,0.106200,0.106200,0.106200,
cl_devicetransfer_standard,0.293300,0.293300,0.293300,0.293300,0.293300,0.293300,
cl_devicetransfer_pinned,0.168400,0.168400,0.168400,0.168400,0.168400,0.168400,
cl_devicetransferkernel_standard,0.208100,0.208100,0.208100,0.208100,0.208100,0.208100,
cl_devicetransferkernel_pinned,0.217900,0.217900,0.217900,0.217900,0.217900,0.217900,
cl_simplebufferprocessing_standard,0.600200,0.600200,0.600200,0.600200,0.600200,0.600200,
cl_simplebufferprocessing_pinned,0.526900,0.526900,0.526900,0.526900,0.526900,0.526900,
cl_complexbufferprocessing_standard,0.607600,0.607600,0.607600,0.607600,0.607600,0.607600,
cl_complexbufferprocessing_pinned,0.489300,0.489300,0.489300,0.489300,0.489300,0.489300,
cl_simplebuffersynthesis_standard,1.180100,1.180100,1.180100,1.180100,1.180100,1.180100,
cl_simplebuffersynthesis_pinned,0.415000,0.415000,0.415000,0.415000,0.415000,0.415000,
cl_complexbuffersynthesis_standard,0.377400,0.377400,0.377400,0.377400,0.377400,0.377400,
cl_complexbuffersynthesis_pinned,0.199900,0.199900,0.199900,0.199900,0.199900,0.199900,
cl_interruptedbufferprocessing_standard,0.966900,0.966900,0.966900,0.966900,0.966900,0.966900,
cl_interruptedbufferprocessing_pinned,1.650000,1.650000,1.650000,1.650000,1.650000,1.650000,
