Test_Name,Total_Time,Average_Time,Max_Time,Min_Time,Max_Difference,Average_Difference,
cl_nullkernel,0.139100,0.139100,0.139100,0.139100,0.139100,0.139100,
cl_cputogpu_standard,1.204000,1.204000,1.204000,1.204000,1.204000,1.204000,
cl_cputogpu_mappedbuffer,0.154300,0.154300,0.154300,0.154300,0.154300,0.154300,
cl_gputocpu_standard,0.215600,0.215600,0.215600,0.215600,0.215600,0.215600,
cl_gputocpu_pinned,0.135200,0.135200,0.135200,0.135200,0.135200,0.135200,
cl_cputogputocpu_standard,1.205700,1.205700,0.208300,0.208300,0.208300,0.208300,
cl_cputogputocpu_pinned,0.290300,0.290300,0.104800,0.104800,0.104800,0.104800,
cl_devicetransfer_standard,0.250000,0.250000,0.250000,0.250000,0.250000,0.250000,
cl_devicetransfer_pinned,0.169400,0.169400,0.169400,0.169400,0.169400,0.169400,
cl_devicetransferkernel_standard,0.165200,0.165200,0.165200,0.165200,0.165200,0.165200,
cl_devicetransferkernel_pinned,0.291300,0.291300,0.291300,0.291300,0.291300,0.291300,
cl_simplebufferprocessing_standard,0.589600,0.589600,0.589600,0.589600,0.589600,0.589600,
cl_simplebufferprocessing_pinned,0.487900,0.487900,0.487900,0.487900,0.487900,0.487900,
cl_complexbufferprocessing_standard,0.603300,0.603300,0.603300,0.603300,0.603300,0.603300,
cl_complexbufferprocessing_pinned,0.525000,0.525000,0.525000,0.525000,0.525000,0.525000,
cl_simplebuffersynthesis_standard,1.151200,1.151200,1.151200,1.151200,1.151200,1.151200,
cl_simplebuffersynthesis_pinned,0.350600,0.350600,0.350600,0.350600,0.350600,0.350600,
cl_complexbuffersynthesis_standard,0.581100,0.581100,0.581100,0.581100,0.581100,0.581100,
cl_complexbuffersynthesis_pinned,0.040800,0.040800,0.040800,0.040800,0.040800,0.040800,
cl_interruptedbufferprocessing_standard,0.927300,0.927300,0.927300,0.927300,0.927300,0.927300,
cl_interruptedbufferprocessing_pinned,1.782400,1.782400,1.782400,1.782400,1.782400,1.782400,
