Test_Name,Total_Time,Average_Time,Max_Time,Min_Time,Max_Difference,Average_Difference,
cl_nullkernel,0.074000,0.074000,0.074000,0.074000,0.074000,0.074000,
cl_cputogpu_standard,0.847100,0.847100,0.847100,0.847100,0.847100,0.847100,
cl_cputogpu_mappedbuffer,0.214900,0.214900,0.214900,0.214900,0.214900,0.214900,
cl_gputocpu_standard,0.207300,0.207300,0.207300,0.207300,0.207300,0.207300,
cl_gputocpu_pinned,0.094400,0.094400,0.094400,0.094400,0.094400,0.094400,
cl_cputogputocpu_standard,1.077200,1.077200,0.193000,0.193000,0.193000,0.193000,
cl_cputogputocpu_pinned,0.295700,0.295700,0.103400,0.103400,0.103400,0.103400,
cl_devicetransfer_standard,0.281700,0.281700,0.281700,0.281700,0.281700,0.281700,
cl_devicetransfer_pinned,0.203500,0.203500,0.203500,0.203500,0.203500,0.203500,
cl_devicetransferkernel_standard,0.178200,0.178200,0.178200,0.178200,0.178200,0.178200,
cl_devicetransferkernel_pinned,0.180700,0.180700,0.180700,0.180700,0.180700,0.180700,
cl_simplebufferprocessing_standard,0.625700,0.625700,0.625700,0.625700,0.625700,0.625700,
cl_simplebufferprocessing_pinned,0.766700,0.766700,0.766700,0.766700,0.766700,0.766700,
cl_complexbufferprocessing_standard,0.458100,0.458100,0.458100,0.458100,0.458100,0.458100,
cl_complexbufferprocessing_pinned,0.604200,0.604200,0.604200,0.604200,0.604200,0.604200,
cl_simplebuffersynthesis_standard,0.989100,0.989100,0.989100,0.989100,0.989100,0.989100,
cl_simplebuffersynthesis_pinned,0.352400,0.352400,0.352400,0.352400,0.352400,0.352400,
cl_complexbuffersynthesis_standard,4.865700,4.865700,4.865700,4.865700,4.865700,4.865700,
cl_complexbuffersynthesis_pinned,1.937300,1.937300,1.937300,1.937300,1.937300,1.937300,
cl_interruptedbufferprocessing_standard,0.878000,0.878000,0.878000,0.878000,0.878000,0.878000,
cl_interruptedbufferprocessing_pinned,1.972000,1.972000,1.972000,1.972000,1.972000,1.972000,
