Test_Name,Total_Time,Average_Time,Max_Time,Min_Time,Max_Difference,Average_Difference,
cl_nullkernel,0.074000,0.074000,0.074000,0.074000,0.074000,0.074000,
cl_cputogpu_standard,0.699700,0.699700,0.699700,0.699700,0.699700,0.699700,
cl_cputogpu_mappedbuffer,0.215500,0.215500,0.215500,0.215500,0.215500,0.215500,
cl_gputocpu_standard,0.124300,0.124300,0.124300,0.124300,0.124300,0.124300,
cl_gputocpu_pinned,0.087200,0.087200,0.087200,0.087200,0.087200,0.087200,
cl_cputogputocpu_standard,1.040700,1.040700,0.184600,0.184600,0.184600,0.184600,
cl_cputogputocpu_pinned,0.311700,0.311700,0.127600,0.127600,0.127600,0.127600,
cl_devicetransfer_standard,0.207000,0.207000,0.207000,0.207000,0.207000,0.207000,
cl_devicetransfer_pinned,0.195800,0.195800,0.195800,0.195800,0.195800,0.195800,
cl_devicetransferkernel_standard,0.181400,0.181400,0.181400,0.181400,0.181400,0.181400,
cl_devicetransferkernel_pinned,0.190200,0.190200,0.190200,0.190200,0.190200,0.190200,
cl_simplebufferprocessing_standard,0.591400,0.591400,0.591400,0.591400,0.591400,0.591400,
cl_simplebufferprocessing_pinned,0.514800,0.514800,0.514800,0.514800,0.514800,0.514800,
cl_complexbufferprocessing_standard,0.550500,0.550500,0.550500,0.550500,0.550500,0.550500,
cl_complexbufferprocessing_pinned,0.742800,0.742800,0.742800,0.742800,0.742800,0.742800,
cl_simplebuffersynthesis_standard,1.288600,1.288600,1.288600,1.288600,1.288600,1.288600,
cl_simplebuffersynthesis_pinned,0.450500,0.450500,0.450500,0.450500,0.450500,0.450500,
cl_complexbuffersynthesis_standard,1.146800,1.146800,1.146800,1.146800,1.146800,1.146800,
cl_complexbuffersynthesis_pinned,0.156700,0.156700,0.156700,0.156700,0.156700,0.156700,
cl_interruptedbufferprocessing_standard,0.851700,0.851700,0.851700,0.851700,0.851700,0.851700,
cl_interruptedbufferprocessing_pinned,2.467300,2.467300,2.467300,2.467300,2.467300,2.467300,
