Test_Name,Total_Time,Average_Time,Max_Time,Min_Time,Max_Difference,Average_Difference,
cl_nullkernel,0.071800,0.071800,0.071800,0.071800,0.071800,0.071800,
cl_cputogpu_standard,0.723300,0.723300,0.723300,0.723300,0.723300,0.723300,
cl_cputogpu_mappedbuffer,0.143600,0.143600,0.143600,0.143600,0.143600,0.143600,
cl_gputocpu_standard,0.210500,0.210500,0.210500,0.210500,0.210500,0.210500,
cl_gputocpu_pinned,0.085400,0.085400,0.085400,0.085400,0.085400,0.085400,
cl_cputogputocpu_standard,1.036700,1.036700,0.207000,0.207000,0.207000,0.207000,
cl_cputogputocpu_pinned,0.319700,0.319700,0.106200,0.106200,0.106200,0.106200,
cl_devicetransfer_standard,0.170300,0.170300,0.170300,0.170300,0.170300,0.170300,
cl_devicetransfer_pinned,0.218200,0.218200,0.218200,0.218200,0.218200,0.218200,
cl_devicetransferkernel_standard,0.171200,0.171200,0.171200,0.171200,0.171200,0.171200,
cl_devicetransferkernel_pinned,0.201000,0.201000,0.201000,0.201000,0.201000,0.201000,
cl_simplebufferprocessing_standard,0.555100,0.555100,0.555100,0.555100,0.555100,0.555100,
cl_simplebufferprocessing_pinned,0.477000,0.477000,0.477000,0.477000,0.477000,0.477000,
cl_complexbufferprocessing_standard,0.749100,0.749100,0.749100,0.749100,0.749100,0.749100,
cl_complexbufferprocessing_pinned,0.520600,0.520600,0.520600,0.520600,0.520600,0.520600,
cl_simplebuffersynthesis_standard,1.178500,1.178500,1.178500,1.178500,1.178500,1.178500,
cl_simplebuffersynthesis_pinned,0.345700,0.345700,0.345700,0.345700,0.345700,0.345700,
cl_complexbuffersynthesis_standard,0.574800,0.574800,0.574800,0.574800,0.574800,0.574800,
cl_complexbuffersynthesis_pinned,0.118500,0.118500,0.118500,0.118500,0.118500,0.118500,
cl_interruptedbufferprocessing_standard,0.838300,0.838300,0.838300,0.838300,0.838300,0.838300,
cl_interruptedbufferprocessing_pinned,1.914100,1.914100,1.914100,1.914100,1.914100,1.914100,
