Test_Name,Total_Time,Average_Time,Max_Time,Min_Time,Max_Difference,Average_Difference,
cl_nullkernel,0.373260,0.003733,0.009753,0.001706,0.007315,0.002265,
cl_cputogpu_standard,5.428892,0.054289,0.206506,0.029014,0.162864,0.013734,
cl_cputogpu_mappedbuffer,0.538573,0.005386,0.015116,0.003901,0.009995,0.001892,
cl_gputocpu_standard,3.614706,0.036147,0.050468,0.031695,0.042667,0.003426,
cl_gputocpu_pinned,0.579773,0.005798,0.014873,0.004144,0.011215,0.002384,
cl_cputogputocpu_standard,6.248587,0.062486,0.047786,0.028770,0.036816,0.002302,
cl_cputogputocpu_pinned,1.249761,0.012498,0.057295,0.004144,0.050713,0.002865,
cl_devicetransfer_standard,3.842428,0.038424,0.057539,0.037059,0.057539,0.001375,
cl_devicetransfer_pinned,0.475431,0.004754,0.011216,0.003169,0.006583,0.001804,
cl_devicetransferkernel_standard,3.901919,0.039019,0.055589,0.037303,0.051200,0.001385,
cl_devicetransferkernel_pinned,3.895823,0.038958,0.055101,0.037546,0.055101,0.001468,
cl_simplebufferprocessing_standard,10.320433,0.103204,0.303299,0.091429,0.196023,0.010169,
cl_simplebufferprocessing_pinned,4.894468,0.048945,0.152625,0.041935,0.072167,0.007324,
cl_complexbufferprocessing_standard,9.875726,0.098757,0.117272,0.092160,0.117272,0.005861,
cl_complexbufferprocessing_pinned,4.632130,0.046321,0.068511,0.042423,0.068511,0.004723,
cl_simplebuffersynthesis_standard,7.021938,0.070219,0.097523,0.065097,0.084602,0.004011,
cl_simplebuffersynthesis_pinned,4.308103,0.043081,0.073386,0.039984,0.073386,0.003964,
cl_complexbuffersynthesis_standard,27.893939,0.278939,0.599283,0.233325,0.423252,0.023135,
cl_complexbuffersynthesis_pinned,2.620218,0.026202,0.051931,0.015360,0.035352,0.007458,
cl_interruptedbufferprocessing_standard,21.603914,0.100953,0.291839,0.090453,0.173591,0.008562,
cl_interruptedbufferprocessing_pinned,10.176104,0.047552,0.076313,0.041691,0.052663,0.005389,
