Test_Name,Total_Time,Average_Time,Max_Time,Min_Time,Max_Difference,Average_Difference,
cl_nullkernel,0.364745,0.003647,0.010484,0.001707,0.008290,0.002170,
cl_cputogpu_standard,3.608856,0.036089,0.106545,0.028769,0.065586,0.006015,
cl_cputogpu_mappedbuffer,0.844796,0.008448,0.018042,0.004144,0.013410,0.001768,
cl_gputocpu_standard,4.073321,0.040733,0.109470,0.029744,0.058514,0.005615,
cl_gputocpu_pinned,0.603918,0.006039,0.014629,0.004144,0.011703,0.002633,
cl_cputogputocpu_standard,6.176172,0.061762,0.042423,0.028769,0.037302,0.001950,
cl_cputogputocpu_pinned,1.274144,0.012741,0.014872,0.004144,0.011703,0.002704,
cl_devicetransfer_standard,3.852181,0.038522,0.054370,0.037059,0.054370,0.001329,
cl_devicetransfer_pinned,0.482737,0.004827,0.011459,0.003169,0.011459,0.001909,
cl_devicetransferkernel_standard,3.951649,0.039516,0.056807,0.037302,0.056807,0.001851,
cl_devicetransferkernel_pinned,3.884854,0.038849,0.053882,0.037547,0.053882,0.001309,
cl_simplebufferprocessing_standard,9.980563,0.099806,0.159939,0.091428,0.111908,0.007131,
cl_simplebufferprocessing_pinned,4.677474,0.046775,0.068023,0.042178,0.064365,0.006432,
cl_complexbufferprocessing_standard,9.865240,0.098652,0.122636,0.091428,0.122636,0.005515,
cl_complexbufferprocessing_pinned,4.703558,0.047036,0.080945,0.042179,0.064853,0.005849,
cl_simplebuffersynthesis_standard,6.870780,0.068708,0.084357,0.064365,0.084357,0.003828,
cl_simplebuffersynthesis_pinned,4.204973,0.042050,0.056076,0.039985,0.056076,0.002643,
cl_complexbuffersynthesis_standard,15.635714,0.156357,0.316952,0.123368,0.293546,0.010389,
cl_complexbuffersynthesis_pinned,0.696565,0.006966,0.016822,0.004144,0.011459,0.002792,
cl_interruptedbufferprocessing_standard,21.702902,0.101415,0.321340,0.090940,0.227473,0.010967,
cl_interruptedbufferprocessing_pinned,10.100519,0.047199,0.237226,0.041447,0.168716,0.006331,
