Test_Name,Total_Time,Average_Time,Max_Time,Min_Time,Max_Difference,Average_Difference,
cl_nullkernel,0.462019,0.004620,0.049006,0.001950,0.049006,0.003394,
cl_cputogpu_standard,3.209009,0.032090,0.048762,0.029013,0.045105,0.003367,
cl_cputogpu_mappedbuffer,0.550755,0.005508,0.014873,0.004144,0.010484,0.002073,
cl_gputocpu_standard,3.442341,0.034423,0.046568,0.031939,0.042179,0.002387,
cl_gputocpu_pinned,0.551493,0.005515,0.015116,0.004144,0.011459,0.001909,
cl_cputogputocpu_standard,6.353902,0.063539,0.044129,0.029013,0.036328,0.002462,
cl_cputogputocpu_pinned,1.317048,0.013170,0.015116,0.004144,0.011459,0.002370,
cl_devicetransfer_standard,3.897049,0.038970,0.061684,0.036572,0.045349,0.001858,
cl_devicetransfer_pinned,0.537354,0.005374,0.017311,0.003413,0.013898,0.002046,
cl_devicetransferkernel_standard,4.016748,0.040167,0.084358,0.037546,0.056807,0.002831,
cl_devicetransferkernel_pinned,3.994084,0.039941,0.056563,0.038034,0.049250,0.001870,
cl_simplebufferprocessing_standard,10.536933,0.105369,0.315733,0.091916,0.184564,0.010364,
cl_simplebufferprocessing_pinned,4.804751,0.048048,0.069486,0.043154,0.069486,0.005466,
cl_complexbufferprocessing_standard,10.337502,0.103375,0.204799,0.089478,0.118491,0.007707,
cl_complexbufferprocessing_pinned,4.997110,0.049971,0.076800,0.043154,0.072655,0.007219,
cl_simplebuffersynthesis_standard,7.114351,0.071144,0.098743,0.065097,0.082651,0.004596,
cl_simplebuffersynthesis_pinned,4.442197,0.044422,0.105813,0.039741,0.069485,0.004888,
cl_complexbuffersynthesis_standard,405.995309,4.059953,4.585315,3.860959,4.325171,0.111691,
cl_complexbuffersynthesis_pinned,78.253899,0.782539,1.043015,0.604890,0.839679,0.081649,
cl_interruptedbufferprocessing_standard,21.324999,0.099650,0.258925,0.090209,0.218940,0.007757,
cl_interruptedbufferprocessing_pinned,10.257770,0.047934,0.197485,0.041935,0.143360,0.006445,
