Test_Name,Total_Time,Average_Time,Max_Time,Min_Time,Max_Difference,Average_Difference,
cl_nullkernel,0.394245,0.003942,0.013165,0.001706,0.010727,0.002053,
cl_cputogpu_standard,3.781721,0.037817,0.070461,0.029257,0.042423,0.004157,
cl_cputogpu_mappedbuffer,0.984749,0.009847,0.050225,0.004144,0.042910,0.005318,
cl_gputocpu_standard,3.567173,0.035672,0.050712,0.031939,0.036327,0.002575,
cl_gputocpu_pinned,0.563441,0.005634,0.014385,0.004144,0.012678,0.002370,
cl_cputogputocpu_standard,6.428514,0.064285,0.054613,0.028769,0.039985,0.002736,
cl_cputogputocpu_pinned,1.130783,0.011308,0.014385,0.004144,0.011459,0.001987,
cl_devicetransfer_standard,3.839255,0.038393,0.055345,0.037302,0.055345,0.001161,
cl_devicetransfer_pinned,0.489569,0.004896,0.012435,0.003169,0.008290,0.001987,
cl_devicetransferkernel_standard,3.865347,0.038653,0.055345,0.037059,0.055345,0.001414,
cl_devicetransferkernel_pinned,3.904845,0.039048,0.051931,0.037790,0.051931,0.001373,
cl_simplebufferprocessing_standard,10.592520,0.105925,0.310125,0.091428,0.194072,0.010372,
cl_simplebufferprocessing_pinned,4.746467,0.047465,0.066072,0.042666,0.066072,0.005552,
cl_complexbufferprocessing_standard,10.314584,0.103146,0.305492,0.092647,0.165789,0.009669,
cl_complexbufferprocessing_pinned,4.907624,0.049076,0.185051,0.042666,0.110690,0.007792,
cl_simplebuffersynthesis_standard,6.919538,0.069195,0.084602,0.065097,0.084602,0.003277,
cl_simplebuffersynthesis_pinned,4.612622,0.046126,0.226499,0.039985,0.162377,0.007044,
cl_complexbuffersynthesis_standard,234.385738,2.343857,2.663857,2.106510,2.445648,0.088466,
cl_complexbuffersynthesis_pinned,37.745525,0.377455,0.475184,0.284037,0.396678,0.063047,
cl_interruptedbufferprocessing_standard,21.397165,0.099987,0.169448,0.091185,0.169448,0.006464,
cl_interruptedbufferprocessing_pinned,9.846464,0.046012,0.064853,0.041935,0.064853,0.004561,
