Test_Name,Total_Time,Average_Time,Max_Time,Min_Time,Max_Difference,Average_Difference,
cl_nullkernel,0.360111,0.003601,0.010728,0.001706,0.009265,0.001846,
cl_cputogpu_standard,3.634462,0.036345,0.055588,0.030233,0.054370,0.004081,
cl_cputogpu_mappedbuffer,0.746064,0.007461,0.014629,0.004632,0.009509,0.001760,
cl_gputocpu_standard,3.835118,0.038351,0.215283,0.030232,0.169447,0.006817,
cl_gputocpu_pinned,0.658774,0.006588,0.016823,0.004876,0.011703,0.002484,
cl_cputogputocpu_standard,6.792265,0.067923,0.209676,0.029744,0.153112,0.005966,
cl_cputogputocpu_pinned,1.303878,0.013039,0.016092,0.004876,0.014872,0.003155,
cl_devicetransfer_standard,4.055767,0.040558,0.207482,0.036327,0.154332,0.005174,
cl_devicetransfer_pinned,0.541257,0.005413,0.011703,0.003169,0.007802,0.002034,
cl_devicetransferkernel_standard,3.765394,0.037654,0.049250,0.036328,0.046811,0.001148,
cl_devicetransferkernel_pinned,4.002610,0.040026,0.049981,0.039253,0.049981,0.000958,
cl_simplebufferprocessing_standard,10.484756,0.104848,0.201142,0.092891,0.123855,0.006951,
cl_simplebufferprocessing_pinned,5.119503,0.051195,0.089234,0.046079,0.066072,0.005973,
cl_complexbufferprocessing_standard,10.225587,0.102256,0.123124,0.095817,0.123124,0.005274,
cl_complexbufferprocessing_pinned,5.164835,0.051648,0.070460,0.046811,0.070460,0.005022,
cl_simplebuffersynthesis_standard,7.580996,0.075810,0.264533,0.066803,0.159451,0.007063,
cl_simplebuffersynthesis_pinned,4.693565,0.046936,0.067048,0.041692,0.057295,0.004462,
cl_complexbuffersynthesis_standard,2712.802553,27.128026,28.428613,26.867259,28.428613,0.379730,
cl_complexbuffersynthesis_pinned,615.994550,6.159945,8.303402,5.348194,6.637699,0.430277,
cl_interruptedbufferprocessing_standard,24.339940,0.113738,0.602695,0.095329,0.593187,0.013359,
cl_interruptedbufferprocessing_pinned,10.848029,0.050692,0.081676,0.045836,0.078263,0.005278,
