Test_Name,Total_Time,Average_Time,Max_Time,Min_Time,Max_Difference,Average_Difference,
cl_nullkernel,0.331330,0.003313,0.010240,0.001706,0.007558,0.001953,
cl_cputogpu_standard,3.722965,0.037230,0.066804,0.032427,0.049737,0.004045,
cl_cputogpu_mappedbuffer,0.805542,0.008055,0.020480,0.005364,0.014872,0.003733,
cl_gputocpu_standard,3.924361,0.039244,0.075094,0.035840,0.075094,0.003470,
cl_gputocpu_pinned,0.783367,0.007834,0.057539,0.005120,0.052419,0.003170,
cl_cputogputocpu_standard,7.482742,0.074827,0.220403,0.032914,0.181394,0.006585,
cl_cputogputocpu_pinned,1.436037,0.014360,0.016823,0.005851,0.016823,0.002275,
cl_devicetransfer_standard,3.888990,0.038890,0.058027,0.033889,0.058027,0.001685,
cl_devicetransfer_pinned,0.571738,0.005717,0.011946,0.003170,0.010971,0.002009,
cl_devicetransferkernel_standard,3.928494,0.039285,0.054857,0.036327,0.054857,0.001736,
cl_devicetransferkernel_pinned,4.419529,0.044195,0.059002,0.043154,0.059002,0.001317,
cl_simplebufferprocessing_standard,10.716373,0.107164,0.130681,0.098987,0.130681,0.006339,
cl_simplebufferprocessing_pinned,6.053781,0.060538,0.214796,0.050468,0.129219,0.009874,
cl_complexbufferprocessing_standard,10.932390,0.109324,0.311100,0.099717,0.201143,0.009921,
cl_complexbufferprocessing_pinned,5.678306,0.056783,0.072167,0.051200,0.072167,0.005103,
cl_simplebuffersynthesis_standard,7.469816,0.074698,0.101424,0.068997,0.080213,0.003955,
cl_simplebuffersynthesis_pinned,5.089516,0.050895,0.075824,0.044374,0.066804,0.004652,
cl_complexbuffersynthesis_standard,5360.181903,53.601819,55.665730,53.179854,54.805084,0.761325,
cl_complexbuffersynthesis_pinned,1201.630248,12.016302,14.315487,11.205703,12.987215,0.491277,
cl_interruptedbufferprocessing_standard,25.004071,0.116841,0.545401,0.100205,0.545401,0.014476,
cl_interruptedbufferprocessing_pinned,12.826056,0.059935,0.077287,0.053150,0.070217,0.004974,
