Test_Name,Total_Time,Average_Time,Max_Time,Min_Time,Max_Difference,Average_Difference,
cl_nullkernel,0.371809,0.003718,0.008533,0.001950,0.006583,0.002362,
cl_cputogpu_standard,3.376748,0.033767,0.070704,0.028282,0.047299,0.004096,
cl_cputogpu_mappedbuffer,0.620000,0.006200,0.015116,0.003900,0.015116,0.002714,
cl_gputocpu_standard,3.524993,0.035250,0.052662,0.031695,0.039254,0.002962,
cl_gputocpu_pinned,0.516875,0.005169,0.014141,0.003901,0.011215,0.001787,
cl_cputogputocpu_standard,6.606977,0.066070,0.048518,0.028770,0.040473,0.003070,
cl_cputogputocpu_pinned,1.152244,0.011522,0.015848,0.004144,0.012190,0.002214,
cl_devicetransfer_standard,3.864613,0.038646,0.056320,0.037303,0.056320,0.001251,
cl_devicetransfer_pinned,0.512976,0.005130,0.011459,0.003413,0.006827,0.002099,
cl_devicetransferkernel_standard,3.837063,0.038371,0.058514,0.037059,0.058514,0.001234,
cl_devicetransferkernel_pinned,3.854374,0.038544,0.048030,0.037790,0.048030,0.000956,
cl_simplebufferprocessing_standard,10.052003,0.100520,0.132388,0.091429,0.115809,0.007280,
cl_simplebufferprocessing_pinned,4.786451,0.047865,0.081432,0.042179,0.052906,0.006171,
cl_complexbufferprocessing_standard,10.009575,0.100096,0.141410,0.091916,0.118979,0.006361,
cl_complexbufferprocessing_pinned,4.592632,0.045926,0.066316,0.041935,0.066316,0.005088,
cl_simplebuffersynthesis_standard,7.710944,0.077109,0.159695,0.064854,0.112640,0.007658,
cl_simplebuffersynthesis_pinned,4.382713,0.043827,0.063878,0.039985,0.063878,0.003601,
cl_complexbuffersynthesis_standard,12.159002,0.121590,0.562955,0.103375,0.562955,0.016855,
cl_complexbuffersynthesis_pinned,0.350113,0.003501,0.012191,0.002194,0.009266,0.001585,
cl_interruptedbufferprocessing_standard,21.173337,0.098941,0.301836,0.089721,0.229912,0.009414,
cl_interruptedbufferprocessing_pinned,9.707017,0.045360,0.062171,0.041448,0.059002,0.003804,
