Test_Name,Total_Time,Average_Time,Max_Time,Min_Time,Max_Difference,Average_Difference,
cl_nullkernel,0.324025,0.003240,0.013166,0.001706,0.010972,0.001668,
cl_cputogpu_standard,3.151471,0.031515,0.047299,0.029013,0.047299,0.002592,
cl_cputogpu_mappedbuffer,0.558560,0.005586,0.015116,0.004144,0.010971,0.002009,
cl_gputocpu_standard,3.805121,0.038051,0.120198,0.032182,0.085821,0.005981,
cl_gputocpu_pinned,0.657554,0.006576,0.042910,0.004388,0.038277,0.003682,
cl_cputogputocpu_standard,6.593826,0.065938,0.206262,0.029013,0.175542,0.006193,
cl_cputogputocpu_pinned,1.093230,0.010932,0.012435,0.004388,0.012435,0.001439,
cl_devicetransfer_standard,4.037959,0.040380,0.173836,0.037059,0.128731,0.004133,
cl_devicetransfer_pinned,0.531259,0.005313,0.013165,0.003170,0.008289,0.002341,
cl_devicetransferkernel_standard,3.927035,0.039270,0.105569,0.037303,0.066803,0.002706,
cl_devicetransferkernel_pinned,3.904593,0.039046,0.052419,0.037790,0.052419,0.001144,
cl_simplebufferprocessing_standard,10.004216,0.100042,0.121905,0.092404,0.121905,0.005981,
cl_simplebufferprocessing_pinned,5.096585,0.050966,0.218453,0.042423,0.137264,0.009959,
cl_complexbufferprocessing_standard,10.274837,0.102748,0.177249,0.093135,0.126050,0.007746,
cl_complexbufferprocessing_pinned,4.918844,0.049188,0.069242,0.043642,0.069242,0.004767,
cl_simplebuffersynthesis_standard,9.525862,0.095259,0.286231,0.066560,0.159938,0.013319,
cl_simplebuffersynthesis_pinned,4.671626,0.046716,0.125805,0.040716,0.077774,0.005812,
cl_complexbuffersynthesis_standard,766.496361,7.664964,7.954754,7.442025,7.785064,0.144649,
cl_complexbuffersynthesis_pinned,156.009696,1.560097,2.018982,1.092020,2.002647,0.141821,
cl_interruptedbufferprocessing_standard,21.924522,0.102451,0.461530,0.091429,0.461530,0.009395,
cl_interruptedbufferprocessing_pinned,10.079804,0.047102,0.064122,0.042666,0.051688,0.004734,
