Test_Name,Total_Time,Average_Time,Max_Time,Min_Time,Max_Difference,Average_Difference,
cl_nullkernel,0.416921,0.004169,0.013653,0.001706,0.011215,0.002204,
cl_cputogpu_standard,7.749707,0.077497,0.322071,0.062903,0.298666,0.009494,
cl_cputogpu_mappedbuffer,1.968513,0.019685,0.049494,0.015604,0.049494,0.005030,
cl_gputocpu_standard,7.535153,0.075352,0.109226,0.071923,0.082895,0.004413,
cl_gputocpu_pinned,2.050434,0.020504,0.025356,0.015847,0.022674,0.001007,
cl_cputogputocpu_standard,14.091665,0.140917,0.097036,0.068023,0.097036,0.003979,
cl_cputogputocpu_pinned,3.913626,0.039136,0.035596,0.019748,0.032183,0.002650,
cl_devicetransfer_standard,4.046262,0.040463,0.059977,0.039497,0.059977,0.001100,
cl_devicetransfer_pinned,1.527706,0.015277,0.024625,0.014872,0.024625,0.000583,
cl_devicetransferkernel_standard,4.165717,0.041657,0.059977,0.039984,0.059977,0.001782,
cl_devicetransferkernel_pinned,8.672037,0.086720,0.191390,0.083870,0.102400,0.003884,
cl_simplebufferprocessing_standard,17.850228,0.178502,0.372784,0.168960,0.195778,0.009882,
cl_simplebufferprocessing_pinned,12.738287,0.127383,0.234789,0.121416,0.150187,0.007168,
cl_complexbufferprocessing_standard,18.123297,0.181233,0.390582,0.171397,0.216259,0.010742,
cl_complexbufferprocessing_pinned,12.732676,0.127327,0.159695,0.121904,0.140190,0.005873,
cl_simplebuffersynthesis_standard,12.838983,0.128390,0.338407,0.121173,0.206019,0.008933,
cl_simplebuffersynthesis_pinned,11.850332,0.118503,0.261119,0.096305,0.199679,0.011571,
cl_complexbuffersynthesis_standard,42334.545143,423.345451,455.997847,422.222016,424.665714,5.566344,
cl_complexbuffersynthesis_pinned,9935.376235,99.353762,105.051673,95.809851,98.331323,1.902129,
cl_interruptedbufferprocessing_standard,39.933470,0.186605,0.847480,0.169204,0.847480,0.015966,
cl_interruptedbufferprocessing_pinned,27.389012,0.127986,0.283550,0.121173,0.160671,0.007465,
