Test_Name,Total_Time,Average_Time,Max_Time,Min_Time,Max_Difference,Average_Difference,
cl_nullkernel,0.388144,0.003881,0.011947,0.001950,0.011947,0.002119,
cl_cputogpu_standard,3.412591,0.034126,0.197485,0.028769,0.143847,0.006015,
cl_cputogpu_mappedbuffer,0.551250,0.005512,0.014629,0.004144,0.010484,0.001960,
cl_gputocpu_standard,3.608613,0.036086,0.207481,0.031452,0.167497,0.005737,
cl_gputocpu_pinned,0.546376,0.005464,0.014140,0.004144,0.011215,0.001794,
cl_cputogputocpu_standard,6.251009,0.062510,0.039009,0.029013,0.036816,0.002355,
cl_cputogputocpu_pinned,1.098851,0.010989,0.014872,0.003901,0.014385,0.002314,
cl_devicetransfer_standard,3.809768,0.038098,0.055101,0.034133,0.055101,0.001153,
cl_devicetransfer_pinned,0.487617,0.004876,0.014629,0.002682,0.012434,0.001773,
cl_devicetransferkernel_standard,3.839017,0.038390,0.058514,0.037302,0.058514,0.001382,
cl_devicetransferkernel_pinned,3.869491,0.038695,0.055588,0.037790,0.055588,0.001304,
cl_simplebufferprocessing_standard,10.050775,0.100508,0.125318,0.091428,0.113859,0.005337,
cl_simplebufferprocessing_pinned,5.674910,0.056749,0.130682,0.043642,0.065341,0.009684,
cl_complexbufferprocessing_standard,14.319879,0.143199,0.347184,0.096305,0.296472,0.027309,
cl_complexbufferprocessing_pinned,4.715502,0.047155,0.075337,0.042666,0.075337,0.005469,
cl_simplebuffersynthesis_standard,6.908815,0.069088,0.089966,0.064853,0.089966,0.003316,
cl_simplebuffersynthesis_pinned,4.417818,0.044178,0.069729,0.039741,0.056808,0.003340,
cl_complexbuffersynthesis_standard,133.741401,1.337414,2.112605,1.218557,1.916095,0.057283,
cl_complexbuffersynthesis_pinned,19.604186,0.196042,0.283550,0.123367,0.219184,0.038151,
cl_interruptedbufferprocessing_standard,21.476403,0.100357,0.296959,0.089965,0.296959,0.009822,
cl_interruptedbufferprocessing_pinned,10.138797,0.047378,0.073630,0.042179,0.065341,0.004782,
