Test_Name,Total_Time,Average_Time,Max_Time,Min_Time,Max_Difference,Average_Difference,
cl_nullkernel,0.349873,0.003499,0.013166,0.001706,0.010728,0.001899,
cl_cputogpu_standard,3.187552,0.031876,0.043642,0.029744,0.043642,0.002172,
cl_cputogpu_mappedbuffer,0.611229,0.006112,0.016579,0.004388,0.012922,0.002321,
cl_gputocpu_standard,3.625199,0.036252,0.043154,0.034377,0.043154,0.002341,
cl_gputocpu_pinned,0.588313,0.005883,0.014141,0.004632,0.011459,0.001726,
cl_cputogputocpu_standard,6.811286,0.068113,0.193341,0.029744,0.154088,0.005871,
cl_cputogputocpu_pinned,1.178338,0.011783,0.013897,0.004388,0.011459,0.001609,
cl_devicetransfer_standard,3.803904,0.038039,0.053881,0.037059,0.053881,0.001239,
cl_devicetransfer_pinned,0.555146,0.005551,0.013409,0.003169,0.013409,0.002250,
cl_devicetransferkernel_standard,3.800252,0.038003,0.049737,0.037059,0.046567,0.001007,
cl_devicetransferkernel_pinned,3.965796,0.039658,0.054126,0.038521,0.054126,0.001285,
cl_simplebufferprocessing_standard,10.303859,0.103039,0.295984,0.092647,0.175786,0.009484,
cl_simplebufferprocessing_pinned,5.019537,0.050195,0.210651,0.043642,0.140678,0.007014,
cl_complexbufferprocessing_standard,10.039080,0.100391,0.115809,0.093378,0.111665,0.005978,
cl_complexbufferprocessing_pinned,4.962245,0.049622,0.085089,0.044129,0.061196,0.006217,
cl_simplebuffersynthesis_standard,6.982690,0.069827,0.099230,0.065584,0.080945,0.004021,
cl_simplebuffersynthesis_pinned,4.623107,0.046231,0.092160,0.040229,0.085333,0.005300,
cl_complexbuffersynthesis_standard,1394.103524,13.941035,15.023508,13.763015,15.023508,0.218460,
cl_complexbuffersynthesis_pinned,293.371666,2.933717,3.317996,2.492703,3.059315,0.135568,
cl_interruptedbufferprocessing_standard,22.160042,0.103552,0.312563,0.091428,0.312563,0.010080,
cl_interruptedbufferprocessing_pinned,10.169030,0.047519,0.064853,0.042910,0.056076,0.005032,
