Test_Name,Total_Time,Average_Time,Max_Time,Min_Time,Max_Difference,Average_Difference,
cl_nullkernel,0.316228,0.003162,0.009509,0.001706,0.007802,0.001460,
cl_cputogpu_standard,3.153910,0.031539,0.057539,0.029013,0.057539,0.002953,
cl_cputogpu_mappedbuffer,0.515415,0.005154,0.014628,0.004144,0.010483,0.001670,
cl_gputocpu_standard,3.520365,0.035204,0.058270,0.029989,0.040228,0.003094,
cl_gputocpu_pinned,0.606353,0.006064,0.015604,0.003901,0.011459,0.002821,
cl_cputogputocpu_standard,6.297104,0.062971,0.047055,0.028769,0.036571,0.002570,
cl_cputogputocpu_pinned,1.038146,0.010381,0.013654,0.003901,0.011459,0.001631,
cl_devicetransfer_standard,3.786344,0.037863,0.057539,0.034621,0.057539,0.001538,
cl_devicetransfer_pinned,0.485181,0.004852,0.011215,0.003169,0.006583,0.001994,
cl_devicetransferkernel_standard,3.855352,0.038554,0.056808,0.036815,0.056808,0.001814,
cl_devicetransferkernel_pinned,3.834634,0.038346,0.052663,0.037302,0.052663,0.001129,
cl_simplebufferprocessing_standard,10.221936,0.102219,0.294277,0.091428,0.168960,0.009126,
cl_simplebufferprocessing_pinned,4.556301,0.045563,0.059733,0.042179,0.059733,0.004074,
cl_complexbufferprocessing_standard,9.856711,0.098567,0.113615,0.091429,0.113371,0.005466,
cl_complexbufferprocessing_pinned,4.954449,0.049544,0.188952,0.042423,0.127512,0.008034,
cl_simplebuffersynthesis_standard,6.915646,0.069156,0.084601,0.064122,0.083383,0.003679,
cl_simplebuffersynthesis_pinned,4.380275,0.043803,0.067292,0.039741,0.055589,0.003835,
cl_complexbuffersynthesis_standard,19.040250,0.190402,0.389850,0.157501,0.344746,0.012885,
cl_complexbuffersynthesis_pinned,1.246591,0.012466,0.032914,0.008045,0.023162,0.004079,
cl_interruptedbufferprocessing_standard,21.368148,0.099851,0.292571,0.088503,0.207238,0.008705,
cl_interruptedbufferprocessing_pinned,10.295810,0.048111,0.095085,0.041691,0.064609,0.004955,
