Test_Name,Total_Time,Average_Time,Max_Time,Min_Time,Max_Difference,Average_Difference,
cl_nullkernel,0.391800,0.003918,0.010240,0.001707,0.007802,0.002282,
cl_cputogpu_standard,4.622129,0.046221,0.081676,0.042666,0.057295,0.002889,
cl_cputogpu_mappedbuffer,1.321930,0.013219,0.019017,0.010240,0.010240,0.002221,
cl_gputocpu_standard,5.198251,0.051983,0.088502,0.048518,0.054857,0.003011,
cl_gputocpu_pinned,1.450665,0.014507,0.020724,0.013409,0.015848,0.000466,
cl_cputogputocpu_standard,9.529035,0.095290,0.229425,0.045836,0.176274,0.005793,
cl_cputogputocpu_pinned,2.525614,0.025256,0.022430,0.011459,0.018286,0.002606,
cl_devicetransfer_standard,4.066247,0.040662,0.057051,0.038522,0.054369,0.001843,
cl_devicetransfer_pinned,1.072028,0.010720,0.017067,0.010240,0.013898,0.000341,
cl_devicetransferkernel_standard,3.999201,0.039992,0.055345,0.038522,0.055345,0.001224,
cl_devicetransferkernel_pinned,6.200796,0.062008,0.077044,0.059977,0.077044,0.001858,
cl_simplebufferprocessing_standard,13.429245,0.134292,0.319634,0.124099,0.187490,0.009443,
cl_simplebufferprocessing_pinned,8.673991,0.086740,0.099718,0.083383,0.099474,0.004130,
cl_complexbufferprocessing_standard,13.250765,0.132508,0.152380,0.126049,0.139702,0.006098,
cl_complexbufferprocessing_pinned,8.889525,0.088895,0.105569,0.084358,0.105082,0.005179,
cl_simplebuffersynthesis_standard,9.598507,0.095985,0.300129,0.088259,0.160183,0.007517,
cl_simplebuffersynthesis_pinned,8.133709,0.081337,0.160914,0.067292,0.112152,0.007907,
cl_complexbuffersynthesis_standard,21176.150026,211.761500,214.205431,211.131489,213.213617,2.562071,
cl_complexbuffersynthesis_pinned,4756.866877,47.568669,53.244707,46.584090,47.711950,1.001148,
cl_interruptedbufferprocessing_standard,29.211232,0.136501,0.604158,0.122149,0.604158,0.011483,
cl_interruptedbufferprocessing_pinned,19.523976,0.091234,0.161402,0.083870,0.146042,0.005877,
