Test_Name,Total_Time,Average_Time,Max_Time,Min_Time,Max_Difference,Average_Difference,
cl_nullkernel,0.409116,0.004091,0.012678,0.001706,0.008777,0.002282,
cl_cputogpu_standard,4.614082,0.046141,0.173348,0.035839,0.134095,0.007010,
cl_cputogpu_mappedbuffer,0.969872,0.009699,0.048762,0.007558,0.048762,0.002848,
cl_gputocpu_standard,4.448057,0.044481,0.079726,0.040228,0.079726,0.004323,
cl_gputocpu_pinned,1.343874,0.013439,0.046080,0.012678,0.046080,0.001070,
cl_cputogputocpu_standard,8.194914,0.081949,0.061196,0.037303,0.045105,0.003367,
cl_cputogputocpu_pinned,1.917069,0.019171,0.017067,0.008046,0.015116,0.003126,
cl_devicetransfer_standard,4.085507,0.040855,0.178225,0.037790,0.127025,0.004237,
cl_devicetransfer_pinned,0.690717,0.006907,0.014629,0.003657,0.011703,0.000980,
cl_devicetransferkernel_standard,3.926543,0.039265,0.056320,0.037791,0.056320,0.001397,
cl_devicetransferkernel_pinned,4.991498,0.049915,0.062171,0.048517,0.062171,0.001422,
cl_simplebufferprocessing_standard,11.584342,0.115843,0.139702,0.108007,0.139702,0.007002,
cl_simplebufferprocessing_pinned,6.936123,0.069361,0.110445,0.063390,0.081676,0.005705,
cl_complexbufferprocessing_standard,12.087560,0.120876,0.322559,0.108495,0.199436,0.010350,
cl_complexbufferprocessing_pinned,6.815189,0.068152,0.082407,0.064609,0.082407,0.003825,
cl_simplebuffersynthesis_standard,8.315841,0.083158,0.245759,0.075337,0.147748,0.007483,
cl_simplebuffersynthesis_pinned,6.334401,0.063344,0.218452,0.052906,0.150429,0.008289,
cl_complexbuffersynthesis_standard,10629.125609,106.291256,119.934990,105.945233,107.245953,1.484714,
cl_complexbuffersynthesis_pinned,2359.419758,23.594198,25.510463,23.022392,25.134509,0.569606,
cl_interruptedbufferprocessing_standard,25.931036,0.121173,0.439588,0.107763,0.439588,0.010071,
cl_interruptedbufferprocessing_pinned,14.618783,0.068312,0.091428,0.063635,0.078263,0.004407,
