Test_Name,Total_Time,Average_Time,Max_Time,Min_Time,Max_Difference,Average_Difference,
cl_nullkernel,0.346456,0.003465,0.011459,0.001707,0.009021,0.001777,
cl_cputogpu_standard,3.234617,0.032346,0.050469,0.029013,0.050469,0.003055,
cl_cputogpu_mappedbuffer,0.528095,0.005281,0.014628,0.003900,0.010240,0.001782,
cl_gputocpu_standard,3.537421,0.035374,0.067291,0.031695,0.039497,0.003118,
cl_gputocpu_pinned,0.583191,0.005832,0.018042,0.004144,0.013898,0.002741,
cl_cputogputocpu_standard,6.323438,0.063234,0.041935,0.028769,0.037059,0.002543,
cl_cputogputocpu_pinned,1.150289,0.011503,0.015847,0.004144,0.012678,0.002721,
cl_devicetransfer_standard,4.000658,0.040007,0.059977,0.034377,0.059977,0.002358,
cl_devicetransfer_pinned,0.529798,0.005298,0.013653,0.003170,0.013653,0.002194,
cl_devicetransferkernel_standard,6.330743,0.063307,0.185051,0.039741,0.075826,0.012885,
cl_devicetransferkernel_pinned,4.024557,0.040246,0.060708,0.037303,0.060708,0.002107,
cl_simplebufferprocessing_standard,10.416984,0.104170,0.295984,0.091428,0.177494,0.009604,
cl_simplebufferprocessing_pinned,4.586776,0.045868,0.067535,0.041935,0.067535,0.004913,
cl_complexbufferprocessing_standard,10.484519,0.104845,0.322803,0.092160,0.322803,0.011693,
cl_complexbufferprocessing_pinned,4.654798,0.046548,0.065585,0.042666,0.065585,0.004459,
cl_simplebuffersynthesis_standard,7.029012,0.070290,0.086065,0.064853,0.086065,0.003691,
cl_simplebuffersynthesis_pinned,5.130467,0.051305,0.185295,0.039253,0.128975,0.009162,
cl_complexbuffersynthesis_standard,40.745351,0.407454,0.662428,0.377660,0.662428,0.023735,
cl_complexbuffersynthesis_pinned,5.152652,0.051527,0.104837,0.033158,0.063633,0.013797,
cl_interruptedbufferprocessing_standard,21.257226,0.099333,0.302810,0.090697,0.202362,0.007920,
cl_interruptedbufferprocessing_pinned,9.812819,0.045854,0.091185,0.041691,0.051687,0.004352,
