Test_Name,Total_Time,Average_Time,Max_Time,Min_Time,Max_Difference,Average_Difference,
cl_nullkernel,0.632193,0.006322,0.075093,0.001950,0.059489,0.004845,
cl_cputogpu_standard,3.210477,0.032105,0.135314,0.028038,0.135314,0.004932,
cl_cputogpu_mappedbuffer,0.527115,0.005271,0.013166,0.003901,0.010484,0.001836,
cl_gputocpu_standard,3.212671,0.032127,0.196754,0.028038,0.162377,0.005961,
cl_gputocpu_pinned,0.527847,0.005278,0.013897,0.003901,0.011215,0.001948,
cl_cputogputocpu_standard,6.684262,0.066843,0.070460,0.028281,0.051444,0.003794,
cl_cputogputocpu_pinned,1.109821,0.011098,0.014873,0.004144,0.011946,0.001870,
cl_devicetransfer_standard,3.831703,0.038317,0.053150,0.037303,0.053150,0.001065,
cl_devicetransfer_pinned,0.536621,0.005366,0.012190,0.003169,0.012190,0.002367,
cl_devicetransferkernel_standard,4.138419,0.041384,0.193585,0.037059,0.142872,0.004954,
cl_devicetransferkernel_pinned,3.849990,0.038500,0.054126,0.037546,0.054126,0.001056,
cl_simplebufferprocessing_standard,10.020063,0.100201,0.267946,0.091673,0.143603,0.008609,
cl_simplebufferprocessing_pinned,4.725748,0.047257,0.066072,0.042179,0.066072,0.005198,
cl_complexbufferprocessing_standard,9.961541,0.099615,0.119466,0.091185,0.118735,0.005973,
cl_complexbufferprocessing_pinned,4.874473,0.048745,0.216502,0.041935,0.158476,0.008438,
cl_simplebuffersynthesis_standard,6.800810,0.068008,0.084602,0.064366,0.084602,0.003260,
cl_simplebuffersynthesis_pinned,4.519727,0.045197,0.079970,0.039497,0.079970,0.004944,
cl_complexbuffersynthesis_standard,11.958579,0.119586,0.513462,0.097279,0.513462,0.021999,
cl_complexbuffersynthesis_pinned,0.224297,0.002243,0.009508,0.001219,0.008045,0.001058,
cl_interruptedbufferprocessing_standard,21.052909,0.098378,0.297935,0.088259,0.212846,0.008353,
cl_interruptedbufferprocessing_pinned,9.803323,0.045810,0.074362,0.041691,0.058271,0.004261,
