Test_Name,Total_Time,Average_Time,Max_Time,Min_Time,Max_Difference,Average_Difference,
cl_nullkernel,1.099580,0.010996,0.088259,0.001707,0.081677,0.006034,
cl_cputogpu_standard,3.182430,0.031824,0.047299,0.028770,0.047299,0.003006,
cl_cputogpu_mappedbuffer,0.529314,0.005293,0.014628,0.003901,0.010240,0.001834,
cl_gputocpu_standard,3.682000,0.036820,0.077532,0.031695,0.039497,0.003816,
cl_gputocpu_pinned,0.579531,0.005795,0.014385,0.004144,0.011459,0.002355,
cl_cputogputocpu_standard,6.251503,0.062515,0.058026,0.028526,0.035840,0.002933,
cl_cputogputocpu_pinned,1.191743,0.011917,0.016579,0.004144,0.015116,0.002575,
cl_devicetransfer_standard,3.781473,0.037815,0.050956,0.037058,0.050956,0.001139,
cl_devicetransfer_pinned,0.473475,0.004735,0.011216,0.003169,0.011216,0.001685,
cl_devicetransferkernel_standard,4.215946,0.042159,0.067048,0.037302,0.058270,0.002189,
cl_devicetransferkernel_pinned,3.886558,0.038866,0.055832,0.037303,0.055832,0.001285,
cl_simplebufferprocessing_standard,10.037609,0.100376,0.125805,0.092403,0.114102,0.006093,
cl_simplebufferprocessing_pinned,5.380618,0.053806,0.221866,0.042666,0.164327,0.012095,
cl_complexbufferprocessing_standard,12.899449,0.128994,0.427641,0.093623,0.267946,0.021180,
cl_complexbufferprocessing_pinned,4.831075,0.048311,0.078506,0.042179,0.073143,0.005917,
cl_simplebuffersynthesis_standard,7.155066,0.071551,0.143604,0.064609,0.107275,0.004798,
cl_simplebuffersynthesis_pinned,4.204721,0.042047,0.056076,0.039984,0.056076,0.002828,
cl_complexbuffersynthesis_standard,73.531079,0.735311,0.925743,0.692661,0.925743,0.026804,
cl_complexbuffersynthesis_pinned,12.862867,0.128629,0.252098,0.098498,0.143603,0.026314,
cl_interruptedbufferprocessing_standard,22.313402,0.104268,0.391801,0.089722,0.294765,0.010516,
cl_interruptedbufferprocessing_pinned,10.061024,0.047014,0.087283,0.042179,0.066072,0.005311,
