Test_Name,Total_Time,Average_Time,Max_Time,Min_Time,Max_Difference,Average_Difference,
cl_nullkernel,0.191000,0.001910,0.012000,0.001300,0.012000,0.000463,
cl_cputogpu_standard,13.325300,0.133253,0.260400,0.115800,0.142300,0.016476,
cl_cputogpu_mappedbuffer,2.565900,0.025659,0.165100,0.009100,0.125100,0.008091,
cl_gputocpu_standard,12.988500,0.129885,0.317900,0.111900,0.181500,0.016390,
cl_gputocpu_pinned,2.130700,0.021307,0.101200,0.009400,0.082500,0.007805,
cl_cputogputocpu_standard,28.815200,0.288152,0.334300,0.115000,0.190900,0.025633,
cl_cputogputocpu_pinned,5.039100,0.050391,0.127400,0.020000,0.098200,0.009273,
cl_devicetransfer_standard,10.525000,0.105250,0.395300,0.081700,0.322000,0.015676,
cl_devicetransfer_pinned,2.411100,0.024111,0.071100,0.017200,0.047200,0.004949,
cl_devicetransferkernel_standard,10.987400,0.109874,0.198800,0.087300,0.116500,0.014160,
cl_devicetransferkernel_pinned,19.314300,0.193143,0.375000,0.167500,0.246700,0.019086,
cl_simplebufferprocessing_standard,36.381000,0.363810,0.655000,0.288800,0.399800,0.044545,
cl_simplebufferprocessing_pinned,21.625300,0.216253,0.575700,0.181400,0.315900,0.027353,
cl_complexbufferprocessing_standard,37.702900,0.377029,0.742900,0.319900,0.406000,0.047469,
cl_complexbufferprocessing_pinned,22.869100,0.228691,0.377500,0.194000,0.286100,0.020293,
cl_simplebuffersynthesis_standard,28.572400,0.285724,0.561600,0.233600,0.408800,0.035280,
cl_simplebuffersynthesis_pinned,19.726700,0.197267,0.433700,0.162600,0.433700,0.021963,
cl_complexbuffersynthesis_standard,16307.662600,163.076626,169.345500,160.923200,164.402800,2.931698,
cl_complexbuffersynthesis_pinned,1344.966700,13.449667,24.602500,11.400200,21.028400,0.981116,
cl_interruptedbufferprocessing_standard,76.980100,0.359720,2.435200,0.288300,1.901000,0.050836,
cl_interruptedbufferprocessing_pinned,48.379300,0.226071,0.585800,0.178900,0.235200,0.027699,
