Test_Name,Total_Time,Average_Time,Max_Time,Min_Time,Max_Difference,Average_Difference,
cl_nullkernel,1.054600,0.010546,0.168700,0.001200,0.143500,0.006691,
cl_cputogpu_standard,7.831000,0.078310,0.133100,0.072900,0.083500,0.005941,
cl_cputogpu_mappedbuffer,1.930000,0.019300,0.119000,0.006000,0.096300,0.005505,
cl_gputocpu_standard,7.663700,0.076637,0.149200,0.072200,0.076100,0.005828,
cl_gputocpu_pinned,0.720300,0.007203,0.021100,0.003700,0.020300,0.003798,
cl_cputogputocpu_standard,15.450400,0.154504,0.231600,0.071400,0.154600,0.009230,
cl_cputogputocpu_pinned,2.150200,0.021502,0.031400,0.011400,0.021000,0.002851,
cl_devicetransfer_standard,8.060300,0.080603,0.170800,0.075400,0.170800,0.005092,
cl_devicetransfer_pinned,0.540400,0.005404,0.024200,0.002200,0.022000,0.001514,
cl_devicetransferkernel_standard,8.080200,0.080802,0.148000,0.074600,0.100100,0.004452,
cl_devicetransferkernel_pinned,8.203000,0.082030,0.131700,0.075900,0.088400,0.004317,
cl_simplebufferprocessing_standard,22.452900,0.224529,0.461200,0.206500,0.239100,0.016709,
cl_simplebufferprocessing_pinned,10.120700,0.101207,0.201000,0.082000,0.101300,0.009407,
cl_complexbufferprocessing_standard,22.954300,0.229543,0.651600,0.207700,0.307400,0.017437,
cl_complexbufferprocessing_pinned,8.742800,0.087428,0.121000,0.082700,0.121000,0.004731,
cl_simplebuffersynthesis_standard,15.580600,0.155806,0.254600,0.144400,0.170800,0.008667,
cl_simplebuffersynthesis_pinned,12.980100,0.129801,0.350300,0.084500,0.148100,0.021155,
cl_complexbuffersynthesis_standard,185.338000,1.853380,2.319800,1.601400,1.894200,0.151701,
cl_complexbuffersynthesis_pinned,12.273100,0.122731,0.527100,0.055300,0.353900,0.071427,
cl_interruptedbufferprocessing_standard,51.108000,0.238822,0.749100,0.205100,0.460600,0.026651,
cl_interruptedbufferprocessing_pinned,19.321100,0.090286,0.216100,0.081400,0.090300,0.005358,
