Test_Name,Total_Time,Average_Time,Max_Time,Min_Time,Max_Difference,Average_Difference,
cl_nullkernel,0.245500,0.002455,0.059300,0.001100,0.059300,0.001392,
cl_cputogpu_standard,8.219600,0.082196,0.144200,0.075200,0.118000,0.004990,
cl_cputogpu_mappedbuffer,1.714800,0.017148,0.062800,0.005700,0.046500,0.004149,
cl_gputocpu_standard,8.378500,0.083785,0.225700,0.073600,0.150500,0.013332,
cl_gputocpu_pinned,1.279400,0.012794,0.090700,0.004200,0.069800,0.005420,
cl_cputogputocpu_standard,15.750400,0.157504,0.256400,0.074000,0.180900,0.009147,
cl_cputogputocpu_pinned,2.218900,0.022189,0.025100,0.013700,0.017700,0.001773,
cl_devicetransfer_standard,7.729500,0.077295,0.083900,0.075600,0.083900,0.001788,
cl_devicetransfer_pinned,0.913900,0.009139,0.024600,0.002300,0.024600,0.002829,
cl_devicetransferkernel_standard,8.146700,0.081467,0.133900,0.075000,0.095100,0.003888,
cl_devicetransferkernel_pinned,9.006900,0.090069,0.136600,0.080000,0.101200,0.006123,
cl_simplebufferprocessing_standard,23.333800,0.233338,0.778500,0.209400,0.450900,0.024157,
cl_simplebufferprocessing_pinned,10.851800,0.108518,0.362900,0.085800,0.181700,0.015585,
cl_complexbufferprocessing_standard,24.752600,0.247526,0.592600,0.211900,0.300200,0.028563,
cl_complexbufferprocessing_pinned,11.239500,0.112395,0.399100,0.084800,0.175700,0.017522,
cl_simplebuffersynthesis_standard,15.648000,0.156480,0.257500,0.147100,0.179900,0.007017,
cl_simplebuffersynthesis_pinned,9.802600,0.098026,0.315200,0.085600,0.174200,0.008958,
cl_complexbuffersynthesis_standard,1128.630300,11.286303,13.572000,10.467900,12.115900,0.439613,
cl_complexbuffersynthesis_pinned,76.984100,0.769841,1.857700,0.531200,1.248800,0.166724,
cl_interruptedbufferprocessing_standard,47.753900,0.223149,0.563300,0.209200,0.310100,0.015107,
cl_interruptedbufferprocessing_pinned,19.874100,0.092870,0.189300,0.085100,0.111300,0.005598,
