Test_Name,Total_Time,Average_Time,Max_Time,Min_Time,Max_Difference,Average_Difference,
cl_nullkernel,0.248200,0.002482,0.017600,0.001500,0.017600,0.000614,
cl_cputogpu_standard,7.902900,0.079029,0.143700,0.073600,0.122200,0.004950,
cl_cputogpu_mappedbuffer,1.783700,0.017837,0.042700,0.010100,0.021700,0.002626,
cl_gputocpu_standard,7.967400,0.079674,0.161000,0.072200,0.089200,0.008023,
cl_gputocpu_pinned,0.955100,0.009551,0.029600,0.003900,0.018100,0.003600,
cl_cputogputocpu_standard,14.704600,0.147046,0.125900,0.073200,0.077200,0.004016,
cl_cputogputocpu_pinned,2.435000,0.024350,0.046900,0.013600,0.033300,0.003087,
cl_devicetransfer_standard,7.914900,0.079149,0.138500,0.075000,0.081500,0.003218,
cl_devicetransfer_pinned,0.349400,0.003494,0.060600,0.002100,0.042200,0.001388,
cl_devicetransferkernel_standard,8.188600,0.081886,0.145700,0.075200,0.117200,0.004866,
cl_devicetransferkernel_pinned,8.688400,0.086884,0.171700,0.076900,0.086200,0.007464,
cl_simplebufferprocessing_standard,22.331500,0.223315,0.550400,0.207100,0.331500,0.016784,
cl_simplebufferprocessing_pinned,10.478200,0.104782,0.164400,0.082000,0.124200,0.012320,
cl_complexbufferprocessing_standard,24.413100,0.244131,0.766900,0.209400,0.466200,0.026386,
cl_complexbufferprocessing_pinned,8.840500,0.088405,0.133900,0.082300,0.131600,0.004998,
cl_simplebuffersynthesis_standard,16.075400,0.160754,0.307000,0.143500,0.170100,0.011993,
cl_simplebuffersynthesis_pinned,9.447700,0.094477,0.227600,0.082900,0.100300,0.008663,
cl_complexbuffersynthesis_standard,586.296600,5.862966,6.705500,5.408300,5.628000,0.268188,
cl_complexbuffersynthesis_pinned,41.441400,0.414414,1.075100,0.211700,0.685400,0.120374,
cl_interruptedbufferprocessing_standard,47.990900,0.224257,0.650200,0.205900,0.374600,0.016707,
cl_interruptedbufferprocessing_pinned,20.017300,0.093539,0.266300,0.083000,0.138200,0.007584,
