Test_Name,Total_Time,Average_Time,Max_Time,Min_Time,Max_Difference,Average_Difference,
cl_nullkernel,0.221300,0.002213,0.022300,0.001000,0.022300,0.000850,
cl_cputogpu_standard,8.402800,0.084028,0.153500,0.077800,0.104400,0.008212,
cl_cputogpu_mappedbuffer,1.599600,0.015996,0.020400,0.005400,0.012100,0.001750,
cl_gputocpu_standard,8.431800,0.084318,0.188900,0.075300,0.108900,0.009927,
cl_gputocpu_pinned,1.618400,0.016184,0.088500,0.003800,0.072500,0.004522,
cl_cputogputocpu_standard,15.782000,0.157820,0.141100,0.076900,0.081800,0.005871,
cl_cputogputocpu_pinned,2.800400,0.028004,0.074300,0.013100,0.043500,0.003505,
cl_devicetransfer_standard,8.089400,0.080894,0.143400,0.075200,0.100600,0.004397,
cl_devicetransfer_pinned,0.290000,0.002900,0.020300,0.002100,0.020300,0.000624,
cl_devicetransferkernel_standard,7.960600,0.079606,0.127000,0.075400,0.127000,0.002867,
cl_devicetransferkernel_pinned,9.260700,0.092607,0.157000,0.084600,0.102500,0.006562,
cl_simplebufferprocessing_standard,24.301800,0.243018,0.704400,0.213600,0.394300,0.030164,
cl_simplebufferprocessing_pinned,10.322300,0.103223,0.174600,0.091300,0.098100,0.009741,
cl_complexbufferprocessing_standard,23.865000,0.238650,0.408800,0.216400,0.257700,0.020377,
cl_complexbufferprocessing_pinned,11.098900,0.110989,0.183300,0.092400,0.166400,0.009981,
cl_simplebuffersynthesis_standard,16.608200,0.166082,0.367400,0.149600,0.228900,0.014026,
cl_simplebuffersynthesis_pinned,11.363200,0.113632,0.445900,0.088000,0.155900,0.015758,
cl_complexbuffersynthesis_standard,2160.019200,21.600192,22.466800,20.536400,22.223400,0.513778,
cl_complexbuffersynthesis_pinned,154.582000,1.545820,2.352300,1.285800,1.694500,0.206863,
cl_interruptedbufferprocessing_standard,49.181300,0.229819,0.700400,0.214400,0.335100,0.016788,
cl_interruptedbufferprocessing_pinned,21.522900,0.100574,0.278000,0.090700,0.152300,0.005489,
