Test_Name,Total_Time,Average_Time,Max_Time,Min_Time,Max_Difference,Average_Difference,
cl_nullkernel,0.215400,0.002154,0.018600,0.001000,0.018600,0.000603,
cl_cputogpu_standard,28.268900,0.282689,0.621300,0.254500,0.621300,0.030508,
cl_cputogpu_mappedbuffer,4.630300,0.046303,0.222300,0.032000,0.186500,0.020144,
cl_gputocpu_standard,26.974300,0.269743,0.576400,0.250800,0.324300,0.024367,
cl_gputocpu_pinned,3.307000,0.033070,0.206200,0.015000,0.176800,0.011251,
cl_cputogputocpu_standard,54.131200,0.541312,0.538500,0.251000,0.279000,0.024012,
cl_cputogputocpu_pinned,8.843600,0.088436,0.229800,0.035000,0.158800,0.025192,
cl_devicetransfer_standard,9.408500,0.094085,0.140300,0.091400,0.095300,0.002744,
cl_devicetransfer_pinned,2.345600,0.023456,0.046600,0.022100,0.025900,0.001838,
cl_devicetransferkernel_standard,9.760800,0.097608,0.170300,0.092400,0.101400,0.004975,
cl_devicetransferkernel_pinned,32.618800,0.326188,0.391800,0.306200,0.315300,0.027958,
cl_simplebufferprocessing_standard,64.536400,0.645364,0.924000,0.587900,0.610700,0.053824,
cl_simplebufferprocessing_pinned,47.035100,0.470351,1.224300,0.358800,0.729700,0.068935,
cl_complexbufferprocessing_standard,64.707500,0.647075,1.032800,0.600400,0.979900,0.045676,
cl_complexbufferprocessing_pinned,41.438100,0.414381,0.783500,0.365600,0.405100,0.049726,
cl_simplebuffersynthesis_standard,45.981400,0.459814,0.693200,0.439600,0.475300,0.022786,
cl_simplebuffersynthesis_pinned,36.973500,0.369735,0.775200,0.310700,0.775200,0.040534,
cl_complexbuffersynthesis_standard,67632.847500,676.328475,685.192400,664.290800,668.272400,10.242519,
cl_complexbuffersynthesis_pinned,5484.042300,54.840423,67.910500,44.468300,44.468300,2.646378,
cl_interruptedbufferprocessing_standard,133.224100,0.622543,1.360100,0.600000,1.360100,0.026461,
cl_interruptedbufferprocessing_pinned,84.799300,0.396258,0.880700,0.358800,0.444700,0.046222,
