Test_Name,Total_Time,Average_Time,Max_Time,Min_Time,Max_Difference,Average_Difference,
cl_nullkernel,1.683600,0.016836,0.171500,0.001200,0.113100,0.007873,
cl_cputogpu_standard,8.715200,0.087152,0.398600,0.072900,0.398600,0.019829,
cl_cputogpu_mappedbuffer,1.639500,0.016395,0.027000,0.005100,0.010200,0.002295,
cl_gputocpu_standard,7.629700,0.076297,0.155100,0.072000,0.082700,0.005850,
cl_gputocpu_pinned,0.988700,0.009887,0.037100,0.003700,0.028600,0.004393,
cl_cputogputocpu_standard,15.295900,0.152959,0.167800,0.070900,0.100400,0.009576,
cl_cputogputocpu_pinned,2.555100,0.025551,0.054500,0.005400,0.041800,0.005985,
cl_devicetransfer_standard,9.083700,0.090837,0.213600,0.075000,0.164300,0.010219,
cl_devicetransfer_pinned,0.327200,0.003272,0.037800,0.002000,0.037800,0.001016,
cl_devicetransferkernel_standard,8.214700,0.082147,0.219000,0.074500,0.101100,0.005309,
cl_devicetransferkernel_pinned,8.171200,0.081712,0.167700,0.075200,0.094700,0.004282,
cl_simplebufferprocessing_standard,24.164900,0.241649,0.446900,0.206400,0.309600,0.025997,
cl_simplebufferprocessing_pinned,9.298300,0.092983,0.259800,0.076200,0.170200,0.010544,
cl_complexbufferprocessing_standard,22.545500,0.225455,0.450500,0.210200,0.297600,0.016312,
cl_complexbufferprocessing_pinned,9.100600,0.091006,0.109100,0.081800,0.107700,0.003103,
cl_simplebuffersynthesis_standard,15.183200,0.151832,0.228800,0.145300,0.193700,0.006413,
cl_simplebuffersynthesis_pinned,8.986600,0.089866,0.165500,0.083900,0.155700,0.006588,
cl_complexbuffersynthesis_standard,13.848200,0.138482,0.252800,0.133600,0.170100,0.005579,
cl_complexbuffersynthesis_pinned,0.174500,0.001745,0.021700,0.000600,0.020600,0.001580,
cl_interruptedbufferprocessing_standard,52.302200,0.244403,1.036000,0.204700,0.763700,0.035035,
cl_interruptedbufferprocessing_pinned,20.322100,0.094963,0.367000,0.080800,0.262600,0.008940,
