Test_Name,Total_Time,Average_Time,Max_Time,Min_Time,Max_Difference,Average_Difference,
cl_nullkernel,0.209300,0.002093,0.018600,0.001100,0.018600,0.000588,
cl_cputogpu_standard,8.540600,0.085406,0.378500,0.073100,0.245600,0.009883,
cl_cputogpu_mappedbuffer,1.670700,0.016707,0.034000,0.009000,0.017000,0.002591,
cl_gputocpu_standard,7.553000,0.075530,0.129000,0.072300,0.078400,0.004112,
cl_gputocpu_pinned,0.943500,0.009435,0.026200,0.003200,0.022200,0.003329,
cl_cputogputocpu_standard,14.910500,0.149105,0.144300,0.071100,0.144300,0.005462,
cl_cputogputocpu_pinned,2.127500,0.021275,0.028800,0.005200,0.020600,0.002433,
cl_devicetransfer_standard,8.070300,0.080703,0.174300,0.075200,0.108000,0.004990,
cl_devicetransfer_pinned,0.530900,0.005309,0.022800,0.002100,0.022000,0.001321,
cl_devicetransferkernel_standard,8.107700,0.081077,0.150900,0.074300,0.106200,0.005997,
cl_devicetransferkernel_pinned,8.448000,0.084480,0.161400,0.073500,0.142200,0.005994,
cl_simplebufferprocessing_standard,23.425600,0.234256,0.743600,0.206500,0.512500,0.028177,
cl_simplebufferprocessing_pinned,8.363700,0.083637,0.126500,0.078000,0.126500,0.003796,
cl_complexbufferprocessing_standard,22.962000,0.229620,0.575000,0.206100,0.286300,0.018839,
cl_complexbufferprocessing_pinned,8.710100,0.087101,0.178600,0.081200,0.093000,0.005803,
cl_simplebuffersynthesis_standard,16.273200,0.162732,0.324600,0.145300,0.294000,0.014722,
cl_simplebuffersynthesis_pinned,9.529500,0.095295,0.278300,0.083400,0.172300,0.008377,
cl_complexbuffersynthesis_standard,17.618600,0.176186,0.571200,0.150700,0.275400,0.024271,
cl_complexbuffersynthesis_pinned,0.819300,0.008193,0.127900,0.001500,0.121000,0.007935,
cl_interruptedbufferprocessing_standard,55.058500,0.257283,1.207300,0.205000,0.767700,0.036908,
cl_interruptedbufferprocessing_pinned,20.937300,0.097838,0.415500,0.081100,0.280700,0.009615,
