Test_Name,Total_Time,Average_Time,Max_Time,Min_Time,Max_Difference,Average_Difference,
cl_nullkernel,0.201700,0.002017,0.018700,0.001100,0.018700,0.000593,
cl_cputogpu_standard,8.023000,0.080230,0.155800,0.073200,0.155800,0.008121,
cl_cputogpu_mappedbuffer,1.631200,0.016312,0.043800,0.007400,0.028900,0.001908,
cl_gputocpu_standard,7.950500,0.079505,0.173100,0.071900,0.106500,0.008233,
cl_gputocpu_pinned,1.044300,0.010443,0.053700,0.004100,0.045200,0.003956,
cl_cputogputocpu_standard,14.816200,0.148162,0.146900,0.070300,0.078000,0.005308,
cl_cputogputocpu_pinned,2.685800,0.026858,0.073500,0.015100,0.058200,0.004814,
cl_devicetransfer_standard,7.973100,0.079731,0.124500,0.074500,0.100800,0.003151,
cl_devicetransfer_pinned,0.550400,0.005504,0.053500,0.002100,0.053500,0.001693,
cl_devicetransferkernel_standard,7.747700,0.077477,0.103300,0.074800,0.103300,0.002533,
cl_devicetransferkernel_pinned,7.915300,0.079153,0.113000,0.076300,0.080700,0.002514,
cl_simplebufferprocessing_standard,22.776200,0.227762,0.543400,0.205600,0.333300,0.017584,
cl_simplebufferprocessing_pinned,8.928900,0.089289,0.150800,0.082000,0.088100,0.005294,
cl_complexbufferprocessing_standard,22.017400,0.220174,0.402000,0.207100,0.288000,0.014017,
cl_complexbufferprocessing_pinned,9.042200,0.090422,0.134800,0.083300,0.086500,0.005330,
cl_simplebuffersynthesis_standard,15.370500,0.153705,0.241700,0.145100,0.204000,0.007580,
cl_simplebuffersynthesis_pinned,9.357300,0.093573,0.397300,0.083600,0.275400,0.011037,
cl_complexbuffersynthesis_standard,324.281400,3.242814,4.067600,2.806600,3.039800,0.238575,
cl_complexbuffersynthesis_pinned,21.793000,0.217930,0.670400,0.108900,0.289600,0.098917,
cl_interruptedbufferprocessing_standard,47.115000,0.220164,0.517900,0.203400,0.293000,0.015246,
cl_interruptedbufferprocessing_pinned,19.497000,0.091107,0.407600,0.081800,0.238200,0.007879,
