Test_Name,Total_Time,Average_Time,Max_Time,Min_Time,Max_Difference,Average_Difference,
cl_nullkernel,0.266000,0.002660,0.034300,0.000900,0.032100,0.001289,
cl_cputogpu_standard,18.381100,0.183811,0.290100,0.150900,0.228800,0.019014,
cl_cputogpu_mappedbuffer,2.948300,0.029483,0.103700,0.018200,0.075200,0.007025,
cl_gputocpu_standard,17.566300,0.175663,0.413900,0.150900,0.239200,0.023975,
cl_gputocpu_pinned,2.669300,0.026693,0.177000,0.015100,0.146800,0.007366,
cl_cputogputocpu_standard,34.912800,0.349128,0.476100,0.151300,0.266900,0.023232,
cl_cputogputocpu_pinned,5.497600,0.054976,0.370600,0.018900,0.308600,0.014825,
cl_devicetransfer_standard,9.886100,0.098861,0.194800,0.085400,0.116500,0.011639,
cl_devicetransfer_pinned,2.299500,0.022995,0.071400,0.018200,0.050300,0.004474,
cl_devicetransferkernel_standard,10.174500,0.101745,0.269900,0.091400,0.188200,0.008075,
cl_devicetransferkernel_pinned,23.783500,0.237835,0.327700,0.219700,0.232500,0.017466,
cl_simplebufferprocessing_standard,44.188300,0.441883,1.486500,0.374200,1.001400,0.060999,
cl_simplebufferprocessing_pinned,27.957700,0.279577,0.760400,0.243700,0.760400,0.032423,
cl_complexbufferprocessing_standard,47.753600,0.477536,1.910700,0.388900,1.297900,0.070077,
cl_complexbufferprocessing_pinned,29.394700,0.293947,0.653200,0.245900,0.300600,0.032332,
cl_simplebuffersynthesis_standard,31.951700,0.319517,0.590400,0.292700,0.458700,0.024989,
cl_simplebuffersynthesis_pinned,30.510900,0.305109,0.861600,0.221100,0.583100,0.051159,
cl_complexbuffersynthesis_standard,32403.598700,324.035987,329.244700,320.213800,325.946300,5.128656,
cl_complexbuffersynthesis_pinned,2830.655300,28.306553,38.398300,23.880200,28.316100,2.011504,
cl_interruptedbufferprocessing_standard,87.425300,0.408529,0.937900,0.375000,0.672200,0.030737,
cl_interruptedbufferprocessing_pinned,56.674500,0.264834,0.526000,0.244200,0.331600,0.020707,
