Test_Name,Total_Time,Average_Time,Max_Time,Min_Time,Max_Difference,Average_Difference,
cl_nullkernel,0.198200,0.001982,0.013400,0.001300,0.013400,0.000503,
cl_cputogpu_standard,8.028800,0.080288,0.169800,0.067600,0.107300,0.009439,
cl_cputogpu_mappedbuffer,1.781200,0.017812,0.048500,0.007200,0.041300,0.003114,
cl_gputocpu_standard,7.867100,0.078671,0.194500,0.071800,0.115200,0.008282,
cl_gputocpu_pinned,0.840300,0.008403,0.053700,0.003700,0.034200,0.003143,
cl_cputogputocpu_standard,15.426800,0.154268,0.151200,0.070300,0.097600,0.007885,
cl_cputogputocpu_pinned,2.307700,0.023077,0.055500,0.005600,0.035500,0.002804,
cl_devicetransfer_standard,12.283400,0.122834,0.306300,0.076100,0.147200,0.021867,
cl_devicetransfer_pinned,0.454500,0.004545,0.034300,0.002100,0.019100,0.002352,
cl_devicetransferkernel_standard,9.703500,0.097035,0.174400,0.076000,0.090000,0.012973,
cl_devicetransferkernel_pinned,8.923600,0.089236,0.171500,0.076500,0.118500,0.005571,
cl_simplebufferprocessing_standard,22.791700,0.227917,0.379300,0.205600,0.285100,0.014471,
cl_simplebufferprocessing_pinned,8.652600,0.086526,0.122200,0.081500,0.089200,0.003848,
cl_complexbufferprocessing_standard,22.197600,0.221976,0.380900,0.207500,0.237700,0.012882,
cl_complexbufferprocessing_pinned,9.381900,0.093819,0.246300,0.082400,0.133700,0.010025,
cl_simplebuffersynthesis_standard,15.597100,0.155971,0.273800,0.146000,0.196400,0.010827,
cl_simplebuffersynthesis_pinned,8.628900,0.086289,0.118200,0.083700,0.104600,0.003344,
cl_complexbuffersynthesis_standard,58.269100,0.582691,1.019000,0.487400,0.601200,0.068292,
cl_complexbuffersynthesis_pinned,2.688900,0.026889,0.105400,0.013900,0.091100,0.014231,
cl_interruptedbufferprocessing_standard,52.587100,0.245734,0.589300,0.204200,0.312800,0.028282,
cl_interruptedbufferprocessing_pinned,28.489100,0.133127,4.152600,0.081500,4.012400,0.060721,
