Test_Name,Total_Time,Average_Time,Max_Time,Min_Time,Max_Difference,Average_Difference,
cl_nullkernel,0.171100,0.001711,0.003500,0.001000,0.003500,0.000311,
cl_cputogpu_standard,9.317100,0.093171,0.192000,0.082200,0.154400,0.012041,
cl_cputogpu_mappedbuffer,1.845600,0.018456,0.053700,0.006300,0.046800,0.002931,
cl_gputocpu_standard,8.733900,0.087339,0.164600,0.078000,0.088300,0.007586,
cl_gputocpu_pinned,1.628900,0.016289,0.031200,0.003900,0.022400,0.002024,
cl_cputogputocpu_standard,16.705500,0.167055,0.137800,0.080600,0.088200,0.004134,
cl_cputogputocpu_pinned,2.917100,0.029171,0.039600,0.007900,0.031700,0.003528,
cl_devicetransfer_standard,8.207800,0.082078,0.179500,0.075500,0.092200,0.005851,
cl_devicetransfer_pinned,0.514800,0.005148,0.021300,0.002500,0.021100,0.001375,
cl_devicetransferkernel_standard,8.199000,0.081990,0.177000,0.075600,0.101800,0.005615,
cl_devicetransferkernel_pinned,10.825200,0.108252,0.275600,0.094500,0.099900,0.011062,
cl_simplebufferprocessing_standard,25.230600,0.252306,0.761400,0.225700,0.522500,0.029985,
cl_simplebufferprocessing_pinned,13.622600,0.136226,0.523700,0.103000,0.354400,0.022101,
cl_complexbufferprocessing_standard,37.986900,0.379869,2.292900,0.228500,2.021600,0.147228,
cl_complexbufferprocessing_pinned,12.093300,0.120933,0.237400,0.105800,0.143700,0.012073,
cl_simplebuffersynthesis_standard,17.263300,0.172633,0.369100,0.157200,0.246300,0.013907,
cl_simplebuffersynthesis_pinned,11.384900,0.113849,0.403000,0.095500,0.361800,0.015233,
cl_complexbuffersynthesis_standard,4230.881400,42.308814,45.369200,40.161800,42.782400,1.149250,
cl_complexbuffersynthesis_pinned,297.919100,2.979191,3.823800,2.587900,2.842600,0.294894,
cl_interruptedbufferprocessing_standard,59.090700,0.276125,0.773000,0.222500,0.702700,0.031899,
cl_interruptedbufferprocessing_pinned,25.659900,0.119906,0.324800,0.101200,0.123300,0.011349,
