Test_Name,Total_Time,Average_Time,Max_Time,Min_Time,Max_Difference,Average_Difference,
cl_nullkernel,0.726000,0.007260,0.094000,0.001300,0.092800,0.002697,
cl_cputogpu_standard,8.318800,0.083188,0.187200,0.073100,0.092100,0.009388,
cl_cputogpu_mappedbuffer,1.577700,0.015777,0.026700,0.007300,0.019400,0.001179,
cl_gputocpu_standard,7.882800,0.078828,0.141900,0.070600,0.129500,0.007088,
cl_gputocpu_pinned,0.765300,0.007653,0.092300,0.003600,0.087800,0.004799,
cl_cputogputocpu_standard,15.081600,0.150816,0.183200,0.070800,0.112400,0.010606,
cl_cputogputocpu_pinned,1.999000,0.019990,0.033000,0.014800,0.019600,0.001266,
cl_devicetransfer_standard,8.421400,0.084214,0.175700,0.075400,0.084600,0.006075,
cl_devicetransfer_pinned,0.262000,0.002620,0.018200,0.002000,0.018200,0.000503,
cl_devicetransferkernel_standard,8.220400,0.082204,0.157300,0.074800,0.105700,0.005836,
cl_devicetransferkernel_pinned,7.730900,0.077309,0.091900,0.075200,0.081200,0.002105,
cl_simplebufferprocessing_standard,22.166800,0.221668,0.429700,0.205300,0.313500,0.017935,
cl_simplebufferprocessing_pinned,9.364900,0.093649,0.268600,0.081900,0.124400,0.008476,
cl_complexbufferprocessing_standard,23.393000,0.233930,0.579100,0.207100,0.265000,0.021488,
cl_complexbufferprocessing_pinned,8.760800,0.087608,0.173100,0.082300,0.087800,0.005133,
cl_simplebuffersynthesis_standard,15.651600,0.156516,0.317900,0.144100,0.191800,0.010672,
cl_simplebuffersynthesis_pinned,9.923300,0.099233,0.281600,0.083700,0.110300,0.009035,
cl_complexbuffersynthesis_standard,108.344600,1.083446,2.359500,0.847700,1.548400,0.122741,
cl_complexbuffersynthesis_pinned,6.235400,0.062354,0.305100,0.027200,0.266300,0.034913,
cl_interruptedbufferprocessing_standard,48.993200,0.228940,0.705900,0.204700,0.320700,0.019364,
cl_interruptedbufferprocessing_pinned,19.053400,0.089035,0.215800,0.081400,0.098000,0.007243,
