Test_Name,Total_Time,Average_Time,Max_Time,Min_Time,Max_Difference,Average_Difference,
cl_nullkernel,0.104800,0.001048,0.011800,0.000800,0.011800,0.000285,
cl_cputogpu_standard,11.389800,0.113898,0.384900,0.093800,0.221200,0.018051,
cl_cputogpu_mappedbuffer,2.132300,0.021323,0.090500,0.007500,0.068300,0.004667,
cl_gputocpu_standard,10.757300,0.107573,0.194600,0.092600,0.107400,0.013300,
cl_gputocpu_pinned,1.917800,0.019178,0.082000,0.005700,0.058400,0.006131,
cl_cputogputocpu_standard,22.014200,0.220142,0.272900,0.094800,0.167700,0.020252,
cl_cputogputocpu_pinned,3.719700,0.037197,0.065900,0.018700,0.041300,0.005071,
cl_devicetransfer_standard,8.343600,0.083436,0.158300,0.075900,0.111400,0.004632,
cl_devicetransfer_pinned,1.363000,0.013630,0.043500,0.003500,0.026100,0.004275,
cl_devicetransferkernel_standard,9.753700,0.097537,0.149000,0.076600,0.091600,0.010051,
cl_devicetransferkernel_pinned,13.112200,0.131122,0.219400,0.120000,0.125200,0.006735,
cl_simplebufferprocessing_standard,29.775800,0.297758,0.706900,0.244800,0.345800,0.037036,
cl_simplebufferprocessing_pinned,17.122100,0.171221,0.346900,0.130700,0.238200,0.025058,
cl_complexbufferprocessing_standard,26.632200,0.266322,0.394900,0.247500,0.309400,0.014943,
cl_complexbufferprocessing_pinned,22.206400,0.222064,1.694600,0.125700,1.537700,0.121417,
cl_simplebuffersynthesis_standard,21.062200,0.210622,0.667200,0.173300,0.344800,0.024431,
cl_simplebuffersynthesis_pinned,13.783600,0.137836,0.626900,0.113500,0.344000,0.016950,
cl_complexbuffersynthesis_standard,8165.917900,81.659179,86.154000,79.953900,81.742300,1.623970,
cl_complexbuffersynthesis_pinned,595.194100,5.951941,7.589300,5.423900,6.018900,0.414187,
cl_interruptedbufferprocessing_standard,64.125900,0.299654,0.912900,0.246100,0.498500,0.029961,
cl_interruptedbufferprocessing_pinned,33.752300,0.157721,0.517900,0.122000,0.250200,0.013869,
