Test_Name,Total_Time,Average_Time,Max_Time,Min_Time,Max_Difference,Average_Difference,
cl_nullkernel,0.415500,0.004155,0.120400,0.001300,0.120400,0.002686,
cl_cputogpu_standard,8.078600,0.080786,0.170200,0.072800,0.082500,0.007009,
cl_cputogpu_mappedbuffer,1.565500,0.015655,0.022600,0.006500,0.009000,0.001417,
cl_gputocpu_standard,7.712500,0.077125,0.141800,0.071200,0.096100,0.005750,
cl_gputocpu_pinned,0.679100,0.006791,0.033100,0.003600,0.020700,0.003348,
cl_cputogputocpu_standard,14.733700,0.147337,0.137400,0.072800,0.137400,0.004352,
cl_cputogputocpu_pinned,2.215700,0.022157,0.065300,0.011500,0.050400,0.002755,
cl_devicetransfer_standard,7.999100,0.079991,0.126500,0.075200,0.085000,0.003160,
cl_devicetransfer_pinned,0.480100,0.004801,0.056300,0.002200,0.056300,0.001900,
cl_devicetransferkernel_standard,8.285600,0.082856,0.164300,0.073900,0.094800,0.008169,
cl_devicetransferkernel_pinned,7.740100,0.077401,0.084700,0.075600,0.079800,0.001800,
cl_simplebufferprocessing_standard,21.703400,0.217034,0.380700,0.205900,0.223800,0.010904,
cl_simplebufferprocessing_pinned,9.097200,0.090972,0.261400,0.081400,0.156100,0.008933,
cl_complexbufferprocessing_standard,23.145500,0.231455,0.578300,0.205600,0.310300,0.025131,
cl_complexbufferprocessing_pinned,8.801200,0.088012,0.152700,0.081600,0.093500,0.006272,
cl_simplebuffersynthesis_standard,16.068000,0.160680,0.264300,0.145100,0.203800,0.014184,
cl_simplebuffersynthesis_pinned,9.827500,0.098275,0.210300,0.083900,0.102600,0.008191,
cl_complexbuffersynthesis_standard,27.988300,0.279883,0.803800,0.172900,0.547600,0.068674,
cl_complexbuffersynthesis_pinned,0.416800,0.004168,0.029300,0.001800,0.027100,0.002867,
cl_interruptedbufferprocessing_standard,48.952700,0.228751,0.655900,0.203600,0.281200,0.021728,
cl_interruptedbufferprocessing_pinned,19.900000,0.092991,0.308000,0.080700,0.134200,0.007281,
