Test_Name,Total_Time,Average_Time,Max_Time,Min_Time,Max_Difference,Average_Difference,
cl_nullkernel,1.128300,0.011283,0.124000,0.001400,0.079800,0.002765,
cl_cputogpu_standard,8.073900,0.080739,0.173900,0.070300,0.097000,0.007192,
cl_cputogpu_mappedbuffer,1.662100,0.016621,0.052400,0.014800,0.033500,0.002262,
cl_gputocpu_standard,7.581900,0.075819,0.128900,0.072100,0.074200,0.004024,
cl_gputocpu_pinned,0.875700,0.008757,0.079900,0.003600,0.076000,0.005054,
cl_cputogputocpu_standard,15.011500,0.150115,0.177100,0.070400,0.090500,0.007689,
cl_cputogputocpu_pinned,2.490800,0.024908,0.080700,0.005800,0.054700,0.005842,
cl_devicetransfer_standard,7.784300,0.077843,0.117200,0.075000,0.080700,0.002384,
cl_devicetransfer_pinned,0.285500,0.002855,0.021900,0.002000,0.021900,0.000614,
cl_devicetransferkernel_standard,8.062300,0.080623,0.142500,0.074800,0.090300,0.004358,
cl_devicetransferkernel_pinned,7.779800,0.077798,0.089500,0.075800,0.089500,0.002239,
cl_simplebufferprocessing_standard,21.827300,0.218273,0.417100,0.205600,0.235300,0.011926,
cl_simplebufferprocessing_pinned,8.442200,0.084422,0.095500,0.081000,0.088400,0.003355,
cl_complexbufferprocessing_standard,24.034000,0.240340,0.412000,0.206900,0.250600,0.026620,
cl_complexbufferprocessing_pinned,9.152000,0.091520,0.191200,0.082600,0.087400,0.007676,
cl_simplebuffersynthesis_standard,15.739200,0.157392,0.272100,0.144800,0.209000,0.012765,
cl_simplebuffersynthesis_pinned,9.979700,0.099797,0.262100,0.083800,0.139700,0.009776,
cl_complexbuffersynthesis_standard,33.659600,0.336596,0.840100,0.303400,0.421900,0.027750,
cl_complexbuffersynthesis_pinned,1.627900,0.016279,0.072500,0.006800,0.065700,0.013325,
cl_interruptedbufferprocessing_standard,47.323300,0.221137,0.575100,0.196900,0.346500,0.015914,
cl_interruptedbufferprocessing_pinned,19.014300,0.088852,0.229800,0.081100,0.135500,0.005925,
