Test_Name,Total_Time,Average_Time,Max_Time,Min_Time,Max_Difference,Average_Difference,
cl_nullkernel,0.197900,0.001979,0.009200,0.001300,0.009200,0.000388,
cl_cputogpu_standard,7.939800,0.079398,0.255800,0.070500,0.128600,0.008175,
cl_cputogpu_mappedbuffer,1.835700,0.018357,0.096800,0.005400,0.080300,0.004481,
cl_gputocpu_standard,8.117200,0.081172,0.202700,0.070600,0.131000,0.010690,
cl_gputocpu_pinned,0.941200,0.009412,0.040000,0.003700,0.026000,0.004189,
cl_cputogputocpu_standard,14.754600,0.147546,0.134200,0.070900,0.075600,0.003910,
cl_cputogputocpu_pinned,2.164600,0.021646,0.053500,0.014800,0.038600,0.001874,
cl_devicetransfer_standard,8.491200,0.084912,0.200900,0.070600,0.082600,0.007097,
cl_devicetransfer_pinned,0.429200,0.004292,0.022900,0.001800,0.018100,0.001645,
cl_devicetransferkernel_standard,7.841700,0.078417,0.113500,0.074100,0.094100,0.003372,
cl_devicetransferkernel_pinned,7.901200,0.079012,0.149800,0.075000,0.079600,0.003520,
cl_simplebufferprocessing_standard,22.986100,0.229861,0.576300,0.204000,0.231900,0.021831,
cl_simplebufferprocessing_pinned,9.037100,0.090371,0.256800,0.077900,0.150100,0.008403,
cl_complexbufferprocessing_standard,22.614300,0.226143,0.608900,0.205200,0.248400,0.017029,
cl_complexbufferprocessing_pinned,9.969700,0.099697,0.324200,0.082600,0.147200,0.011822,
cl_simplebuffersynthesis_standard,15.465300,0.154653,0.260500,0.144200,0.219200,0.011111,
cl_simplebuffersynthesis_pinned,8.900800,0.089008,0.162300,0.083500,0.161100,0.005304,
cl_complexbuffersynthesis_standard,25.289300,0.252893,0.591600,0.221900,0.262600,0.018119,
cl_complexbuffersynthesis_pinned,0.887300,0.008873,0.043000,0.003500,0.039300,0.006024,
cl_interruptedbufferprocessing_standard,47.866800,0.223677,0.587400,0.202600,0.261600,0.014997,
cl_interruptedbufferprocessing_pinned,20.163100,0.094220,0.402000,0.080900,0.182600,0.009421,
