Test_Name,Total_Time,Average_Time,Max_Time,Min_Time,Max_Difference,Average_Difference,
cuda_nullkernel,0.269400,0.269400,0.269400,0.269400,0.269400,0.269400,
cuda_cputogpu_standard,0.253300,0.253300,0.253300,0.253300,0.253300,0.253300,
cuda_cputogpu_pinned,0.146200,0.146200,0.146200,0.146200,0.146200,0.146200,
cuda_gputocpu_standard,0.302100,0.302100,0.302100,0.302100,0.302100,0.302100,
cuda_gputocpu_pinned,0.175600,0.175600,0.175600,0.175600,0.175600,0.175600,
cuda_cputogputocpu_standard,0.485000,0.485000,0.485000,0.485000,0.485000,0.485000,
cuda_cputogputocpu_pinnedmemory,0.213200,0.213200,0.213200,0.213200,0.213200,0.213200,
cuda_devicetransfer_standard,0.287900,0.287900,0.287900,0.287900,0.287900,0.287900,
cuda_devicetransfer_pinned,0.113000,0.113000,0.113000,0.113000,0.113000,0.113000,
cuda_devicetransferkernel_standard,0.333200,0.333200,0.333200,0.333200,0.333200,0.333200,
cuda_devicetransferkernel_pinned,0.205700,0.205700,0.205700,0.205700,0.205700,0.205700,
cuda_simplebufferprocessing_standard,0.607200,0.607200,0.607200,0.607200,0.607200,0.607200,
cuda_simplebufferprocessing_pinned,0.541800,0.541800,0.541800,0.541800,0.541800,0.541800,
cuda_complexbufferprocessing_standard,0.377700,0.377700,0.377700,0.377700,0.377700,0.377700,
cuda_complexbufferprocessing_unified,0.237000,0.237000,0.237000,0.237000,0.237000,0.237000,
cuda_simplebuffersynthesis_standard,0.511800,0.511800,0.511800,0.511800,0.511800,0.511800,
cuda_simplebuffersynthesis_pinned,0.359200,0.359200,0.359200,0.359200,0.359200,0.359200,
cuda_interruptedbufferprocessing_standard,0.626500,0.626500,0.626500,0.626500,0.626500,0.626500,
cuda_interruptedbufferprocessing_standard,0.552700,0.552700,0.552700,0.552700,0.073800,0.700300,
