Test_Name,Total_Time,Average_Time,Max_Time,Min_Time,Max_Difference,Average_Difference,
cuda_nullkernel,0.300700,0.300700,0.300700,0.300700,0.300700,0.300700,
cuda_cputogpu_standard,0.344500,0.344500,0.344500,0.344500,0.344500,0.344500,
cuda_cputogpu_pinned,0.116700,0.116700,0.116700,0.116700,0.116700,0.116700,
cuda_gputocpu_standard,0.243100,0.243100,0.243100,0.243100,0.243100,0.243100,
cuda_gputocpu_pinned,0.103100,0.103100,0.103100,0.103100,0.103100,0.103100,
cuda_cputogputocpu_standard,0.489000,0.489000,0.489000,0.489000,0.489000,0.489000,
cuda_cputogputocpu_pinnedmemory,0.213800,0.213800,0.213800,0.213800,0.213800,0.213800,
cuda_devicetransfer_standard,0.356000,0.356000,0.356000,0.356000,0.356000,0.356000,
cuda_devicetransfer_pinned,0.103600,0.103600,0.103600,0.103600,0.103600,0.103600,
cuda_devicetransferkernel_standard,0.138100,0.138100,0.138100,0.138100,0.138100,0.138100,
cuda_devicetransferkernel_pinned,0.252500,0.252500,0.252500,0.252500,0.252500,0.252500,
cuda_simplebufferprocessing_standard,0.499300,0.499300,0.499300,0.499300,0.499300,0.499300,
cuda_simplebufferprocessing_pinned,0.551600,0.551600,0.551600,0.551600,0.551600,0.551600,
cuda_complexbufferprocessing_standard,0.478300,0.478300,0.478300,0.478300,0.478300,0.478300,
cuda_complexbufferprocessing_unified,0.473300,0.473300,0.473300,0.473300,0.473300,0.473300,
cuda_simplebuffersynthesis_standard,0.534700,0.534700,0.534700,0.534700,0.534700,0.534700,
cuda_simplebuffersynthesis_pinned,0.485900,0.485900,0.485900,0.485900,0.485900,0.485900,
cuda_interruptedbufferprocessing_standard,0.722000,0.722000,0.722000,0.722000,0.722000,0.722000,
cuda_interruptedbufferprocessing_standard,0.497400,0.497400,0.497400,0.497400,0.224600,0.946600,
