Test_Name,Total_Time,Average_Time,Max_Time,Min_Time,Max_Difference,Average_Difference,
cuda_nullkernel,0.320600,0.320600,0.320600,0.320600,0.320600,0.320600,
cuda_cputogpu_standard,0.329300,0.329300,0.329300,0.329300,0.329300,0.329300,
cuda_cputogpu_pinned,0.126700,0.126700,0.126700,0.126700,0.126700,0.126700,
cuda_gputocpu_standard,0.265700,0.265700,0.265700,0.265700,0.265700,0.265700,
cuda_gputocpu_pinned,0.145300,0.145300,0.145300,0.145300,0.145300,0.145300,
cuda_cputogputocpu_standard,0.537100,0.537100,0.537100,0.537100,0.537100,0.537100,
cuda_cputogputocpu_pinnedmemory,0.193400,0.193400,0.193400,0.193400,0.193400,0.193400,
cuda_devicetransfer_standard,0.377500,0.377500,0.377500,0.377500,0.377500,0.377500,
cuda_devicetransfer_pinned,0.110200,0.110200,0.110200,0.110200,0.110200,0.110200,
cuda_devicetransferkernel_standard,0.182200,0.182200,0.182200,0.182200,0.182200,0.182200,
cuda_devicetransferkernel_pinned,0.372800,0.372800,0.372800,0.372800,0.372800,0.372800,
cuda_simplebufferprocessing_standard,0.559400,0.559400,0.559400,0.559400,0.559400,0.559400,
cuda_simplebufferprocessing_pinned,0.381400,0.381400,0.381400,0.381400,0.381400,0.381400,
cuda_complexbufferprocessing_standard,0.356400,0.356400,0.356400,0.356400,0.356400,0.356400,
cuda_complexbufferprocessing_unified,0.387400,0.387400,0.387400,0.387400,0.387400,0.387400,
cuda_simplebuffersynthesis_standard,0.423600,0.423600,0.423600,0.423600,0.423600,0.423600,
cuda_simplebuffersynthesis_pinned,0.391400,0.391400,0.391400,0.391400,0.391400,0.391400,
cuda_interruptedbufferprocessing_standard,0.670200,0.670200,0.670200,0.670200,0.670200,0.670200,
cuda_interruptedbufferprocessing_standard,0.444100,0.444100,0.444100,0.444100,0.226100,0.896300,
