Test_Name,Total_Time,Average_Time,Max_Time,Min_Time,Max_Difference,Average_Difference,
cuda_nullkernel,0.267800,0.267800,0.267800,0.267800,0.267800,0.267800,
cuda_cputogpu_standard,0.336000,0.336000,0.336000,0.336000,0.336000,0.336000,
cuda_cputogpu_pinned,0.116200,0.116200,0.116200,0.116200,0.116200,0.116200,
cuda_gputocpu_standard,0.271800,0.271800,0.271800,0.271800,0.271800,0.271800,
cuda_gputocpu_pinned,0.135800,0.135800,0.135800,0.135800,0.135800,0.135800,
cuda_cputogputocpu_standard,0.548400,0.548400,0.548400,0.548400,0.548400,0.548400,
cuda_cputogputocpu_pinnedmemory,0.222200,0.222200,0.222200,0.222200,0.222200,0.222200,
cuda_devicetransfer_standard,0.313000,0.313000,0.313000,0.313000,0.313000,0.313000,
cuda_devicetransfer_pinned,0.104300,0.104300,0.104300,0.104300,0.104300,0.104300,
cuda_devicetransferkernel_standard,0.243000,0.243000,0.243000,0.243000,0.243000,0.243000,
cuda_devicetransferkernel_pinned,0.297900,0.297900,0.297900,0.297900,0.297900,0.297900,
cuda_simplebufferprocessing_standard,0.687400,0.687400,0.687400,0.687400,0.687400,0.687400,
cuda_simplebufferprocessing_pinned,0.499100,0.499100,0.499100,0.499100,0.499100,0.499100,
cuda_complexbufferprocessing_standard,0.501600,0.501600,0.501600,0.501600,0.501600,0.501600,
cuda_complexbufferprocessing_unified,0.464800,0.464800,0.464800,0.464800,0.464800,0.464800,
cuda_simplebuffersynthesis_standard,0.508600,0.508600,0.508600,0.508600,0.508600,0.508600,
cuda_simplebuffersynthesis_pinned,0.334000,0.334000,0.334000,0.334000,0.334000,0.334000,
cuda_interruptedbufferprocessing_standard,0.586400,0.586400,0.586400,0.586400,0.586400,0.586400,
cuda_interruptedbufferprocessing_standard,0.398300,0.398300,0.398300,0.398300,0.188100,0.774500,
