Test_Name,Total_Time,Average_Time,Max_Time,Min_Time,Max_Difference,Average_Difference,
cuda_nullkernel,157.896200,157.896200,157.896200,157.896200,157.896200,157.896200,
cuda_cputogpu_standard,0.314900,0.314900,0.314900,0.314900,0.314900,0.314900,
cuda_cputogpu_pinned,0.077800,0.077800,0.077800,0.077800,0.077800,0.077800,
cuda_gputocpu_standard,0.159200,0.159200,0.159200,0.159200,0.159200,0.159200,
cuda_gputocpu_pinned,0.072800,0.072800,0.072800,0.072800,0.072800,0.072800,
cuda_cputogputocpu_standard,0.409900,0.409900,0.409900,0.409900,0.409900,0.409900,
cuda_cputogputocpu_pinnedmemory,0.215400,0.215400,0.215400,0.215400,0.215400,0.215400,
cuda_devicetransfer_standard,0.321500,0.321500,0.321500,0.321500,0.321500,0.321500,
cuda_devicetransfer_pinned,0.123300,0.123300,0.123300,0.123300,0.123300,0.123300,
cuda_devicetransferkernel_standard,0.146700,0.146700,0.146700,0.146700,0.146700,0.146700,
cuda_devicetransferkernel_pinned,0.292600,0.292600,0.292600,0.292600,0.292600,0.292600,
cuda_simplebufferprocessing_standard,0.610700,0.610700,0.610700,0.610700,0.610700,0.610700,
cuda_simplebufferprocessing_pinned,0.477000,0.477000,0.477000,0.477000,0.477000,0.477000,
cuda_complexbufferprocessing_standard,0.538100,0.538100,0.538100,0.538100,0.538100,0.538100,
cuda_complexbufferprocessing_unified,0.302500,0.302500,0.302500,0.302500,0.302500,0.302500,
cuda_simplebuffersynthesis_standard,0.540900,0.540900,0.540900,0.540900,0.540900,0.540900,
cuda_simplebuffersynthesis_pinned,0.392300,0.392300,0.392300,0.392300,0.392300,0.392300,
cuda_interruptedbufferprocessing_standard,0.607000,0.607000,0.607000,0.607000,0.607000,0.607000,
cuda_interruptedbufferprocessing_standard,0.448600,0.448600,0.448600,0.448600,0.158400,0.765400,
