Test_Name,Total_Time,Average_Time,Max_Time,Min_Time,Max_Difference,Average_Difference,
cuda_nullkernel,0.267300,0.267300,0.267300,0.267300,0.267300,0.267300,
cuda_cputogpu_standard,0.391100,0.391100,0.391100,0.391100,0.391100,0.391100,
cuda_cputogpu_pinned,0.116800,0.116800,0.116800,0.116800,0.116800,0.116800,
cuda_gputocpu_standard,0.215900,0.215900,0.215900,0.215900,0.215900,0.215900,
cuda_gputocpu_pinned,0.120400,0.120400,0.120400,0.120400,0.120400,0.120400,
cuda_cputogputocpu_standard,0.471100,0.471100,0.471100,0.471100,0.471100,0.471100,
cuda_cputogputocpu_pinnedmemory,0.205900,0.205900,0.205900,0.205900,0.205900,0.205900,
cuda_devicetransfer_standard,0.319700,0.319700,0.319700,0.319700,0.319700,0.319700,
cuda_devicetransfer_pinned,0.128200,0.128200,0.128200,0.128200,0.128200,0.128200,
cuda_devicetransferkernel_standard,0.306200,0.306200,0.306200,0.306200,0.306200,0.306200,
cuda_devicetransferkernel_pinned,0.299300,0.299300,0.299300,0.299300,0.299300,0.299300,
cuda_simplebufferprocessing_standard,0.663800,0.663800,0.663800,0.663800,0.663800,0.663800,
cuda_simplebufferprocessing_pinned,0.537500,0.537500,0.537500,0.537500,0.537500,0.537500,
cuda_complexbufferprocessing_standard,0.550700,0.550700,0.550700,0.550700,0.550700,0.550700,
cuda_complexbufferprocessing_unified,0.462300,0.462300,0.462300,0.462300,0.462300,0.462300,
cuda_simplebuffersynthesis_standard,0.500500,0.500500,0.500500,0.500500,0.500500,0.500500,
cuda_simplebuffersynthesis_pinned,0.408000,0.408000,0.408000,0.408000,0.408000,0.408000,
cuda_interruptedbufferprocessing_standard,0.634600,0.634600,0.634600,0.634600,0.634600,0.634600,
cuda_interruptedbufferprocessing_standard,0.482200,0.482200,0.482200,0.482200,0.152400,0.787000,
