Test_Name,Total_Time,Average_Time,Max_Time,Min_Time,Max_Difference,Average_Difference,
cuda_nullkernel,0.257300,0.257300,0.257300,0.257300,0.257300,0.257300,
cuda_cputogpu_standard,0.216100,0.216100,0.216100,0.216100,0.216100,0.216100,
cuda_cputogpu_pinned,0.111500,0.111500,0.111500,0.111500,0.111500,0.111500,
cuda_gputocpu_standard,0.095500,0.095500,0.095500,0.095500,0.095500,0.095500,
cuda_gputocpu_pinned,0.122300,0.122300,0.122300,0.122300,0.122300,0.122300,
cuda_cputogputocpu_standard,0.347600,0.347600,0.347600,0.347600,0.347600,0.347600,
cuda_cputogputocpu_pinnedmemory,0.134700,0.134700,0.134700,0.134700,0.134700,0.134700,
cuda_devicetransfer_standard,0.286400,0.286400,0.286400,0.286400,0.286400,0.286400,
cuda_devicetransfer_pinned,0.130900,0.130900,0.130900,0.130900,0.130900,0.130900,
cuda_devicetransferkernel_standard,0.176500,0.176500,0.176500,0.176500,0.176500,0.176500,
cuda_devicetransferkernel_pinned,0.260100,0.260100,0.260100,0.260100,0.260100,0.260100,
cuda_simplebufferprocessing_standard,0.613800,0.613800,0.613800,0.613800,0.613800,0.613800,
cuda_simplebufferprocessing_pinned,0.486600,0.486600,0.486600,0.486600,0.486600,0.486600,
cuda_complexbufferprocessing_standard,0.585700,0.585700,0.585700,0.585700,0.585700,0.585700,
cuda_complexbufferprocessing_unified,0.306400,0.306400,0.306400,0.306400,0.306400,0.306400,
cuda_simplebuffersynthesis_standard,0.357100,0.357100,0.357100,0.357100,0.357100,0.357100,
cuda_simplebuffersynthesis_pinned,0.472800,0.472800,0.472800,0.472800,0.472800,0.472800,
cuda_interruptedbufferprocessing_standard,0.728800,0.728800,0.728800,0.728800,0.728800,0.728800,
cuda_interruptedbufferprocessing_standard,0.475200,0.475200,0.475200,0.475200,0.253600,0.982400,
