Test_Name,Total_Time,Average_Time,Max_Time,Min_Time,Max_Difference,Average_Difference,
cuda_nullkernel,0.295700,0.295700,0.295700,0.295700,0.295700,0.295700,
cuda_cputogpu_standard,0.340400,0.340400,0.340400,0.340400,0.340400,0.340400,
cuda_cputogpu_pinned,0.139400,0.139400,0.139400,0.139400,0.139400,0.139400,
cuda_gputocpu_standard,0.205400,0.205400,0.205400,0.205400,0.205400,0.205400,
cuda_gputocpu_pinned,0.132100,0.132100,0.132100,0.132100,0.132100,0.132100,
cuda_cputogputocpu_standard,0.499800,0.499800,0.499800,0.499800,0.499800,0.499800,
cuda_cputogputocpu_pinnedmemory,0.210900,0.210900,0.210900,0.210900,0.210900,0.210900,
cuda_devicetransfer_standard,0.293600,0.293600,0.293600,0.293600,0.293600,0.293600,
cuda_devicetransfer_pinned,0.115900,0.115900,0.115900,0.115900,0.115900,0.115900,
cuda_devicetransferkernel_standard,0.231600,0.231600,0.231600,0.231600,0.231600,0.231600,
cuda_devicetransferkernel_pinned,0.203400,0.203400,0.203400,0.203400,0.203400,0.203400,
cuda_simplebufferprocessing_standard,0.643400,0.643400,0.643400,0.643400,0.643400,0.643400,
cuda_simplebufferprocessing_pinned,0.493800,0.493800,0.493800,0.493800,0.493800,0.493800,
cuda_complexbufferprocessing_standard,0.512700,0.512700,0.512700,0.512700,0.512700,0.512700,
cuda_complexbufferprocessing_unified,0.397000,0.397000,0.397000,0.397000,0.397000,0.397000,
cuda_simplebuffersynthesis_standard,0.479300,0.479300,0.479300,0.479300,0.479300,0.479300,
cuda_simplebuffersynthesis_pinned,0.391700,0.391700,0.391700,0.391700,0.391700,0.391700,
cuda_interruptedbufferprocessing_standard,0.499200,0.499200,0.499200,0.499200,0.499200,0.499200,
cuda_interruptedbufferprocessing_standard,0.372000,0.372000,0.372000,0.372000,0.127200,0.626400,
