Test_Name,Total_Time,Average_Time,Max_Time,Min_Time,Max_Difference,Average_Difference,
cuda_nullkernel,0.435800,0.435800,0.435800,0.435800,0.435800,0.435800,
cuda_cputogpu_standard,0.348000,0.348000,0.348000,0.348000,0.348000,0.348000,
cuda_cputogpu_pinned,0.138900,0.138900,0.138900,0.138900,0.138900,0.138900,
cuda_gputocpu_standard,0.257600,0.257600,0.257600,0.257600,0.257600,0.257600,
cuda_gputocpu_pinned,0.103800,0.103800,0.103800,0.103800,0.103800,0.103800,
cuda_cputogputocpu_standard,0.540300,0.540300,0.540300,0.540300,0.540300,0.540300,
cuda_cputogputocpu_pinnedmemory,0.263000,0.263000,0.263000,0.263000,0.263000,0.263000,
cuda_devicetransfer_standard,0.330800,0.330800,0.330800,0.330800,0.330800,0.330800,
cuda_devicetransfer_pinned,0.106800,0.106800,0.106800,0.106800,0.106800,0.106800,
cuda_devicetransferkernel_standard,0.140800,0.140800,0.140800,0.140800,0.140800,0.140800,
cuda_devicetransferkernel_pinned,0.187900,0.187900,0.187900,0.187900,0.187900,0.187900,
cuda_simplebufferprocessing_standard,0.471900,0.471900,0.471900,0.471900,0.471900,0.471900,
cuda_simplebufferprocessing_pinned,0.384000,0.384000,0.384000,0.384000,0.384000,0.384000,
cuda_complexbufferprocessing_standard,0.418800,0.418800,0.418800,0.418800,0.418800,0.418800,
cuda_complexbufferprocessing_unified,0.399100,0.399100,0.399100,0.399100,0.399100,0.399100,
cuda_simplebuffersynthesis_standard,0.492600,0.492600,0.492600,0.492600,0.492600,0.492600,
cuda_simplebuffersynthesis_pinned,0.423200,0.423200,0.423200,0.423200,0.423200,0.423200,
cuda_interruptedbufferprocessing_standard,0.640400,0.640400,0.640400,0.640400,0.640400,0.640400,
cuda_interruptedbufferprocessing_standard,0.491200,0.491200,0.491200,0.491200,0.149200,0.789600,
