Test_Name,Total_Time,Average_Time,Max_Time,Min_Time,Max_Difference,Average_Difference,
cuda_nullkernel,0.307100,0.307100,0.307100,0.307100,0.307100,0.307100,
cuda_cputogpu_standard,0.333100,0.333100,0.333100,0.333100,0.333100,0.333100,
cuda_cputogpu_pinned,0.119800,0.119800,0.119800,0.119800,0.119800,0.119800,
cuda_gputocpu_standard,0.292300,0.292300,0.292300,0.292300,0.292300,0.292300,
cuda_gputocpu_pinned,0.099600,0.099600,0.099600,0.099600,0.099600,0.099600,
cuda_cputogputocpu_standard,0.461900,0.461900,0.461900,0.461900,0.461900,0.461900,
cuda_cputogputocpu_pinnedmemory,0.176300,0.176300,0.176300,0.176300,0.176300,0.176300,
cuda_devicetransfer_standard,0.331200,0.331200,0.331200,0.331200,0.331200,0.331200,
cuda_devicetransfer_pinned,0.113800,0.113800,0.113800,0.113800,0.113800,0.113800,
cuda_devicetransferkernel_standard,0.127300,0.127300,0.127300,0.127300,0.127300,0.127300,
cuda_devicetransferkernel_pinned,0.152000,0.152000,0.152000,0.152000,0.152000,0.152000,
cuda_simplebufferprocessing_standard,0.639300,0.639300,0.639300,0.639300,0.639300,0.639300,
cuda_simplebufferprocessing_pinned,0.506900,0.506900,0.506900,0.506900,0.506900,0.506900,
cuda_complexbufferprocessing_standard,0.555500,0.555500,0.555500,0.555500,0.555500,0.555500,
cuda_complexbufferprocessing_unified,0.500800,0.500800,0.500800,0.500800,0.500800,0.500800,
cuda_simplebuffersynthesis_standard,0.513800,0.513800,0.513800,0.513800,0.513800,0.513800,
cuda_simplebuffersynthesis_pinned,0.356300,0.356300,0.356300,0.356300,0.356300,0.356300,
cuda_interruptedbufferprocessing_standard,0.530900,0.530900,0.530900,0.530900,0.530900,0.530900,
cuda_interruptedbufferprocessing_standard,0.422400,0.422400,0.422400,0.422400,0.108500,0.639400,
