Test_Name,Total_Time,Average_Time,Max_Time,Min_Time,Max_Difference,Average_Difference,
cl_nullkernel,20.513900,0.002051,0.263500,0.001000,0.155900,0.000465,
cl_cputogpu_standard,767.464400,0.076746,0.504200,0.067300,0.412800,0.003797,
cl_cputogpu_mappedbuffer,153.093000,0.015309,0.133800,0.004800,0.125600,0.001031,
cl_gputocpu_standard,765.462300,0.076546,0.374400,0.066700,0.300100,0.005558,
cl_gputocpu_pinned,75.645800,0.007565,0.095700,0.003000,0.087300,0.003387,
cl_cputogputocpu_standard,1448.969800,0.144897,0.466300,0.064900,0.387700,0.004437,
cl_cputogputocpu_pinned,186.888500,0.018689,0.077600,0.005000,0.060000,0.000741,
cl_devicetransfer_standard,782.074100,0.078207,0.256700,0.073400,0.148400,0.002228,
cl_devicetransfer_pinned,22.403800,0.002240,0.065800,0.001600,0.058800,0.000370,
cl_devicetransferkernel_standard,773.876400,0.077388,0.321300,0.072700,0.232900,0.002021,
cl_devicetransferkernel_pinned,784.677800,0.078468,0.285600,0.072400,0.122800,0.002283,
cl_simplebufferprocessing_standard,2104.650800,0.210465,0.617600,0.199900,0.387300,0.005990,
cl_simplebufferprocessing_pinned,849.980500,0.084998,0.284200,0.077700,0.192900,0.002866,
cl_complexbufferprocessing_standard,2108.711800,0.210871,0.569900,0.199700,0.333900,0.006127,
cl_complexbufferprocessing_pinned,858.784200,0.085878,0.328100,0.076000,0.239600,0.003482,
cl_simplebuffersynthesis_standard,1497.164200,0.149716,0.528100,0.141000,0.355200,0.004113,
cl_simplebuffersynthesis_pinned,872.061000,0.087206,0.230200,0.079800,0.208000,0.002761,
cl_complexbuffersynthesis_standard,1409.663300,0.140966,0.707900,0.125900,0.453100,0.008679,
cl_interruptedbufferprocessing_standard,4203.645100,0.211760,0.794700,0.197000,0.407300,0.006677,
cl_interruptedbufferprocessing_pinned,1687.266900,0.084997,3.037000,0.077800,2.948200,0.003107,
