Test_Name,Total_Time,Average_Time,Max_Time,Min_Time,Max_Difference,Average_Difference,
cl_nullkernel,16.320200,0.001632,0.102000,0.000800,0.100500,0.000374,
cl_cputogpu_standard,756.364100,0.075636,0.405100,0.068000,0.323600,0.002898,
cl_cputogpu_mappedbuffer,152.805500,0.015281,0.131500,0.005000,0.084500,0.000768,
cl_gputocpu_standard,742.935500,0.074294,0.241300,0.067100,0.168200,0.002741,
cl_gputocpu_pinned,52.211600,0.005221,0.077900,0.003100,0.074200,0.002189,
cl_cputogputocpu_standard,1433.453800,0.143345,0.185900,0.068700,0.109900,0.002852,
cl_cputogputocpu_pinned,189.946200,0.018995,0.200600,0.005000,0.183800,0.000693,
cl_devicetransfer_standard,781.512500,0.078151,0.271700,0.072300,0.152900,0.002124,
cl_devicetransfer_pinned,23.917800,0.002392,0.065200,0.001700,0.060900,0.000436,
cl_devicetransferkernel_standard,778.682100,0.077868,0.309800,0.070900,0.206500,0.002408,
cl_devicetransferkernel_pinned,790.362200,0.079036,0.263200,0.072300,0.186800,0.002464,
cl_simplebufferprocessing_standard,2113.642500,0.211364,0.529400,0.201600,0.314100,0.006247,
cl_simplebufferprocessing_pinned,854.469600,0.085447,0.268700,0.078200,0.185600,0.002750,
cl_complexbufferprocessing_standard,2127.718200,0.212772,0.477100,0.201400,0.259300,0.006137,
cl_complexbufferprocessing_pinned,869.752700,0.086975,0.263700,0.078800,0.136500,0.003014,
cl_simplebuffersynthesis_standard,1493.467400,0.149347,0.476200,0.139100,0.292900,0.003885,
cl_simplebuffersynthesis_pinned,876.828900,0.087683,0.241600,0.080300,0.241600,0.002808,
cl_complexbuffersynthesis_standard,19247.007400,1.924701,3.952800,1.493300,1.840700,0.148836,
cl_interruptedbufferprocessing_standard,4231.506300,0.213163,0.740000,0.201200,0.538100,0.006762,
cl_interruptedbufferprocessing_pinned,1703.277600,0.085803,3.092800,0.075000,3.004300,0.003136,
