Test_Name,Total_Time,Average_Time,Max_Time,Min_Time,Max_Difference,Average_Difference,
cl_nullkernel,16.411700,0.001641,0.106500,0.000900,0.104500,0.000354,
cl_cputogpu_standard,751.970100,0.075197,0.336400,0.067000,0.290400,0.002857,
cl_cputogpu_mappedbuffer,151.438000,0.015144,0.221200,0.005100,0.192500,0.000719,
cl_gputocpu_standard,738.122500,0.073812,0.258900,0.066600,0.186300,0.002673,
cl_gputocpu_pinned,51.836800,0.005184,0.077600,0.003000,0.063300,0.002183,
cl_cputogputocpu_standard,1423.741700,0.142374,0.296400,0.066700,0.223500,0.002830,
cl_cputogputocpu_pinned,187.391200,0.018739,0.080300,0.004900,0.063400,0.000642,
cl_devicetransfer_standard,778.874700,0.077887,0.265100,0.070500,0.188600,0.002067,
cl_devicetransfer_pinned,23.077200,0.002308,0.058300,0.001700,0.058300,0.000333,
cl_devicetransferkernel_standard,766.798500,0.076680,0.395600,0.069800,0.262100,0.001923,
cl_devicetransferkernel_pinned,782.858000,0.078286,0.468000,0.071400,0.214900,0.002143,
cl_simplebufferprocessing_standard,2103.482400,0.210348,0.626800,0.199500,0.626800,0.006040,
cl_simplebufferprocessing_pinned,846.556000,0.084656,0.283100,0.079000,0.105100,0.002552,
cl_complexbufferprocessing_standard,2140.970100,0.214097,0.565100,0.198200,0.355400,0.007531,
cl_complexbufferprocessing_pinned,857.848400,0.085785,0.242200,0.078800,0.125700,0.002782,
cl_simplebuffersynthesis_standard,1497.760100,0.149776,0.664700,0.140300,0.332900,0.004006,
cl_simplebuffersynthesis_pinned,876.397400,0.087640,0.374000,0.079700,0.283500,0.002753,
cl_complexbuffersynthesis_standard,3140.328700,0.314033,0.813700,0.302100,0.447500,0.007249,
cl_interruptedbufferprocessing_standard,4179.838600,0.210561,0.993400,0.198900,0.593900,0.006101,
cl_interruptedbufferprocessing_pinned,1701.211100,0.085699,3.024200,0.075700,2.934700,0.003734,
