Test_Name,Total_Time,Average_Time,Max_Time,Min_Time,Max_Difference,Average_Difference,
cl_nullkernel,16.651700,0.001665,0.148700,0.000800,0.133300,0.000384,
cl_cputogpu_standard,752.217800,0.075222,0.439000,0.068000,0.251300,0.002479,
cl_cputogpu_mappedbuffer,152.017500,0.015202,0.092200,0.004600,0.063900,0.000649,
cl_gputocpu_standard,738.930200,0.073893,0.197700,0.066800,0.125500,0.002443,
cl_gputocpu_pinned,52.764200,0.005276,0.086100,0.003000,0.071600,0.002214,
cl_cputogputocpu_standard,1423.201600,0.142320,0.245600,0.066600,0.159800,0.002700,
cl_cputogputocpu_pinned,186.618700,0.018662,0.074000,0.004900,0.058900,0.000547,
cl_devicetransfer_standard,777.068000,0.077707,0.475700,0.070500,0.248600,0.002047,
cl_devicetransfer_pinned,24.365700,0.002437,0.135500,0.001700,0.122000,0.000471,
cl_devicetransferkernel_standard,777.261700,0.077726,0.345000,0.071900,0.264900,0.002042,
cl_devicetransferkernel_pinned,778.565900,0.077857,0.191400,0.071800,0.110800,0.001843,
cl_simplebufferprocessing_standard,2107.719000,0.210772,0.671200,0.200500,0.427500,0.006269,
cl_simplebufferprocessing_pinned,849.212600,0.084921,0.498800,0.078000,0.389100,0.002724,
cl_complexbufferprocessing_standard,2125.802900,0.212580,0.573700,0.201300,0.308400,0.006696,
cl_complexbufferprocessing_pinned,867.051200,0.086705,0.426400,0.079500,0.255500,0.003258,
cl_simplebuffersynthesis_standard,1494.900000,0.149490,0.353800,0.141400,0.179500,0.003752,
cl_simplebuffersynthesis_pinned,874.729000,0.087473,0.323200,0.080700,0.228600,0.002809,
cl_complexbuffersynthesis_standard,2331.328700,0.233133,0.909200,0.216500,0.685700,0.013596,
cl_interruptedbufferprocessing_standard,4178.604800,0.210498,0.586900,0.199600,0.586900,0.005960,
cl_interruptedbufferprocessing_pinned,1678.005400,0.084530,3.125800,0.076900,3.044300,0.003266,
