Test_Name,Total_Time,Average_Time,Max_Time,Min_Time,Max_Difference,Average_Difference,
cl_nullkernel,15.824100,0.001582,0.042300,0.000900,0.041100,0.000305,
cl_cputogpu_standard,754.097800,0.075410,0.439000,0.067400,0.359700,0.003038,
cl_cputogpu_mappedbuffer,152.024300,0.015202,0.072700,0.004500,0.057600,0.000672,
cl_gputocpu_standard,739.900800,0.073990,0.245200,0.067200,0.172500,0.002731,
cl_gputocpu_pinned,45.030500,0.004503,0.082900,0.003000,0.069500,0.001170,
cl_cputogputocpu_standard,1426.001500,0.142600,0.197500,0.067600,0.126200,0.002814,
cl_cputogputocpu_pinned,187.626900,0.018763,0.105300,0.004900,0.087800,0.000624,
cl_devicetransfer_standard,782.621300,0.078262,0.338800,0.070800,0.111800,0.002104,
cl_devicetransfer_pinned,24.162100,0.002416,0.159800,0.001700,0.096400,0.000443,
cl_devicetransferkernel_standard,777.298800,0.077730,0.264900,0.070500,0.189700,0.002349,
cl_devicetransferkernel_pinned,783.549500,0.078355,0.416600,0.071200,0.236600,0.002132,
cl_simplebufferprocessing_standard,2102.230100,0.210223,0.654200,0.199300,0.289400,0.005566,
cl_simplebufferprocessing_pinned,844.729300,0.084473,0.340400,0.074900,0.252700,0.002879,
cl_complexbufferprocessing_standard,2112.609100,0.211261,0.633900,0.200500,0.630100,0.006311,
cl_complexbufferprocessing_pinned,851.235900,0.085124,0.223900,0.075200,0.107700,0.002803,
cl_simplebuffersynthesis_standard,1497.361100,0.149736,0.494500,0.138800,0.219900,0.004116,
cl_simplebuffersynthesis_pinned,875.664500,0.087566,0.318200,0.079300,0.217900,0.002877,
cl_complexbuffersynthesis_standard,1526.702700,0.152670,0.988600,0.141600,0.988600,0.004385,
cl_interruptedbufferprocessing_standard,4186.964700,0.210920,0.557900,0.198700,0.321500,0.006220,
cl_interruptedbufferprocessing_pinned,1696.099400,0.085442,3.070600,0.077100,2.981600,0.003429,
