Test_Name,Total_Time,Average_Time,Max_Time,Min_Time,Max_Difference,Average_Difference,
cl_nullkernel,16.696800,0.001670,0.106200,0.000900,0.104700,0.000346,
cl_cputogpu_standard,751.474000,0.075147,0.373300,0.068600,0.322400,0.002633,
cl_cputogpu_mappedbuffer,152.739400,0.015274,0.238200,0.004800,0.216000,0.000750,
cl_gputocpu_standard,738.968800,0.073897,0.186200,0.067900,0.113900,0.002532,
cl_gputocpu_pinned,48.079500,0.004808,0.107300,0.003000,0.078500,0.001642,
cl_cputogputocpu_standard,1425.596400,0.142560,0.217300,0.068600,0.143000,0.002570,
cl_cputogputocpu_pinned,187.325500,0.018733,0.077500,0.004900,0.058200,0.000550,
cl_devicetransfer_standard,781.815400,0.078182,0.206100,0.072900,0.122400,0.002392,
cl_devicetransfer_pinned,23.413500,0.002341,0.102700,0.001700,0.099800,0.000406,
cl_devicetransferkernel_standard,801.779800,0.080178,0.322600,0.067900,0.216200,0.003364,
cl_devicetransferkernel_pinned,782.946100,0.078295,0.226000,0.071900,0.146400,0.002139,
cl_simplebufferprocessing_standard,2097.448400,0.209745,0.526700,0.197400,0.304900,0.005755,
cl_simplebufferprocessing_pinned,849.970800,0.084997,0.290300,0.077900,0.134600,0.002751,
cl_complexbufferprocessing_standard,2108.222700,0.210822,0.522200,0.201000,0.292600,0.005920,
cl_complexbufferprocessing_pinned,849.338100,0.084934,0.233300,0.074000,0.131200,0.002645,
cl_simplebuffersynthesis_standard,1495.738800,0.149574,0.496400,0.141300,0.270400,0.003863,
cl_simplebuffersynthesis_pinned,878.348700,0.087835,0.293700,0.080400,0.205900,0.003257,
cl_complexbuffersynthesis_standard,1812.343500,0.181234,0.578800,0.166800,0.381800,0.010578,
cl_interruptedbufferprocessing_standard,4187.080900,0.210925,0.680500,0.199800,0.373700,0.006119,
cl_interruptedbufferprocessing_pinned,1686.427700,0.084954,3.005500,0.076300,2.914300,0.003081,
