Test_Name,Total_Time,Average_Time,Max_Time,Min_Time,Max_Difference,Average_Difference,
cl_nullkernel,16.163900,0.001616,0.099500,0.000800,0.096200,0.000350,
cl_cputogpu_standard,758.072000,0.075807,0.250100,0.067700,0.198500,0.003020,
cl_cputogpu_mappedbuffer,152.996800,0.015300,0.129500,0.005100,0.095400,0.000618,
cl_gputocpu_standard,738.436000,0.073844,0.469200,0.067400,0.391300,0.002488,
cl_gputocpu_pinned,52.111900,0.005211,0.071600,0.003000,0.067800,0.002070,
cl_cputogputocpu_standard,1423.291800,0.142329,0.254800,0.065800,0.145300,0.002559,
cl_cputogputocpu_pinned,188.609400,0.018861,0.072400,0.005000,0.066900,0.000622,
cl_devicetransfer_standard,769.356700,0.076936,0.191300,0.070000,0.106600,0.001986,
cl_devicetransfer_pinned,22.755200,0.002276,0.104100,0.001700,0.096200,0.000422,
cl_devicetransferkernel_standard,774.938700,0.077494,0.236800,0.069400,0.150900,0.002114,
cl_devicetransferkernel_pinned,784.309200,0.078431,0.285000,0.071600,0.188900,0.002179,
cl_simplebufferprocessing_standard,2107.817700,0.210782,0.521600,0.200500,0.315000,0.006068,
cl_simplebufferprocessing_pinned,850.914800,0.085091,0.281700,0.078000,0.199400,0.002903,
cl_complexbufferprocessing_standard,2120.572800,0.212057,0.594900,0.201500,0.334200,0.005975,
cl_complexbufferprocessing_pinned,865.514400,0.086551,0.334900,0.078300,0.236600,0.003206,
cl_simplebuffersynthesis_standard,1497.730000,0.149773,0.599400,0.141400,0.440000,0.004175,
cl_simplebuffersynthesis_pinned,872.070400,0.087207,0.268200,0.079500,0.223200,0.003004,
cl_complexbuffersynthesis_standard,7113.051900,0.711305,3.890900,0.509900,3.158200,0.070714,
cl_interruptedbufferprocessing_standard,4188.844000,0.211014,0.819300,0.200100,0.460100,0.006031,
cl_interruptedbufferprocessing_pinned,1687.996600,0.085033,2.975900,0.078000,2.892700,0.003107,
