Test_Name,Total_Time,Average_Time,Max_Time,Min_Time,Max_Difference,Average_Difference,
cl_nullkernel,16.457000,0.001646,0.095000,0.000900,0.093300,0.000331,
cl_cputogpu_standard,755.050400,0.075505,0.200500,0.065000,0.120800,0.002757,
cl_cputogpu_mappedbuffer,152.850300,0.015285,0.083600,0.004600,0.065200,0.000725,
cl_gputocpu_standard,740.678800,0.074068,0.193600,0.066700,0.115000,0.002742,
cl_gputocpu_pinned,57.948600,0.005795,0.076900,0.003000,0.073000,0.002704,
cl_cputogputocpu_standard,1429.258600,0.142926,0.296400,0.067300,0.217100,0.002679,
cl_cputogputocpu_pinned,188.647000,0.018865,0.083400,0.004800,0.068300,0.000606,
cl_devicetransfer_standard,776.733900,0.077673,0.225700,0.073200,0.110100,0.001972,
cl_devicetransfer_pinned,23.898000,0.002390,0.135700,0.001700,0.119700,0.000419,
cl_devicetransferkernel_standard,774.152000,0.077415,0.261300,0.072600,0.170700,0.002032,
cl_devicetransferkernel_pinned,788.312400,0.078831,0.326700,0.070800,0.170600,0.002289,
cl_simplebufferprocessing_standard,2114.513500,0.211451,0.836600,0.200300,0.500600,0.006471,
cl_simplebufferprocessing_pinned,850.029500,0.085003,0.384700,0.078900,0.247300,0.002521,
cl_complexbufferprocessing_standard,2144.107200,0.214411,0.566300,0.200200,0.340100,0.007436,
cl_complexbufferprocessing_pinned,866.939600,0.086694,0.380100,0.079700,0.213600,0.003240,
cl_simplebuffersynthesis_standard,1500.344300,0.150034,0.400400,0.141100,0.204600,0.004136,
cl_simplebuffersynthesis_pinned,870.314500,0.087031,0.299100,0.080000,0.235300,0.002600,
cl_complexbuffersynthesis_standard,10822.309400,1.082231,4.063800,0.852300,2.828300,0.093249,
cl_interruptedbufferprocessing_standard,4196.934700,0.211422,0.643900,0.200500,0.499500,0.006046,
cl_interruptedbufferprocessing_pinned,1700.393500,0.085658,3.019800,0.078000,2.935000,0.003264,
