Test_Name,Total_Time,Average_Time,Max_Time,Min_Time,Max_Difference,Average_Difference,
cl_nullkernel,15.631200,0.001563,0.021300,0.000800,0.019800,0.000291,
cl_cputogpu_standard,762.392700,0.076239,0.407500,0.069800,0.407500,0.002736,
cl_cputogpu_mappedbuffer,153.205400,0.015321,0.097700,0.004800,0.092600,0.000781,
cl_gputocpu_standard,741.687900,0.074169,0.204400,0.067700,0.131600,0.002608,
cl_gputocpu_pinned,50.620700,0.005062,0.081500,0.003200,0.073800,0.001933,
cl_cputogputocpu_standard,1440.914600,0.144091,0.305500,0.068300,0.229200,0.002816,
cl_cputogputocpu_pinned,189.227400,0.018923,0.075500,0.005300,0.061200,0.000566,
cl_devicetransfer_standard,779.459100,0.077946,0.323300,0.070800,0.240700,0.002051,
cl_devicetransfer_pinned,25.014500,0.002501,0.223500,0.001700,0.173800,0.000522,
cl_devicetransferkernel_standard,778.038900,0.077804,0.357200,0.072900,0.232500,0.002067,
cl_devicetransferkernel_pinned,794.667500,0.079467,0.388200,0.070800,0.205300,0.002285,
cl_simplebufferprocessing_standard,2128.723600,0.212872,0.627800,0.201700,0.408500,0.006499,
cl_simplebufferprocessing_pinned,863.103000,0.086310,0.370700,0.078400,0.171900,0.002876,
cl_complexbufferprocessing_standard,2137.618700,0.213762,0.491600,0.202200,0.287300,0.006079,
cl_complexbufferprocessing_pinned,873.427600,0.087343,0.456700,0.080200,0.325400,0.002986,
cl_simplebuffersynthesis_standard,1503.895400,0.150390,0.407800,0.141300,0.240400,0.004199,
cl_simplebuffersynthesis_pinned,878.549900,0.087855,0.369700,0.080800,0.280600,0.002943,
cl_complexbuffersynthesis_standard,34026.611700,3.402661,5.303300,2.739000,3.243900,0.155595,
cl_interruptedbufferprocessing_standard,4251.504700,0.214171,0.684900,0.199800,0.457900,0.007504,
cl_interruptedbufferprocessing_pinned,1708.576200,0.086070,2.991600,0.077800,2.902300,0.003154,
