Test_Name,Total_Time,Average_Time,Max_Time,Min_Time,Max_Difference,Average_Difference,
cl_nullkernel,16.556200,0.001656,0.040300,0.000900,0.038800,0.000346,
cl_cputogpu_standard,769.175900,0.076918,0.223500,0.068700,0.168500,0.002872,
cl_cputogpu_mappedbuffer,155.851400,0.015585,0.208400,0.004900,0.182500,0.000973,
cl_gputocpu_standard,749.388500,0.074939,0.199600,0.067800,0.125900,0.002635,
cl_gputocpu_pinned,65.364100,0.006536,0.067900,0.003100,0.059500,0.003076,
cl_cputogputocpu_standard,1452.314700,0.145231,0.270000,0.066700,0.196900,0.002698,
cl_cputogputocpu_pinned,192.795100,0.019280,0.072200,0.005100,0.056900,0.000709,
cl_devicetransfer_standard,778.401300,0.077840,0.190400,0.070800,0.114900,0.002017,
cl_devicetransfer_pinned,23.358200,0.002336,0.112900,0.001800,0.093600,0.000358,
cl_devicetransferkernel_standard,776.589300,0.077659,0.229800,0.070100,0.149000,0.002021,
cl_devicetransferkernel_pinned,800.461800,0.080046,0.246300,0.074500,0.166200,0.002204,
cl_simplebufferprocessing_standard,2136.348800,0.213635,0.555700,0.202000,0.341200,0.006129,
cl_simplebufferprocessing_pinned,865.623800,0.086562,0.279500,0.079100,0.195600,0.003163,
cl_complexbufferprocessing_standard,2169.443800,0.216944,0.593700,0.205500,0.292100,0.006555,
cl_complexbufferprocessing_pinned,892.579500,0.089258,0.287000,0.081100,0.121400,0.003493,
cl_simplebuffersynthesis_standard,1505.388500,0.150539,0.374100,0.141800,0.216100,0.004012,
cl_simplebuffersynthesis_pinned,883.367000,0.088337,0.270400,0.081000,0.262400,0.002996,
cl_complexbuffersynthesis_standard,60205.478600,6.020548,10.116000,5.239800,6.116500,0.207358,
cl_interruptedbufferprocessing_standard,4808.428900,0.242226,1.955400,0.198000,1.735200,0.015616,
cl_interruptedbufferprocessing_pinned,2042.175000,0.102875,3.089100,0.080500,3.001600,0.007118,
