Test_Name,Total_Time,Average_Time,Max_Time,Min_Time,Max_Difference,Average_Difference,
cuda_nullkernel,353.393900,0.035339,0.300300,0.032600,0.288300,0.001407,
cuda_cputogpu_standard,407.065300,0.040707,0.361000,0.038500,0.251600,0.001122,
cuda_cputogpu_pinned,209.924400,0.020992,0.083800,0.018500,0.074800,0.000497,
cuda_gputocpu_standard,475.188000,0.047519,0.301100,0.044200,0.170600,0.001574,
cuda_gputocpu_pinned,215.007100,0.021501,0.081000,0.019500,0.076000,0.000350,
cuda_cputogputocpu_standard,864.461200,0.086446,0.380100,0.081900,0.289900,0.002029,
cuda_cputogputocpu_pinnedmemory,424.641900,0.042464,0.150100,0.040300,0.144100,0.000576,
cuda_devicetransfer_standard,360.495100,0.036050,0.399100,0.033400,0.305200,0.001267,
cuda_devicetransfer_pinned,213.255000,0.021326,0.079100,0.019500,0.074500,0.000325,
cuda_devicetransferkernel_standard,356.640100,0.035664,0.301400,0.032700,0.231900,0.001402,
cuda_devicetransferkernel_pinned,398.327400,0.039833,0.304900,0.033100,0.257700,0.002218,
cuda_simplebufferprocessing_standard,1210.489400,0.121049,0.484900,0.116400,0.336500,0.002177,
cuda_simplebufferprocessing_pinned,845.205700,0.084521,0.275900,0.080900,0.243800,0.001546,
cuda_complexbufferprocessing_standard,1217.514500,0.121751,0.494600,0.116300,0.340700,0.003325,
cuda_complexbufferprocessing_unified,871.371000,0.087137,0.403600,0.080900,0.247700,0.002370,
cuda_simplebuffersynthesis_standard,824.176600,0.082418,0.330600,0.077100,0.241900,0.003689,
cuda_simplebuffersynthesis_pinned,632.554700,0.063255,0.370700,0.058400,0.211600,0.001628,
cuda_complexbuffersynthesis_standard,25709.881200,2.570988,5.525100,2.506400,5.525100,0.044833,
cuda_complexbuffersynthesis_pinned,25725.066900,2.572507,6.340200,2.513300,5.982100,0.045118,
cuda_interruptedbufferprocessing_standard,2425.058300,0.122163,0.669600,0.116500,0.493500,0.002742,
cuda_interruptedbufferprocessing_standard,1678.782500,0.084569,0.339600,0.081200,0.222600,0.001852,
