Test_Name,Total_Time,Average_Time,Max_Time,Min_Time,Max_Difference,Average_Difference,
cuda_nullkernel,369.088100,0.036909,0.286300,0.032900,0.274800,0.001146,
cuda_cputogpu_standard,409.819000,0.040982,0.283400,0.038700,0.238000,0.001084,
cuda_cputogpu_pinned,236.269000,0.023627,0.153900,0.019200,0.083700,0.000622,
cuda_gputocpu_standard,476.550800,0.047655,0.264000,0.044300,0.207300,0.001468,
cuda_gputocpu_pinned,217.715800,0.021772,0.074800,0.019600,0.074800,0.000432,
cuda_cputogputocpu_standard,870.966800,0.087097,0.483800,0.082800,0.342000,0.002253,
cuda_cputogputocpu_pinnedmemory,429.237900,0.042924,0.152400,0.039600,0.147400,0.000708,
cuda_devicetransfer_standard,363.339900,0.036334,0.304800,0.033400,0.260800,0.001381,
cuda_devicetransfer_pinned,210.220500,0.021022,0.074900,0.019200,0.074500,0.000569,
cuda_devicetransferkernel_standard,359.278700,0.035928,0.310800,0.032800,0.256600,0.001406,
cuda_devicetransferkernel_pinned,400.748100,0.040075,0.313800,0.033100,0.226100,0.001531,
cuda_simplebufferprocessing_standard,1217.578700,0.121758,0.511000,0.116700,0.412800,0.002344,
cuda_simplebufferprocessing_pinned,848.443300,0.084844,0.453400,0.081300,0.353700,0.001733,
cuda_complexbufferprocessing_standard,1274.626200,0.127463,0.745500,0.121700,0.406700,0.002363,
cuda_complexbufferprocessing_unified,913.273800,0.091327,0.458700,0.085200,0.239300,0.002080,
cuda_simplebuffersynthesis_standard,880.056500,0.088006,0.414100,0.083700,0.297200,0.002072,
cuda_simplebuffersynthesis_pinned,687.963100,0.068796,0.294900,0.060800,0.206300,0.002103,
cuda_complexbuffersynthesis_standard,203282.100900,20.328210,319.609600,19.494900,299.406500,0.201638,
cuda_complexbuffersynthesis_pinned,198732.188800,19.873219,43.668200,19.443100,43.668200,0.169463,
cuda_interruptedbufferprocessing_standard,2395.808800,0.120690,0.592800,0.109000,0.384700,0.004806,
cuda_interruptedbufferprocessing_standard,1681.817100,0.084722,0.361600,0.081300,0.271500,0.001880,
