Test_Name,Total_Time,Average_Time,Max_Time,Min_Time,Max_Difference,Average_Difference,
cuda_nullkernel,344.460700,0.034446,0.406200,0.030500,0.316300,0.001508,
cuda_cputogpu_standard,406.608600,0.040661,0.259500,0.038600,0.209800,0.000937,
cuda_cputogpu_pinned,214.896300,0.021490,0.083300,0.019700,0.077000,0.000364,
cuda_gputocpu_standard,463.285100,0.046329,0.287500,0.041400,0.208100,0.001928,
cuda_gputocpu_pinned,215.680400,0.021568,0.076700,0.020000,0.076700,0.000362,
cuda_cputogputocpu_standard,866.096900,0.086610,0.470400,0.082000,0.311000,0.002287,
cuda_cputogputocpu_pinnedmemory,414.875700,0.041488,0.148700,0.038500,0.144300,0.001024,
cuda_devicetransfer_standard,360.522800,0.036052,0.325400,0.033400,0.275900,0.001261,
cuda_devicetransfer_pinned,208.037200,0.020804,0.075000,0.019200,0.075000,0.000533,
cuda_devicetransferkernel_standard,359.411900,0.035941,0.319600,0.033000,0.271100,0.001361,
cuda_devicetransferkernel_pinned,393.246600,0.039325,0.269800,0.032000,0.220400,0.001838,
cuda_simplebufferprocessing_standard,1198.064800,0.119806,0.549400,0.109800,0.403500,0.004396,
cuda_simplebufferprocessing_pinned,867.936300,0.086794,0.508500,0.081400,0.280300,0.001785,
cuda_complexbufferprocessing_standard,1198.480100,0.119848,0.757700,0.109000,0.757700,0.004574,
cuda_complexbufferprocessing_unified,842.987400,0.084299,0.433900,0.080900,0.238300,0.001688,
cuda_simplebuffersynthesis_standard,813.809900,0.081381,0.397400,0.077400,0.281400,0.002378,
cuda_simplebuffersynthesis_pinned,630.944200,0.063094,0.318200,0.057400,0.222600,0.001412,
cuda_complexbuffersynthesis_standard,1758.398400,0.175840,0.611500,0.167500,0.433700,0.003839,
cuda_complexbuffersynthesis_pinned,1739.074000,0.173907,0.579900,0.164800,0.432600,0.003151,
cuda_interruptedbufferprocessing_standard,2393.792400,0.120588,0.507500,0.108700,0.507500,0.004623,
cuda_interruptedbufferprocessing_standard,1694.974000,0.085385,0.491100,0.080800,0.258100,0.002164,
