Test_Name,Total_Time,Average_Time,Max_Time,Min_Time,Max_Difference,Average_Difference,
cuda_nullkernel,356.138400,0.035614,0.279900,0.032700,0.236900,0.001362,
cuda_cputogpu_standard,406.220500,0.040622,0.262600,0.038800,0.219500,0.001036,
cuda_cputogpu_pinned,213.884200,0.021388,0.077300,0.019600,0.074800,0.000315,
cuda_gputocpu_standard,472.962100,0.047296,0.230400,0.044200,0.157500,0.001417,
cuda_gputocpu_pinned,214.776600,0.021478,0.077600,0.019600,0.074700,0.000436,
cuda_cputogputocpu_standard,864.163700,0.086416,0.418000,0.082000,0.298900,0.002078,
cuda_cputogputocpu_pinnedmemory,422.419500,0.042242,0.170400,0.038900,0.141700,0.000641,
cuda_devicetransfer_standard,381.300500,0.038130,0.374000,0.033400,0.200100,0.001350,
cuda_devicetransfer_pinned,213.912900,0.021391,0.074400,0.019500,0.074400,0.000387,
cuda_devicetransferkernel_standard,355.055500,0.035506,0.295700,0.032600,0.248300,0.001312,
cuda_devicetransferkernel_pinned,398.237200,0.039824,0.323700,0.033100,0.276300,0.002301,
cuda_simplebufferprocessing_standard,1216.677200,0.121668,0.521800,0.116400,0.401600,0.002931,
cuda_simplebufferprocessing_pinned,843.305400,0.084331,0.345000,0.080900,0.242300,0.001856,
cuda_complexbufferprocessing_standard,1213.142200,0.121314,0.499800,0.116100,0.380100,0.002985,
cuda_complexbufferprocessing_unified,849.258200,0.084926,0.355900,0.080900,0.258800,0.002044,
cuda_simplebuffersynthesis_standard,817.794000,0.081779,0.503500,0.077200,0.303900,0.003337,
cuda_simplebuffersynthesis_pinned,630.792500,0.063079,0.296100,0.056200,0.221200,0.001490,
cuda_complexbuffersynthesis_standard,6570.637800,0.657064,1.680000,0.636300,1.680000,0.011278,
cuda_complexbuffersynthesis_pinned,6555.522500,0.655552,2.047400,0.632500,1.505600,0.011808,
cuda_interruptedbufferprocessing_standard,2418.957500,0.121856,0.595600,0.116300,0.391100,0.002718,
cuda_interruptedbufferprocessing_standard,1660.204600,0.083633,0.359600,0.081000,0.248900,0.001492,
