Test_Name,Total_Time,Average_Time,Max_Time,Min_Time,Max_Difference,Average_Difference,
cuda_nullkernel,350.639500,0.035064,0.314300,0.032500,0.289900,0.001172,
cuda_cputogpu_standard,407.044300,0.040704,0.284000,0.038600,0.236800,0.001070,
cuda_cputogpu_pinned,215.066800,0.021507,0.105400,0.019400,0.078000,0.000361,
cuda_gputocpu_standard,473.631700,0.047363,0.259100,0.044200,0.158400,0.001563,
cuda_gputocpu_pinned,214.481600,0.021448,0.074900,0.019800,0.074900,0.000332,
cuda_cputogputocpu_standard,862.783100,0.086278,0.381800,0.082300,0.266200,0.002011,
cuda_cputogputocpu_pinnedmemory,441.459300,0.044146,0.250800,0.038700,0.144500,0.001056,
cuda_devicetransfer_standard,358.851600,0.035885,0.334000,0.033200,0.285500,0.001211,
cuda_devicetransfer_pinned,207.129900,0.020713,0.085300,0.018300,0.074300,0.000504,
cuda_devicetransferkernel_standard,356.186900,0.035619,0.318000,0.032600,0.269900,0.001351,
cuda_devicetransferkernel_pinned,398.609900,0.039861,0.340900,0.033000,0.251600,0.002311,
cuda_simplebufferprocessing_standard,1210.638000,0.121064,0.676600,0.116400,0.568300,0.002464,
cuda_simplebufferprocessing_pinned,841.697700,0.084170,0.308400,0.081200,0.240300,0.001555,
cuda_complexbufferprocessing_standard,1207.461400,0.120746,0.538200,0.115900,0.486700,0.002376,
cuda_complexbufferprocessing_unified,850.673800,0.085067,0.317100,0.081000,0.242200,0.002079,
cuda_simplebuffersynthesis_standard,812.639300,0.081264,0.349400,0.077200,0.243700,0.002382,
cuda_simplebuffersynthesis_pinned,635.566100,0.063557,0.361700,0.057300,0.261400,0.001476,
cuda_complexbuffersynthesis_standard,12980.319300,1.298032,3.509700,1.259900,3.509700,0.026448,
cuda_complexbuffersynthesis_pinned,12988.155400,1.298816,3.170000,1.258500,3.170000,0.026632,
cuda_interruptedbufferprocessing_standard,2395.222200,0.120660,0.823300,0.108900,0.495300,0.004721,
cuda_interruptedbufferprocessing_standard,1701.898300,0.085734,0.370700,0.081300,0.197000,0.001796,
