Test_Name,Total_Time,Average_Time,Max_Time,Min_Time,Max_Difference,Average_Difference,
cuda_nullkernel,349.627000,0.034963,0.286900,0.030800,0.231100,0.001783,
cuda_cputogpu_standard,403.201100,0.040320,0.298900,0.036300,0.227800,0.001699,
cuda_cputogpu_pinned,211.745400,0.021175,0.077300,0.019100,0.076300,0.000610,
cuda_gputocpu_standard,477.444400,0.047744,0.222000,0.044200,0.139800,0.001771,
cuda_gputocpu_pinned,217.355200,0.021736,0.082900,0.019500,0.074100,0.000516,
cuda_cputogputocpu_standard,871.769200,0.087177,0.338000,0.082300,0.246200,0.002543,
cuda_cputogputocpu_pinnedmemory,425.074100,0.042507,0.144300,0.039200,0.144300,0.000800,
cuda_devicetransfer_standard,363.842900,0.036384,0.326300,0.033400,0.274100,0.001495,
cuda_devicetransfer_pinned,215.472900,0.021547,0.074800,0.019600,0.074800,0.000517,
cuda_devicetransferkernel_standard,358.685800,0.035869,0.371500,0.032700,0.284000,0.001560,
cuda_devicetransferkernel_pinned,396.948400,0.039695,0.302800,0.033100,0.262000,0.002380,
cuda_simplebufferprocessing_standard,1215.069400,0.121507,0.536700,0.116000,0.395800,0.003116,
cuda_simplebufferprocessing_pinned,851.355600,0.085136,0.352500,0.080700,0.267100,0.002203,
cuda_complexbufferprocessing_standard,1239.811900,0.123981,0.593700,0.117100,0.449600,0.002820,
cuda_complexbufferprocessing_unified,851.111400,0.085111,0.386900,0.081200,0.289200,0.002101,
cuda_simplebuffersynthesis_standard,814.956400,0.081496,0.418400,0.077000,0.314100,0.002629,
cuda_simplebuffersynthesis_pinned,628.073200,0.062807,0.354600,0.056300,0.202900,0.001236,
cuda_complexbuffersynthesis_standard,3333.908000,0.333391,1.188900,0.322600,1.188900,0.005794,
cuda_complexbuffersynthesis_pinned,3361.691500,0.336169,1.276600,0.323700,0.818500,0.007312,
cuda_interruptedbufferprocessing_standard,2429.064000,0.122365,0.768700,0.116600,0.605600,0.002892,
cuda_interruptedbufferprocessing_standard,1684.447800,0.084855,0.344600,0.081200,0.257400,0.002018,
