Test_Name,Total_Time,Average_Time,Max_Time,Min_Time,Max_Difference,Average_Difference,
cuda_nullkernel,355.406500,0.035541,0.273200,0.032200,0.238900,0.002189,
cuda_cputogpu_standard,410.719800,0.041072,0.293200,0.038200,0.245800,0.001894,
cuda_cputogpu_pinned,216.036200,0.021604,0.083700,0.019500,0.074300,0.000362,
cuda_gputocpu_standard,476.698400,0.047670,0.239800,0.044000,0.176100,0.001826,
cuda_gputocpu_pinned,214.961900,0.021496,0.101800,0.019300,0.074800,0.000480,
cuda_cputogputocpu_standard,888.070800,0.088807,0.459300,0.081500,0.303300,0.006053,
cuda_cputogputocpu_pinnedmemory,421.113300,0.042111,0.144500,0.038900,0.143700,0.000526,
cuda_devicetransfer_standard,357.544600,0.035754,0.431600,0.033000,0.280200,0.001334,
cuda_devicetransfer_pinned,208.458000,0.020846,0.075200,0.019000,0.074700,0.000617,
cuda_devicetransferkernel_standard,355.735800,0.035574,0.312400,0.032500,0.265100,0.001334,
cuda_devicetransferkernel_pinned,389.773500,0.038977,0.306600,0.032500,0.259700,0.002627,
cuda_simplebufferprocessing_standard,1206.190100,0.120619,0.717800,0.114600,0.386000,0.003035,
cuda_simplebufferprocessing_pinned,842.230800,0.084223,0.322700,0.080300,0.246000,0.001997,
cuda_complexbufferprocessing_standard,1184.071100,0.118407,0.505100,0.107500,0.388500,0.004566,
cuda_complexbufferprocessing_unified,841.402700,0.084140,0.465600,0.080800,0.247900,0.001923,
cuda_simplebuffersynthesis_standard,809.323400,0.080932,0.325200,0.076300,0.245400,0.002766,
cuda_simplebuffersynthesis_pinned,641.742600,0.064174,0.397400,0.056400,0.232300,0.001334,
cuda_complexbuffersynthesis_standard,568.402100,0.056840,0.323300,0.050100,0.267800,0.002131,
cuda_complexbuffersynthesis_pinned,562.092600,0.056209,0.359300,0.049800,0.301900,0.001949,
cuda_interruptedbufferprocessing_standard,2411.267500,0.121468,0.543400,0.116000,0.513000,0.003481,
cuda_interruptedbufferprocessing_standard,1669.074500,0.084080,0.309800,0.080600,0.221600,0.001920,
