Test_Name,Total_Time,Average_Time,Max_Time,Min_Time,Max_Difference,Average_Difference,
cuda_nullkernel,356.463100,0.035646,0.270800,0.032600,0.236900,0.001323,
cuda_cputogpu_standard,405.210500,0.040521,0.283700,0.038600,0.242700,0.001195,
cuda_cputogpu_pinned,214.870100,0.021487,0.086500,0.019500,0.074900,0.000356,
cuda_gputocpu_standard,476.095300,0.047610,0.244400,0.044200,0.176400,0.001648,
cuda_gputocpu_pinned,215.557300,0.021556,0.075900,0.019600,0.075900,0.000416,
cuda_cputogputocpu_standard,866.932500,0.086693,0.375500,0.082300,0.282900,0.002203,
cuda_cputogputocpu_pinnedmemory,423.887000,0.042389,0.151600,0.039900,0.151600,0.000563,
cuda_devicetransfer_standard,362.204200,0.036220,0.379000,0.033400,0.331700,0.001432,
cuda_devicetransfer_pinned,208.745900,0.020875,0.102300,0.018600,0.075900,0.000553,
cuda_devicetransferkernel_standard,356.498400,0.035650,0.311800,0.032800,0.264300,0.001395,
cuda_devicetransferkernel_pinned,399.303000,0.039930,0.290500,0.033200,0.246300,0.002570,
cuda_simplebufferprocessing_standard,1210.568000,0.121057,0.435700,0.116000,0.361400,0.002643,
cuda_simplebufferprocessing_pinned,870.512100,0.087051,0.472600,0.081200,0.266000,0.001919,
cuda_complexbufferprocessing_standard,1220.379600,0.122038,0.522400,0.116400,0.401400,0.003562,
cuda_complexbufferprocessing_unified,852.455600,0.085246,0.415600,0.080800,0.242900,0.002738,
cuda_simplebuffersynthesis_standard,835.535900,0.083554,0.480500,0.077400,0.307100,0.004240,
cuda_simplebuffersynthesis_pinned,633.271500,0.063327,0.406600,0.057700,0.249000,0.001446,
cuda_complexbuffersynthesis_standard,50976.664800,5.097666,11.119100,4.983700,9.508900,0.059448,
cuda_complexbuffersynthesis_pinned,50852.578900,5.085258,12.079700,5.007900,12.079700,0.055279,
cuda_interruptedbufferprocessing_standard,2440.847100,0.122958,0.600900,0.117000,0.435300,0.002663,
cuda_interruptedbufferprocessing_standard,1691.643600,0.085217,0.383100,0.080800,0.231100,0.001746,
