Test_Name,Total_Time,Average_Time,Max_Time,Min_Time,Max_Difference,Average_Difference,
cuda_nullkernel,347.850200,0.034785,0.370100,0.030700,0.281000,0.001725,
cuda_cputogpu_standard,407.613300,0.040761,0.290000,0.038600,0.248500,0.000998,
cuda_cputogpu_pinned,210.483600,0.021048,0.083800,0.019200,0.083800,0.000555,
cuda_gputocpu_standard,474.348500,0.047435,0.253800,0.044100,0.136500,0.001465,
cuda_gputocpu_pinned,215.981500,0.021598,0.077900,0.020100,0.074900,0.000386,
cuda_cputogputocpu_standard,864.832000,0.086483,0.503000,0.082300,0.288800,0.001952,
cuda_cputogputocpu_pinnedmemory,424.592300,0.042459,0.154500,0.039000,0.146700,0.000601,
cuda_devicetransfer_standard,364.843400,0.036484,0.358400,0.033500,0.267500,0.001406,
cuda_devicetransfer_pinned,214.900500,0.021490,0.075100,0.019600,0.074700,0.000340,
cuda_devicetransferkernel_standard,360.705700,0.036071,0.313700,0.033000,0.269300,0.001362,
cuda_devicetransferkernel_pinned,398.090600,0.039809,0.355500,0.033200,0.266300,0.001693,
cuda_simplebufferprocessing_standard,1216.110500,0.121611,0.600300,0.116500,0.600300,0.002677,
cuda_simplebufferprocessing_pinned,844.340600,0.084434,0.442300,0.080800,0.240900,0.001889,
cuda_complexbufferprocessing_standard,1280.392200,0.128039,0.610200,0.116800,0.406600,0.003906,
cuda_complexbufferprocessing_unified,905.152200,0.090515,0.336400,0.081200,0.242300,0.001940,
cuda_simplebuffersynthesis_standard,864.345900,0.086435,0.358600,0.078600,0.265000,0.001304,
cuda_simplebuffersynthesis_pinned,634.075600,0.063408,0.348100,0.058900,0.248900,0.001487,
cuda_complexbuffersynthesis_standard,99749.023800,9.974902,16.763000,9.632400,16.763000,0.122983,
cuda_complexbuffersynthesis_pinned,100109.840400,10.010984,23.618900,9.742800,23.618900,0.123723,
cuda_interruptedbufferprocessing_standard,2419.317400,0.121874,0.585000,0.109900,0.585000,0.003792,
cuda_interruptedbufferprocessing_standard,1668.264400,0.084039,0.449800,0.080900,0.364300,0.001524,
