Test_Name,Total_Time,Average_Time,Max_Time,Min_Time,Max_Difference,Average_Difference,
cuda_nullkernel,362.184700,0.036218,0.317300,0.032600,0.279400,0.001015,
cuda_cputogpu_standard,396.955300,0.039696,0.325800,0.036400,0.247300,0.001331,
cuda_cputogpu_pinned,213.275500,0.021328,0.099400,0.019400,0.074500,0.000346,
cuda_gputocpu_standard,474.337700,0.047434,0.238100,0.044000,0.139500,0.001577,
cuda_gputocpu_pinned,213.616700,0.021362,0.094700,0.019600,0.075700,0.000342,
cuda_cputogputocpu_standard,862.290900,0.086229,0.417700,0.081900,0.306700,0.002113,
cuda_cputogputocpu_pinnedmemory,448.408700,0.044841,0.252000,0.039100,0.149200,0.000610,
cuda_devicetransfer_standard,362.735700,0.036274,0.351000,0.033200,0.302000,0.001444,
cuda_devicetransfer_pinned,213.185300,0.021319,0.076200,0.019600,0.073600,0.000315,
cuda_devicetransferkernel_standard,351.111100,0.035111,0.308300,0.030700,0.254000,0.001742,
cuda_devicetransferkernel_pinned,392.626500,0.039263,0.310300,0.032100,0.266200,0.002036,
cuda_simplebufferprocessing_standard,1188.258000,0.118826,0.527000,0.108400,0.371200,0.004477,
cuda_simplebufferprocessing_pinned,831.591600,0.083159,0.293300,0.080400,0.241100,0.001514,
cuda_complexbufferprocessing_standard,1190.739200,0.119074,0.473600,0.108600,0.339800,0.004482,
cuda_complexbufferprocessing_unified,838.846800,0.083885,0.353100,0.080800,0.237100,0.001669,
cuda_simplebuffersynthesis_standard,816.600500,0.081660,0.356300,0.072900,0.250200,0.003383,
cuda_simplebuffersynthesis_pinned,641.463200,0.064146,0.322400,0.056200,0.189000,0.001380,
cuda_complexbuffersynthesis_standard,960.583400,0.096058,0.462900,0.090200,0.364100,0.002487,
cuda_complexbuffersynthesis_pinned,959.110000,0.095911,0.506200,0.091500,0.391000,0.002188,
cuda_interruptedbufferprocessing_standard,2383.376400,0.120063,0.655600,0.108700,0.399800,0.004940,
cuda_interruptedbufferprocessing_standard,1659.774100,0.083612,0.332600,0.080000,0.250300,0.001710,
