Test_Name,Total_Time,Average_Time,Max_Time,Min_Time,Max_Difference,Average_Difference,
cuda_nullkernel,8.125100,0.081251,0.294400,0.053400,0.294400,0.010147,
cuda_cputogpu_standard,10.413000,0.104130,0.182500,0.088700,0.114300,0.007479,
cuda_cputogpu_pinned,3.920800,0.039208,0.042500,0.038500,0.042200,0.000831,
cuda_gputocpu_standard,10.256200,0.102562,0.296300,0.061900,0.141500,0.013220,
cuda_gputocpu_pinned,2.302000,0.023020,0.026300,0.021500,0.026300,0.000595,
cuda_cputogputocpu_standard,19.416600,0.194166,0.497000,0.118300,0.254500,0.011057,
cuda_cputogputocpu_pinnedmemory,9.019700,0.090197,0.234800,0.070400,0.163700,0.004462,
cuda_devicetransfer_standard,8.073200,0.080732,0.314100,0.057500,0.237100,0.017310,
cuda_devicetransfer_pinned,3.381400,0.033814,0.039600,0.033000,0.036500,0.000853,
cuda_devicetransferkernel_standard,5.631300,0.056313,0.089600,0.050700,0.089600,0.003205,
cuda_devicetransferkernel_pinned,6.259800,0.062598,0.219400,0.043600,0.168500,0.009998,
cuda_simplebufferprocessing_standard,29.185100,0.291851,0.686600,0.169100,0.359000,0.027095,
cuda_simplebufferprocessing_pinned,23.696100,0.236961,0.497400,0.191800,0.305600,0.023162,
cuda_complexbufferprocessing_standard,35.407900,0.354079,0.710300,0.216300,0.377900,0.031243,
cuda_complexbufferprocessing_unified,17.284700,0.172847,0.380800,0.134300,0.290700,0.019575,
cuda_simplebuffersynthesis_standard,24.989000,0.249890,0.414500,0.218100,0.296500,0.018301,
cuda_simplebuffersynthesis_pinned,19.509500,0.195095,0.499600,0.183500,0.310100,0.015900,
cuda_complexbuffersynthesis_standard,2052.936800,20.529368,45.449600,19.940800,45.449600,0.846330,
cuda_complexbuffersynthesis_pinned,2030.477900,20.304779,31.858200,19.903100,31.858200,0.604054,
cuda_interruptedbufferprocessing_standard,38.079700,0.177943,0.410800,0.136700,0.350300,0.012392,
cuda_interruptedbufferprocessing_standard,28.835800,0.134747,0.400500,0.089200,0.266100,0.008658,
