Test_Name,Total_Time,Average_Time,Max_Time,Min_Time,Max_Difference,Average_Difference,
cuda_nullkernel,8.531300,0.085313,0.290500,0.055500,0.290500,0.011486,
cuda_cputogpu_standard,11.847300,0.118473,0.412500,0.088800,0.295200,0.016531,
cuda_cputogpu_pinned,4.731400,0.047314,0.054400,0.044700,0.051500,0.001203,
cuda_gputocpu_standard,14.306900,0.143069,0.343200,0.132600,0.184500,0.012656,
cuda_gputocpu_pinned,6.574900,0.065749,0.177700,0.059400,0.115900,0.003617,
cuda_cputogputocpu_standard,24.005100,0.240051,0.519800,0.181300,0.212100,0.017785,
cuda_cputogputocpu_pinnedmemory,14.677600,0.146776,0.234800,0.141700,0.148900,0.005858,
cuda_devicetransfer_standard,10.492900,0.104929,0.321300,0.094500,0.222100,0.012240,
cuda_devicetransfer_pinned,7.302500,0.073025,0.126700,0.068600,0.077700,0.002591,
cuda_devicetransferkernel_standard,9.493900,0.094939,0.271500,0.083500,0.169500,0.009201,
cuda_devicetransferkernel_pinned,10.900700,0.109007,0.389000,0.092300,0.275200,0.020717,
cuda_simplebufferprocessing_standard,34.448000,0.344480,0.634200,0.262700,0.344800,0.021427,
cuda_simplebufferprocessing_pinned,20.536200,0.205362,0.538600,0.174600,0.469200,0.022676,
cuda_complexbufferprocessing_standard,33.538000,0.335380,0.682200,0.216400,0.360200,0.026148,
cuda_complexbufferprocessing_unified,19.262500,0.192625,0.334000,0.150500,0.273600,0.017214,
cuda_simplebuffersynthesis_standard,24.599700,0.245997,0.462300,0.215300,0.276300,0.023181,
cuda_simplebuffersynthesis_pinned,18.032200,0.180322,0.379300,0.164100,0.202600,0.018505,
cuda_complexbuffersynthesis_standard,63.063400,0.630634,1.432500,0.398600,0.982500,0.047941,
cuda_complexbuffersynthesis_pinned,53.009700,0.530097,1.118600,0.355100,1.118600,0.045097,
cuda_interruptedbufferprocessing_standard,43.614300,0.203805,0.462900,0.147900,0.347700,0.014596,
cuda_interruptedbufferprocessing_standard,28.928000,0.135178,0.392900,0.105400,0.200900,0.009464,
