Test_Name,Total_Time,Average_Time,Max_Time,Min_Time,Max_Difference,Average_Difference,
cuda_nullkernel,8.386600,0.083866,0.335900,0.056700,0.264300,0.012441,
cuda_cputogpu_standard,16.264300,0.162643,0.347000,0.137500,0.205400,0.012963,
cuda_cputogpu_pinned,7.600200,0.076002,0.145900,0.064300,0.081400,0.003240,
cuda_gputocpu_standard,16.066700,0.160667,0.269600,0.122900,0.145700,0.007545,
cuda_gputocpu_pinned,6.464500,0.064645,0.194500,0.056800,0.135300,0.003676,
cuda_cputogputocpu_standard,33.232600,0.332326,0.661000,0.225700,0.290100,0.021985,
cuda_cputogputocpu_pinnedmemory,17.131300,0.171313,0.268000,0.136700,0.216500,0.006477,
cuda_devicetransfer_standard,10.776800,0.107768,0.360100,0.089700,0.268100,0.020989,
cuda_devicetransfer_pinned,6.641700,0.066417,0.163400,0.054500,0.106000,0.003505,
cuda_devicetransferkernel_standard,7.889400,0.078894,0.376200,0.054800,0.319500,0.020153,
cuda_devicetransferkernel_pinned,8.335300,0.083353,0.164000,0.068200,0.099400,0.006059,
cuda_simplebufferprocessing_standard,37.215600,0.372156,0.671100,0.229600,0.290300,0.028041,
cuda_simplebufferprocessing_pinned,22.631200,0.226312,0.476900,0.176600,0.342900,0.019377,
cuda_complexbufferprocessing_standard,37.779600,0.377796,0.638500,0.264000,0.487200,0.025504,
cuda_complexbufferprocessing_unified,24.085000,0.240850,0.455800,0.191300,0.346200,0.016568,
cuda_simplebuffersynthesis_standard,27.530000,0.275300,0.517900,0.230500,0.356500,0.015728,
cuda_simplebuffersynthesis_pinned,23.772100,0.237721,0.415200,0.184900,0.250400,0.012555,
cuda_complexbuffersynthesis_standard,128789.369100,1287.893691,1338.381600,1264.900400,1330.403600,19.692878,
cuda_complexbuffersynthesis_pinned,129050.024500,1290.500245,1339.966700,1256.050300,1297.889600,23.489361,
cuda_interruptedbufferprocessing_standard,64.398700,0.300929,0.811600,0.202000,0.429800,0.020622,
cuda_interruptedbufferprocessing_standard,30.836800,0.144097,0.383700,0.119700,0.257800,0.011302,
