Test_Name,Total_Time,Average_Time,Max_Time,Min_Time,Max_Difference,Average_Difference,
cuda_nullkernel,8.649700,0.086497,0.293400,0.062100,0.293400,0.012704,
cuda_cputogpu_standard,12.298800,0.122988,0.333000,0.110400,0.220100,0.016162,
cuda_cputogpu_pinned,5.717800,0.057178,0.169200,0.052000,0.114100,0.003186,
cuda_gputocpu_standard,11.006100,0.110061,0.203100,0.084300,0.091200,0.006024,
cuda_gputocpu_pinned,3.111500,0.031115,0.042600,0.027200,0.033300,0.001532,
cuda_cputogputocpu_standard,20.983100,0.209831,0.431200,0.129000,0.218600,0.013269,
cuda_cputogputocpu_pinnedmemory,9.382500,0.093825,0.242600,0.069800,0.167300,0.004851,
cuda_devicetransfer_standard,8.934600,0.089346,0.314200,0.062400,0.247900,0.019529,
cuda_devicetransfer_pinned,3.487300,0.034873,0.045500,0.031400,0.042900,0.001138,
cuda_devicetransferkernel_standard,8.414300,0.084143,0.399200,0.053900,0.341200,0.024679,
cuda_devicetransferkernel_pinned,6.732400,0.067324,0.409300,0.050900,0.287900,0.012519,
cuda_simplebufferprocessing_standard,30.143000,0.301430,0.672900,0.172200,0.327400,0.029255,
cuda_simplebufferprocessing_pinned,20.427200,0.204272,0.442200,0.152800,0.260000,0.015990,
cuda_complexbufferprocessing_standard,32.671200,0.326712,0.556500,0.282400,0.346500,0.022764,
cuda_complexbufferprocessing_unified,18.529300,0.185293,0.388900,0.137600,0.261400,0.021052,
cuda_simplebuffersynthesis_standard,24.144800,0.241448,0.505800,0.215500,0.276100,0.017051,
cuda_simplebuffersynthesis_pinned,17.539700,0.175397,0.315300,0.164300,0.200300,0.013161,
cuda_complexbuffersynthesis_standard,27.461200,0.274612,0.571700,0.240200,0.431100,0.020733,
cuda_complexbuffersynthesis_pinned,28.419000,0.284190,0.530400,0.203200,0.364700,0.026512,
cuda_interruptedbufferprocessing_standard,55.158300,0.257749,0.694200,0.138200,0.383000,0.023556,
cuda_interruptedbufferprocessing_standard,27.386100,0.127972,0.410800,0.090200,0.295800,0.009380,
