Test_Name,Total_Time,Average_Time,Max_Time,Min_Time,Max_Difference,Average_Difference,
cuda_nullkernel,7.913900,0.079139,0.324100,0.056200,0.324100,0.008460,
cuda_cputogpu_standard,10.245600,0.102456,0.176600,0.088100,0.112600,0.006423,
cuda_cputogpu_pinned,4.648600,0.046486,0.062900,0.044000,0.049800,0.001266,
cuda_gputocpu_standard,10.432200,0.104322,0.221100,0.075700,0.144300,0.011573,
cuda_gputocpu_pinned,2.699500,0.026995,0.039900,0.025500,0.029800,0.000904,
cuda_cputogputocpu_standard,20.625300,0.206253,0.382700,0.119900,0.248500,0.019090,
cuda_cputogputocpu_pinnedmemory,9.461700,0.094617,0.188500,0.068400,0.109300,0.003184,
cuda_devicetransfer_standard,8.040100,0.080401,0.205400,0.068500,0.136800,0.005993,
cuda_devicetransfer_pinned,3.422000,0.034220,0.046900,0.032800,0.038700,0.001182,
cuda_devicetransferkernel_standard,6.084500,0.060845,0.139100,0.053700,0.079400,0.004192,
cuda_devicetransferkernel_pinned,6.387000,0.063870,0.212600,0.048700,0.157400,0.008833,
cuda_simplebufferprocessing_standard,29.351700,0.293517,0.503700,0.169400,0.328300,0.024363,
cuda_simplebufferprocessing_pinned,22.242300,0.222423,0.430000,0.176900,0.245100,0.016229,
cuda_complexbufferprocessing_standard,33.704300,0.337043,0.635900,0.214900,0.355600,0.023719,
cuda_complexbufferprocessing_unified,25.334600,0.253346,0.528600,0.222300,0.273300,0.019835,
cuda_simplebuffersynthesis_standard,24.327600,0.243276,0.504200,0.227500,0.294300,0.021840,
cuda_simplebuffersynthesis_pinned,17.767000,0.177670,0.337400,0.165700,0.203200,0.014671,
cuda_complexbuffersynthesis_standard,42.731200,0.427312,0.827000,0.252600,0.526100,0.031634,
cuda_complexbuffersynthesis_pinned,35.712900,0.357129,0.786900,0.239600,0.542200,0.034201,
cuda_interruptedbufferprocessing_standard,54.164000,0.253103,0.541900,0.147800,0.357600,0.019807,
cuda_interruptedbufferprocessing_standard,29.005400,0.135539,0.403700,0.097700,0.282400,0.011811,
