Test_Name,Total_Time,Average_Time,Max_Time,Min_Time,Max_Difference,Average_Difference,
cuda_nullkernel,5.058300,0.050583,0.074600,0.045700,0.054100,0.005498,
cuda_cputogpu_standard,9.590400,0.095904,0.365400,0.061300,0.256800,0.024798,
cuda_cputogpu_pinned,5.644500,0.056445,0.063000,0.053900,0.059200,0.001337,
cuda_gputocpu_standard,9.554100,0.095541,0.189000,0.067900,0.111800,0.006087,
cuda_gputocpu_pinned,2.532400,0.025324,0.027800,0.023500,0.027800,0.000591,
cuda_cputogputocpu_standard,20.677200,0.206772,0.512800,0.117200,0.286300,0.017391,
cuda_cputogputocpu_pinnedmemory,9.610700,0.096107,0.251500,0.074800,0.172500,0.005019,
cuda_devicetransfer_standard,8.025900,0.080259,0.279400,0.065200,0.206900,0.009970,
cuda_devicetransfer_pinned,3.010400,0.030104,0.037800,0.027300,0.031200,0.001053,
cuda_devicetransferkernel_standard,6.353800,0.063538,0.206000,0.048300,0.150100,0.005717,
cuda_devicetransferkernel_pinned,5.695800,0.056958,0.084100,0.049500,0.076400,0.005433,
cuda_simplebufferprocessing_standard,30.166800,0.301668,0.556100,0.168700,0.328900,0.030385,
cuda_simplebufferprocessing_pinned,23.854700,0.238547,0.475100,0.213900,0.246700,0.016858,
cuda_complexbufferprocessing_standard,34.793300,0.347933,0.759200,0.292500,0.358000,0.022049,
cuda_complexbufferprocessing_unified,25.143000,0.251430,0.426200,0.233600,0.354300,0.019115,
cuda_simplebuffersynthesis_standard,23.637100,0.236371,0.494300,0.206100,0.279300,0.022235,
cuda_simplebuffersynthesis_pinned,17.477500,0.174775,0.360500,0.162900,0.203800,0.013383,
cuda_complexbuffersynthesis_standard,16.805700,0.168057,0.352500,0.143400,0.272600,0.017140,
cuda_complexbuffersynthesis_pinned,14.858900,0.148589,0.372100,0.107900,0.248900,0.022573,
cuda_interruptedbufferprocessing_standard,52.774800,0.246611,0.690800,0.161000,0.346700,0.014832,
cuda_interruptedbufferprocessing_standard,28.975200,0.135398,0.504200,0.091600,0.272200,0.009622,
