Test_Name,Total_Time,Average_Time,Max_Time,Min_Time,Max_Difference,Average_Difference,
cuda_nullkernel,9.322700,0.093227,0.287800,0.063900,0.287800,0.019298,
cuda_cputogpu_standard,10.146500,0.101465,0.400300,0.091000,0.306700,0.017162,
cuda_cputogpu_pinned,6.530100,0.065301,0.160800,0.053100,0.107200,0.003853,
cuda_gputocpu_standard,12.175600,0.121756,0.307700,0.090900,0.204600,0.013585,
cuda_gputocpu_pinned,3.393400,0.033934,0.040800,0.030900,0.035400,0.001124,
cuda_cputogputocpu_standard,20.502700,0.205027,0.495400,0.127900,0.233200,0.015099,
cuda_cputogputocpu_pinnedmemory,8.051900,0.080519,0.249700,0.063900,0.182300,0.004589,
cuda_devicetransfer_standard,7.282500,0.072825,0.242400,0.055600,0.186800,0.010087,
cuda_devicetransfer_pinned,2.634300,0.026343,0.037600,0.023600,0.029500,0.001153,
cuda_devicetransferkernel_standard,6.148600,0.061486,0.262400,0.051600,0.210800,0.008821,
cuda_devicetransferkernel_pinned,5.951800,0.059518,0.164800,0.049600,0.109600,0.006356,
cuda_simplebufferprocessing_standard,28.577500,0.285775,0.592800,0.166500,0.287300,0.026309,
cuda_simplebufferprocessing_pinned,22.843800,0.228438,0.447700,0.177900,0.246500,0.010975,
cuda_complexbufferprocessing_standard,34.308200,0.343082,0.524400,0.216500,0.444900,0.023255,
cuda_complexbufferprocessing_unified,19.792300,0.197923,0.353700,0.171900,0.281000,0.009309,
cuda_simplebuffersynthesis_standard,26.333100,0.263331,0.530200,0.212700,0.304900,0.027523,
cuda_simplebuffersynthesis_pinned,19.904800,0.199048,0.357600,0.188400,0.205600,0.012287,
cuda_complexbuffersynthesis_standard,16316.989400,163.169894,202.952300,160.490900,202.952300,3.922952,
cuda_complexbuffersynthesis_pinned,16246.395500,162.463955,181.065800,160.841700,177.423300,2.900670,
cuda_interruptedbufferprocessing_standard,37.348000,0.174523,0.531100,0.132700,0.381000,0.014859,
cuda_interruptedbufferprocessing_standard,30.906900,0.144425,0.356300,0.092500,0.209200,0.008751,
