Test_Name,Total_Time,Average_Time,Max_Time,Min_Time,Max_Difference,Average_Difference,
cuda_nullkernel,8.019400,0.080194,0.285800,0.055900,0.285800,0.010084,
cuda_cputogpu_standard,10.976300,0.109763,0.296000,0.089200,0.205700,0.013008,
cuda_cputogpu_pinned,4.654400,0.046544,0.062000,0.045400,0.049300,0.001418,
cuda_gputocpu_standard,10.120800,0.101208,0.320800,0.074700,0.189900,0.010476,
cuda_gputocpu_pinned,2.563100,0.025631,0.044000,0.023800,0.028200,0.001356,
cuda_cputogputocpu_standard,20.700000,0.207000,0.425700,0.119300,0.266400,0.024322,
cuda_cputogputocpu_pinnedmemory,9.208900,0.092089,0.248300,0.057100,0.177300,0.004718,
cuda_devicetransfer_standard,8.260000,0.082600,0.332800,0.062700,0.243700,0.017039,
cuda_devicetransfer_pinned,3.133200,0.031332,0.033900,0.029100,0.033900,0.000661,
cuda_devicetransferkernel_standard,5.481200,0.054812,0.080600,0.049600,0.080600,0.005990,
cuda_devicetransferkernel_pinned,7.205500,0.072055,0.381600,0.042700,0.328900,0.021001,
cuda_simplebufferprocessing_standard,29.541600,0.295416,0.591600,0.168300,0.231200,0.018236,
cuda_simplebufferprocessing_pinned,22.679100,0.226791,0.445300,0.181500,0.261200,0.020771,
cuda_complexbufferprocessing_standard,33.562600,0.335626,0.563400,0.210900,0.353400,0.024457,
cuda_complexbufferprocessing_unified,18.284000,0.182840,0.337700,0.130000,0.275000,0.016978,
cuda_simplebuffersynthesis_standard,23.899200,0.238992,0.395500,0.216400,0.279100,0.015608,
cuda_simplebuffersynthesis_pinned,19.367200,0.193672,0.382600,0.165700,0.225100,0.016864,
cuda_complexbuffersynthesis_standard,1034.984300,10.349843,27.982800,9.745100,27.982800,0.614570,
cuda_complexbuffersynthesis_pinned,1024.046500,10.240465,21.533300,9.709900,16.016100,0.555375,
cuda_interruptedbufferprocessing_standard,54.699200,0.255604,0.631800,0.156100,0.364200,0.015629,
cuda_interruptedbufferprocessing_standard,27.849500,0.130138,0.400100,0.099000,0.288000,0.009361,
