Test_Name,Total_Time,Average_Time,Max_Time,Min_Time,Max_Difference,Average_Difference,
cuda_nullkernel,9.903300,0.099033,0.314100,0.087800,0.255800,0.014836,
cuda_cputogpu_standard,12.629300,0.126293,0.347100,0.101500,0.241100,0.026567,
cuda_cputogpu_pinned,6.164400,0.061644,0.172800,0.050100,0.122400,0.003721,
cuda_gputocpu_standard,10.835400,0.108354,0.233400,0.080600,0.147000,0.010321,
cuda_gputocpu_pinned,2.668300,0.026683,0.029600,0.024400,0.029600,0.000628,
cuda_cputogputocpu_standard,20.280800,0.202808,0.607200,0.122500,0.469900,0.013731,
cuda_cputogputocpu_pinnedmemory,9.429500,0.094295,0.179200,0.071600,0.094100,0.002935,
cuda_devicetransfer_standard,8.210700,0.082107,0.197200,0.061800,0.133900,0.006552,
cuda_devicetransfer_pinned,3.452600,0.034526,0.043000,0.031700,0.037400,0.001191,
cuda_devicetransferkernel_standard,9.458200,0.094582,0.215000,0.090400,0.123600,0.004895,
cuda_devicetransferkernel_pinned,7.831900,0.078319,0.174300,0.063400,0.108000,0.006835,
cuda_simplebufferprocessing_standard,32.970600,0.329706,0.676300,0.206600,0.335200,0.029335,
cuda_simplebufferprocessing_pinned,22.350200,0.223502,0.410600,0.195100,0.289300,0.013476,
cuda_complexbufferprocessing_standard,33.831200,0.338312,0.710500,0.216500,0.351600,0.027908,
cuda_complexbufferprocessing_unified,20.789200,0.207892,0.550300,0.171800,0.279300,0.020901,
cuda_simplebuffersynthesis_standard,23.748700,0.237487,0.527800,0.195700,0.527800,0.024069,
cuda_simplebuffersynthesis_pinned,17.755500,0.177555,0.352400,0.164100,0.200700,0.015764,
cuda_complexbuffersynthesis_standard,97.964200,0.979642,2.280600,0.687300,1.893300,0.064033,
cuda_complexbuffersynthesis_pinned,94.805500,0.948055,1.989300,0.671300,1.692700,0.057118,
cuda_interruptedbufferprocessing_standard,54.353200,0.253987,0.765100,0.158100,0.432900,0.018329,
cuda_interruptedbufferprocessing_standard,26.877800,0.125597,0.324500,0.090800,0.230700,0.011132,
