Test_Name,Total_Time,Average_Time,Max_Time,Min_Time,Max_Difference,Average_Difference,
cuda_nullkernel,8.506000,0.085060,0.302600,0.063900,0.287800,0.010784,
cuda_cputogpu_standard,18.342900,0.183429,0.331000,0.164000,0.193500,0.010212,
cuda_cputogpu_pinned,9.938300,0.099383,0.156300,0.082100,0.096700,0.003817,
cuda_gputocpu_standard,20.135500,0.201355,0.351700,0.155400,0.217800,0.013141,
cuda_gputocpu_pinned,12.505700,0.125057,0.240400,0.119500,0.133300,0.005756,
cuda_cputogputocpu_standard,43.149500,0.431495,0.704300,0.308600,0.510000,0.025874,
cuda_cputogputocpu_pinnedmemory,22.747600,0.227476,0.343600,0.191500,0.287400,0.009302,
cuda_devicetransfer_standard,9.822500,0.098225,0.197600,0.083600,0.131200,0.008311,
cuda_devicetransfer_pinned,9.960900,0.099609,0.255700,0.082300,0.172400,0.005365,
cuda_devicetransferkernel_standard,6.942400,0.069424,0.157900,0.060000,0.096400,0.005334,
cuda_devicetransferkernel_pinned,12.707100,0.127071,0.237100,0.113000,0.160300,0.007088,
cuda_simplebufferprocessing_standard,42.292400,0.422924,0.707700,0.303400,0.363200,0.024208,
cuda_simplebufferprocessing_pinned,24.914100,0.249141,0.576000,0.190000,0.392700,0.021400,
cuda_complexbufferprocessing_standard,37.819000,0.378190,0.591100,0.286200,0.534200,0.022300,
cuda_complexbufferprocessing_unified,25.621400,0.256214,0.502900,0.217300,0.383400,0.014203,
cuda_simplebuffersynthesis_standard,25.590500,0.255905,0.675900,0.197600,0.352100,0.023503,
cuda_simplebuffersynthesis_pinned,21.458100,0.214581,0.444400,0.172200,0.292100,0.018613,
cuda_complexbuffersynthesis_standard,257126.286500,2571.262865,2646.317800,2521.332600,2646.317800,42.229602,
cuda_complexbuffersynthesis_pinned,257197.979200,2571.979792,2627.240100,2523.714500,2587.794600,42.330750,
cuda_interruptedbufferprocessing_standard,57.762800,0.269920,0.653800,0.229700,0.532100,0.015409,
cuda_interruptedbufferprocessing_standard,40.285200,0.188249,0.536300,0.156100,0.304600,0.012497,
