Test_Name,Total_Time,Average_Time,Max_Time,Min_Time,Max_Difference,Average_Difference,
cuda_nullkernel,8.007700,0.080077,0.284600,0.053500,0.284600,0.010268,
cuda_cputogpu_standard,10.255200,0.102552,0.367100,0.070300,0.276800,0.020030,
cuda_cputogpu_pinned,2.984300,0.029843,0.032000,0.027900,0.032000,0.000634,
cuda_gputocpu_standard,8.737000,0.087370,0.239300,0.060600,0.145800,0.013199,
cuda_gputocpu_pinned,2.266900,0.022669,0.025200,0.020900,0.025200,0.000484,
cuda_cputogputocpu_standard,19.525600,0.195256,0.500400,0.115700,0.260200,0.015482,
cuda_cputogputocpu_pinnedmemory,10.721200,0.107212,0.165700,0.085200,0.088800,0.003374,
cuda_devicetransfer_standard,10.322800,0.103228,0.364300,0.091700,0.267300,0.017214,
cuda_devicetransfer_pinned,5.326700,0.053267,0.104200,0.050700,0.079500,0.003020,
cuda_devicetransferkernel_standard,10.332100,0.103321,0.365700,0.091000,0.246900,0.017228,
cuda_devicetransferkernel_pinned,9.358600,0.093586,0.321400,0.072100,0.249300,0.013725,
cuda_simplebufferprocessing_standard,32.703700,0.327037,0.611900,0.229700,0.265300,0.026112,
cuda_simplebufferprocessing_pinned,25.080200,0.250802,0.474600,0.208200,0.272600,0.021852,
cuda_complexbufferprocessing_standard,34.286100,0.342861,0.595300,0.289400,0.354500,0.027420,
cuda_complexbufferprocessing_unified,18.654700,0.186547,0.369300,0.137500,0.272400,0.018795,
cuda_simplebuffersynthesis_standard,23.794200,0.237942,0.463900,0.211400,0.296800,0.018966,
cuda_simplebuffersynthesis_pinned,17.656100,0.176561,0.365900,0.164400,0.203400,0.015495,
cuda_complexbuffersynthesis_standard,163.541400,1.635414,4.088100,1.273600,4.088100,0.093086,
cuda_complexbuffersynthesis_pinned,143.691300,1.436913,2.926200,1.249800,2.926200,0.085566,
cuda_interruptedbufferprocessing_standard,38.971300,0.182109,0.632900,0.139800,0.585100,0.017650,
cuda_interruptedbufferprocessing_standard,27.965900,0.130682,0.424900,0.090400,0.304900,0.007642,
