Test_Name,Total_Time,Average_Time,Max_Time,Min_Time,Max_Difference,Average_Difference,
cuda_nullkernel,8.397800,0.083978,0.250500,0.063700,0.250500,0.007548,
cuda_cputogpu_standard,10.743400,0.107434,0.348300,0.095600,0.250500,0.019441,
cuda_cputogpu_pinned,6.681200,0.066812,0.152600,0.062500,0.089100,0.003265,
cuda_gputocpu_standard,12.708500,0.127085,0.361800,0.078700,0.202000,0.011115,
cuda_gputocpu_pinned,3.101500,0.031015,0.040400,0.027600,0.035000,0.000988,
cuda_cputogputocpu_standard,20.658400,0.206584,0.514200,0.130400,0.257400,0.023144,
cuda_cputogputocpu_pinnedmemory,11.614900,0.116149,0.280100,0.080300,0.192400,0.006229,
cuda_devicetransfer_standard,9.420900,0.094209,0.285300,0.073800,0.193200,0.015372,
cuda_devicetransfer_pinned,3.749900,0.037499,0.039800,0.036900,0.039600,0.000793,
cuda_devicetransferkernel_standard,6.539500,0.065395,0.180200,0.052500,0.094300,0.009358,
cuda_devicetransferkernel_pinned,6.924800,0.069248,0.152700,0.054400,0.098100,0.008098,
cuda_simplebufferprocessing_standard,30.944500,0.309445,0.543600,0.175700,0.348500,0.028528,
cuda_simplebufferprocessing_pinned,25.629600,0.256296,0.498500,0.206900,0.234800,0.019474,
cuda_complexbufferprocessing_standard,36.071200,0.360712,0.707400,0.225400,0.390700,0.025498,
cuda_complexbufferprocessing_unified,20.881600,0.208816,0.522600,0.168400,0.522600,0.023213,
cuda_simplebuffersynthesis_standard,25.054100,0.250541,0.542800,0.226000,0.313900,0.016834,
cuda_simplebuffersynthesis_pinned,20.332800,0.203328,0.385700,0.192300,0.211400,0.014183,
cuda_complexbuffersynthesis_standard,32156.205400,321.562054,368.342200,315.459200,368.342200,8.024657,
cuda_complexbuffersynthesis_pinned,32116.552800,321.165528,337.878000,315.382700,333.545900,6.799282,
cuda_interruptedbufferprocessing_standard,41.644600,0.194601,0.482400,0.142100,0.328400,0.013740,
cuda_interruptedbufferprocessing_standard,20.439900,0.095514,0.366500,0.084800,0.281700,0.006897,
