Test_Name,Total_Time,Average_Time,Max_Time,Min_Time,Max_Difference,Average_Difference,
cuda_nullkernel,9.516400,0.095164,0.327600,0.057500,0.288700,0.023185,
cuda_cputogpu_standard,11.725400,0.117254,0.358700,0.093100,0.231800,0.012067,
cuda_cputogpu_pinned,5.362600,0.053626,0.156800,0.045800,0.110300,0.002860,
cuda_gputocpu_standard,11.522000,0.115220,0.279300,0.079800,0.139700,0.010352,
cuda_gputocpu_pinned,2.771200,0.027712,0.038400,0.024900,0.032600,0.001078,
cuda_cputogputocpu_standard,20.834900,0.208349,0.435000,0.124700,0.179600,0.010534,
cuda_cputogputocpu_pinnedmemory,15.089300,0.150893,0.264500,0.143000,0.152400,0.006905,
cuda_devicetransfer_standard,10.019200,0.100192,0.179300,0.095700,0.107900,0.005087,
cuda_devicetransfer_pinned,4.808300,0.048083,0.052100,0.045100,0.052100,0.001055,
cuda_devicetransferkernel_standard,7.547300,0.075473,0.333700,0.058200,0.263200,0.009818,
cuda_devicetransferkernel_pinned,7.680200,0.076802,0.416200,0.052800,0.358100,0.019870,
cuda_simplebufferprocessing_standard,30.752600,0.307526,0.788200,0.177100,0.344700,0.025385,
cuda_simplebufferprocessing_pinned,24.986600,0.249866,0.520900,0.194600,0.277300,0.015000,
cuda_complexbufferprocessing_standard,34.404500,0.344045,0.559400,0.250500,0.401100,0.022064,
cuda_complexbufferprocessing_unified,19.694200,0.196942,0.414700,0.141100,0.274700,0.015733,
cuda_simplebuffersynthesis_standard,26.360800,0.263608,0.495700,0.230500,0.301900,0.017161,
cuda_simplebuffersynthesis_pinned,19.753800,0.197538,0.418700,0.185100,0.203500,0.015191,
cuda_complexbuffersynthesis_standard,8038.309700,80.383097,116.578900,79.449100,116.578900,1.843224,
cuda_complexbuffersynthesis_pinned,8064.201300,80.642013,108.497900,79.517100,108.497900,2.131455,
cuda_interruptedbufferprocessing_standard,39.020800,0.182340,0.688300,0.136800,0.581700,0.013921,
cuda_interruptedbufferprocessing_standard,28.616500,0.133722,0.293800,0.092500,0.168300,0.005026,
