Test_Name,Total_Time,Average_Time,Max_Time,Min_Time,Max_Difference,Average_Difference,
cuda_nullkernel,8.134700,0.081347,0.344900,0.058400,0.246200,0.011868,
cuda_cputogpu_standard,10.201500,0.102015,0.181400,0.083700,0.107300,0.005331,
cuda_cputogpu_pinned,4.387800,0.043878,0.046400,0.043400,0.045900,0.000853,
cuda_gputocpu_standard,10.574200,0.105742,0.208900,0.079400,0.126000,0.007465,
cuda_gputocpu_pinned,2.761400,0.027614,0.030700,0.027200,0.030700,0.000555,
cuda_cputogputocpu_standard,20.492600,0.204926,0.532100,0.120500,0.264000,0.014810,
cuda_cputogputocpu_pinnedmemory,10.199800,0.101998,0.251400,0.079700,0.171500,0.004638,
cuda_devicetransfer_standard,9.138700,0.091387,0.257800,0.072200,0.257800,0.009994,
cuda_devicetransfer_pinned,3.778100,0.037781,0.045400,0.035400,0.040200,0.001027,
cuda_devicetransferkernel_standard,6.305100,0.063051,0.161600,0.049700,0.108500,0.007709,
cuda_devicetransferkernel_pinned,6.741900,0.067419,0.412700,0.048900,0.341500,0.017971,
cuda_simplebufferprocessing_standard,29.075200,0.290752,0.652100,0.170700,0.320400,0.015618,
cuda_simplebufferprocessing_pinned,22.882700,0.228827,0.441700,0.190400,0.228000,0.020602,
cuda_complexbufferprocessing_standard,34.834700,0.348347,0.752000,0.309900,0.373700,0.022158,
cuda_complexbufferprocessing_unified,26.304100,0.263041,0.536100,0.235000,0.280900,0.024136,
cuda_simplebuffersynthesis_standard,24.537300,0.245373,0.541200,0.211100,0.278300,0.029368,
cuda_simplebuffersynthesis_pinned,17.840600,0.178406,0.351500,0.162100,0.204800,0.016274,
cuda_complexbuffersynthesis_standard,541.563600,5.415636,14.526700,4.979000,14.526700,0.292145,
cuda_complexbuffersynthesis_pinned,525.609300,5.256093,9.469000,4.967800,9.469000,0.271477,
cuda_interruptedbufferprocessing_standard,38.941700,0.181971,0.627300,0.136300,0.340900,0.014123,
cuda_interruptedbufferprocessing_standard,28.382700,0.132629,0.338500,0.092700,0.208000,0.006989,
