Test_Name,Total_Time,Average_Time,Max_Time,Min_Time,Max_Difference,Average_Difference,
cuda_nullkernel,8.076300,0.080763,0.284800,0.056700,0.284800,0.007499,
cuda_cputogpu_standard,10.083100,0.100831,0.227800,0.087400,0.139600,0.005858,
cuda_cputogpu_pinned,4.102200,0.041022,0.059600,0.038800,0.044600,0.001181,
cuda_gputocpu_standard,10.507200,0.105072,0.299400,0.073300,0.141600,0.016282,
cuda_gputocpu_pinned,2.529600,0.025296,0.028200,0.024800,0.028200,0.000584,
cuda_cputogputocpu_standard,19.023200,0.190232,0.512500,0.111500,0.272600,0.019296,
cuda_cputogputocpu_pinnedmemory,6.987900,0.069879,0.191900,0.061400,0.128600,0.002795,
cuda_devicetransfer_standard,5.771700,0.057717,0.168000,0.055400,0.111700,0.002880,
cuda_devicetransfer_pinned,2.286200,0.022862,0.026700,0.021300,0.026700,0.000499,
cuda_devicetransferkernel_standard,5.595700,0.055957,0.203800,0.047100,0.148200,0.008590,
cuda_devicetransferkernel_pinned,6.462400,0.064624,0.376100,0.047800,0.324100,0.017797,
cuda_simplebufferprocessing_standard,28.258500,0.282585,0.581200,0.165200,0.256500,0.017461,
cuda_simplebufferprocessing_pinned,21.657600,0.216576,0.370000,0.187300,0.199500,0.009930,
cuda_complexbufferprocessing_standard,31.823600,0.318236,0.663800,0.248900,0.338300,0.024731,
cuda_complexbufferprocessing_unified,18.550600,0.185506,0.322600,0.142800,0.272400,0.015879,
cuda_simplebuffersynthesis_standard,24.059900,0.240599,0.497900,0.209500,0.327000,0.022137,
cuda_simplebuffersynthesis_pinned,18.023800,0.180238,0.488800,0.163900,0.323500,0.021417,
cuda_complexbuffersynthesis_standard,294.571900,2.945719,7.741600,2.486400,7.741600,0.230970,
cuda_complexbuffersynthesis_pinned,270.413300,2.704133,5.798900,2.486000,5.798900,0.142218,
cuda_interruptedbufferprocessing_standard,39.768400,0.185834,0.495700,0.142300,0.338000,0.015603,
cuda_interruptedbufferprocessing_standard,27.334300,0.127730,0.387300,0.088300,0.164300,0.006984,
