Test_Name,Total_Time,Average_Time,Max_Time,Min_Time,Max_Difference,Average_Difference,
cuda_nullkernel,5.440300,0.054403,0.343800,0.035600,0.277800,0.008444,
cuda_cputogpu_standard,6.765400,0.067654,0.296700,0.058000,0.296700,0.007587,
cuda_cputogpu_pinned,7.966600,0.079666,0.145100,0.072900,0.084500,0.003710,
cuda_gputocpu_standard,12.230300,0.122303,0.269500,0.083000,0.173500,0.010817,
cuda_gputocpu_pinned,4.575600,0.045756,0.061900,0.043900,0.048200,0.001253,
cuda_cputogputocpu_standard,23.983000,0.239830,0.532700,0.163600,0.267700,0.015244,
cuda_cputogputocpu_pinnedmemory,17.540400,0.175404,0.278900,0.169100,0.184200,0.007510,
cuda_devicetransfer_standard,10.540600,0.105406,0.307900,0.090700,0.200500,0.009055,
cuda_devicetransfer_pinned,8.836500,0.088365,0.218000,0.083600,0.133400,0.006629,
cuda_devicetransferkernel_standard,10.120600,0.101206,0.241100,0.082600,0.147400,0.012750,
cuda_devicetransferkernel_pinned,9.982300,0.099823,0.232500,0.076600,0.212100,0.008416,
cuda_simplebufferprocessing_standard,34.334200,0.343342,0.610400,0.247700,0.282000,0.027014,
cuda_simplebufferprocessing_pinned,15.002000,0.150020,0.446000,0.124800,0.316600,0.017930,
cuda_complexbufferprocessing_standard,20.405800,0.204058,0.600700,0.174000,0.417300,0.025851,
cuda_complexbufferprocessing_unified,17.385000,0.173850,0.356900,0.142100,0.188800,0.016488,
cuda_simplebuffersynthesis_standard,17.791400,0.177914,0.407100,0.115600,0.243700,0.016668,
cuda_simplebuffersynthesis_pinned,9.428600,0.094286,0.535100,0.084200,0.445200,0.014801,
cuda_complexbuffersynthesis_standard,65049.956800,650.499568,686.473000,634.008300,668.140100,12.527068,
cuda_complexbuffersynthesis_pinned,64796.665900,647.966659,672.519200,632.364300,667.057900,9.494688,
cuda_interruptedbufferprocessing_standard,56.194000,0.262589,0.716300,0.159500,0.333400,0.013254,
cuda_interruptedbufferprocessing_standard,30.818500,0.144012,0.543800,0.106600,0.241400,0.009955,
