Test_Name,Total_Time,Average_Time,Max_Time,Min_Time,Max_Difference,Average_Difference,
cuda_nullkernel,8.547600,0.085476,0.298800,0.064100,0.248000,0.011718,
cuda_cputogpu_standard,11.071100,0.110711,0.341800,0.091200,0.162000,0.006766,
cuda_cputogpu_pinned,4.434400,0.044344,0.060600,0.041500,0.050400,0.001193,
cuda_gputocpu_standard,10.926100,0.109261,0.248400,0.076700,0.169200,0.011694,
cuda_gputocpu_pinned,2.576800,0.025768,0.028700,0.023500,0.028700,0.000633,
cuda_cputogputocpu_standard,21.420500,0.214205,0.425800,0.119600,0.252700,0.020341,
cuda_cputogputocpu_pinnedmemory,9.448300,0.094483,0.200500,0.073900,0.123300,0.003633,
cuda_devicetransfer_standard,7.377000,0.073770,0.205700,0.063700,0.140500,0.005230,
cuda_devicetransfer_pinned,3.261200,0.032612,0.041500,0.031500,0.035100,0.001296,
cuda_devicetransferkernel_standard,5.677500,0.056775,0.124700,0.049900,0.087700,0.005801,
cuda_devicetransferkernel_pinned,6.029500,0.060295,0.151100,0.049200,0.095600,0.006456,
cuda_simplebufferprocessing_standard,30.618300,0.306183,0.648900,0.171600,0.319200,0.031708,
cuda_simplebufferprocessing_pinned,24.432900,0.244329,0.462700,0.229500,0.462700,0.018278,
cuda_complexbufferprocessing_standard,35.434400,0.354344,0.641400,0.229600,0.375400,0.021717,
cuda_complexbufferprocessing_unified,24.642900,0.246429,0.500000,0.198700,0.283400,0.016631,
cuda_simplebuffersynthesis_standard,25.929500,0.259295,0.468000,0.209000,0.302200,0.023324,
cuda_simplebuffersynthesis_pinned,19.346600,0.193466,0.376700,0.173400,0.200400,0.012312,
cuda_complexbuffersynthesis_standard,4066.120600,40.661206,73.553500,39.841900,73.553500,1.296277,
cuda_complexbuffersynthesis_pinned,4037.138800,40.371388,50.785400,39.922600,50.785400,0.829572,
cuda_interruptedbufferprocessing_standard,56.155700,0.262410,0.655600,0.156700,0.334700,0.014460,
cuda_interruptedbufferprocessing_standard,27.924100,0.130486,0.518000,0.099300,0.287100,0.008180,
