Test_Name,Total_Time,Average_Time,Max_Time,Min_Time,Max_Difference,Average_Difference,
cl_nullkernel,99.961100,0.009996,0.051600,0.008400,0.035300,0.000258,
cl_cputogpu_standard,530.666100,0.053067,0.275500,0.050900,0.212100,0.001125,
cl_cputogpu_mappedbuffer,362.662600,0.036266,0.142300,0.034100,0.142300,0.001695,
cl_gputocpu_standard,591.608300,0.059161,0.175400,0.057100,0.175400,0.001390,
cl_gputocpu_pinned,363.982800,0.036398,0.104000,0.031600,0.093200,0.002555,
cl_cputogputocpu_standard,1098.984400,0.109898,0.178300,0.053800,0.174000,0.002928,
cl_cputogputocpu_pinned,861.366700,0.086137,0.134700,0.033600,0.090700,0.001430,
cl_devicetransfer_standard,438.968100,0.043897,0.282400,0.040200,0.229400,0.003047,
cl_devicetransfer_pinned,439.687600,0.043969,0.363300,0.040500,0.270000,0.002642,
cl_devicetransferkernel_standard,376.508500,0.037651,0.274000,0.030600,0.236000,0.001425,
cl_devicetransferkernel_pinned,378.051200,0.037805,0.300400,0.030900,0.257300,0.001343,
cl_simplebufferprocessing_standard,1478.491600,0.147849,0.536600,0.139200,0.388800,0.002924,
cl_simplebufferprocessing_pinned,1297.675900,0.129768,0.568500,0.122100,0.374800,0.004907,
cl_complexbufferprocessing_standard,1479.759700,0.147976,0.605100,0.139100,0.389500,0.003023,
cl_complexbufferprocessing_pinned,1296.708400,0.129671,0.540600,0.122500,0.448800,0.004872,
cl_simplebuffersynthesis_standard,960.764900,0.096076,0.332100,0.090400,0.260300,0.001973,
cl_simplebuffersynthesis_pinned,761.549400,0.076155,0.453800,0.070100,0.258600,0.002399,
cl_complexbuffersynthesis_standard,1912.766900,0.191277,0.581000,0.178400,0.380700,0.007539,
cl_complexbuffersynthesis_pinned,299.736100,0.029974,0.314500,0.010900,0.289000,0.006975,
cl_interruptedbufferprocessing_standard,3126.304700,0.157489,0.562900,0.145000,0.405300,0.005786,
cl_interruptedbufferprocessing_pinned,2561.298400,0.129026,0.495400,0.116400,0.368200,0.006762,
