Test_Name,Total_Time,Average_Time,Max_Time,Min_Time,Max_Difference,Average_Difference,
cl_nullkernel,114.685000,0.011468,0.107300,0.008300,0.076000,0.000332,
cl_cputogpu_standard,537.841900,0.053784,0.286600,0.048200,0.233100,0.001899,
cl_cputogpu_mappedbuffer,364.824600,0.036482,0.127800,0.032400,0.119100,0.002554,
cl_gputocpu_standard,594.545500,0.059455,0.174600,0.057100,0.174400,0.001670,
cl_gputocpu_pinned,365.758600,0.036576,0.135100,0.033500,0.088300,0.001857,
cl_cputogputocpu_standard,1145.446100,0.114545,0.210000,0.057300,0.172300,0.001840,
cl_cputogputocpu_pinned,857.268600,0.085727,0.096500,0.033900,0.089200,0.001649,
cl_devicetransfer_standard,441.576200,0.044158,0.351200,0.040200,0.301500,0.002977,
cl_devicetransfer_pinned,439.745900,0.043975,0.294100,0.040400,0.239500,0.002876,
cl_devicetransferkernel_standard,380.640800,0.038064,0.290200,0.031200,0.227700,0.001592,
cl_devicetransferkernel_pinned,377.090400,0.037709,0.275900,0.031000,0.229300,0.001626,
cl_simplebufferprocessing_standard,1509.870700,0.150987,0.589000,0.139200,0.489500,0.003867,
cl_simplebufferprocessing_pinned,1318.413500,0.131841,0.477100,0.116400,0.410100,0.008025,
cl_complexbufferprocessing_standard,1472.486400,0.147249,0.562000,0.135000,0.414900,0.006034,
cl_complexbufferprocessing_pinned,1332.999600,0.133300,0.626300,0.116400,0.496500,0.008677,
cl_simplebuffersynthesis_standard,961.124800,0.096112,0.487700,0.088300,0.263200,0.002795,
cl_simplebuffersynthesis_pinned,761.188200,0.076119,0.337700,0.070200,0.219500,0.002902,
cl_complexbuffersynthesis_standard,1427.395900,0.142740,0.762600,0.133300,0.431500,0.005981,
cl_complexbuffersynthesis_pinned,104.415300,0.010442,0.203700,0.003400,0.184900,0.002719,
cl_interruptedbufferprocessing_standard,3097.722500,0.156049,0.583000,0.143200,0.413900,0.006284,
cl_interruptedbufferprocessing_pinned,2633.529300,0.132665,0.583500,0.122600,0.456700,0.008277,
