Test_Name,Total_Time,Average_Time,Max_Time,Min_Time,Max_Difference,Average_Difference,
cl_nullkernel,97.069000,0.009707,0.049800,0.008300,0.034800,0.000232,
cl_cputogpu_standard,532.366900,0.053237,0.300900,0.050500,0.235000,0.001300,
cl_cputogpu_mappedbuffer,367.853400,0.036785,0.136100,0.034100,0.136100,0.001548,
cl_gputocpu_standard,598.121300,0.059812,0.177600,0.057300,0.177600,0.001840,
cl_gputocpu_pinned,358.812900,0.035881,0.105600,0.033300,0.089500,0.001648,
cl_cputogputocpu_standard,1109.780800,0.110978,0.192300,0.054000,0.137400,0.002422,
cl_cputogputocpu_pinned,852.219400,0.085222,0.156200,0.033700,0.104500,0.001388,
cl_devicetransfer_standard,440.089800,0.044009,0.300600,0.040300,0.219200,0.003009,
cl_devicetransfer_pinned,440.423200,0.044042,0.290800,0.040400,0.237300,0.002846,
cl_devicetransferkernel_standard,379.434200,0.037943,0.289300,0.031100,0.219500,0.001688,
cl_devicetransferkernel_pinned,377.523800,0.037752,0.341600,0.030900,0.301600,0.001447,
cl_simplebufferprocessing_standard,1481.422900,0.148142,0.577200,0.138700,0.577200,0.003564,
cl_simplebufferprocessing_pinned,1315.350100,0.131535,0.703600,0.122000,0.361700,0.005709,
cl_complexbufferprocessing_standard,1514.278200,0.151428,0.631300,0.139200,0.410800,0.006723,
cl_complexbufferprocessing_pinned,1372.920800,0.137292,0.434000,0.122500,0.390600,0.010446,
cl_simplebuffersynthesis_standard,965.515500,0.096552,0.345700,0.089800,0.345700,0.002572,
cl_simplebuffersynthesis_pinned,751.155600,0.075116,0.361900,0.070200,0.245600,0.002423,
cl_complexbuffersynthesis_standard,3844.102000,0.384410,1.059500,0.333300,0.558500,0.010369,
cl_complexbuffersynthesis_pinned,1264.269300,0.126427,0.532800,0.043300,0.443100,0.021419,
cl_interruptedbufferprocessing_standard,3273.135600,0.164885,0.580800,0.143200,0.371800,0.006334,
cl_interruptedbufferprocessing_pinned,2599.294400,0.130940,0.611100,0.116000,0.419100,0.007429,
