Test_Name,Total_Time,Average_Time,Max_Time,Min_Time,Max_Difference,Average_Difference,
cl_nullkernel,99.210000,0.009921,0.053000,0.008400,0.036000,0.000282,
cl_cputogpu_standard,538.035800,0.053804,0.319100,0.049300,0.239500,0.002169,
cl_cputogpu_mappedbuffer,362.825500,0.036283,0.135400,0.033900,0.135400,0.001701,
cl_gputocpu_standard,591.996800,0.059200,0.173600,0.053900,0.173600,0.002409,
cl_gputocpu_pinned,363.101600,0.036310,0.098200,0.031800,0.091400,0.002573,
cl_cputogputocpu_standard,1100.114800,0.110011,0.184000,0.054100,0.174000,0.002971,
cl_cputogputocpu_pinned,850.236000,0.085024,0.105700,0.031800,0.090500,0.002273,
cl_devicetransfer_standard,453.031900,0.045303,0.389500,0.040300,0.271500,0.002500,
cl_devicetransfer_pinned,439.824200,0.043982,0.304000,0.040300,0.246300,0.003063,
cl_devicetransferkernel_standard,394.730700,0.039473,0.297400,0.030700,0.252500,0.001564,
cl_devicetransferkernel_pinned,391.228400,0.039123,0.285600,0.030900,0.214300,0.001291,
cl_simplebufferprocessing_standard,1447.122000,0.144712,0.594600,0.134900,0.391900,0.004814,
cl_simplebufferprocessing_pinned,1298.889300,0.129889,0.521300,0.122100,0.356000,0.005536,
cl_complexbufferprocessing_standard,1452.343800,0.145234,0.490900,0.134800,0.382700,0.004776,
cl_complexbufferprocessing_pinned,1315.605700,0.131561,0.541400,0.117100,0.366300,0.006990,
cl_simplebuffersynthesis_standard,963.431400,0.096343,0.435000,0.089300,0.254700,0.002516,
cl_simplebuffersynthesis_pinned,749.379300,0.074938,0.331000,0.070100,0.217700,0.002512,
cl_complexbuffersynthesis_standard,6766.859600,0.676686,1.171100,0.639000,0.818400,0.014530,
cl_complexbuffersynthesis_pinned,5066.044600,0.506604,1.821200,0.356500,1.706400,0.059831,
cl_interruptedbufferprocessing_standard,3879.765600,0.195444,0.555800,0.145400,0.360300,0.010057,
cl_interruptedbufferprocessing_pinned,2584.733000,0.130207,0.540100,0.116500,0.376700,0.007022,
