Test_Name,Total_Time,Average_Time,Max_Time,Min_Time,Max_Difference,Average_Difference,
cl_nullkernel,114.342600,0.011434,0.073600,0.008400,0.041800,0.000315,
cl_cputogpu_standard,532.300500,0.053230,0.307500,0.049400,0.245500,0.001225,
cl_cputogpu_mappedbuffer,361.524200,0.036152,0.136300,0.034000,0.136300,0.001721,
cl_gputocpu_standard,595.206300,0.059521,0.176500,0.057400,0.176400,0.001741,
cl_gputocpu_pinned,359.866200,0.035987,0.121000,0.033600,0.088100,0.001567,
cl_cputogputocpu_standard,1118.469300,0.111847,0.175300,0.057500,0.174700,0.001528,
cl_cputogputocpu_pinned,851.207700,0.085121,0.151800,0.031900,0.116800,0.002422,
cl_devicetransfer_standard,435.967200,0.043597,0.295300,0.040200,0.233200,0.002782,
cl_devicetransfer_pinned,455.243000,0.045524,0.297400,0.040300,0.206400,0.002810,
cl_devicetransferkernel_standard,377.651500,0.037765,0.268500,0.031000,0.222900,0.001409,
cl_devicetransferkernel_pinned,378.338300,0.037834,0.290300,0.031200,0.250800,0.001364,
cl_simplebufferprocessing_standard,1452.543400,0.145254,0.530100,0.135500,0.394200,0.004822,
cl_simplebufferprocessing_pinned,1303.692900,0.130369,0.547000,0.116800,0.380800,0.006796,
cl_complexbufferprocessing_standard,1479.539600,0.147954,0.467100,0.143800,0.394600,0.002691,
cl_complexbufferprocessing_pinned,1352.494300,0.135249,0.662900,0.123900,0.363600,0.005599,
cl_simplebuffersynthesis_standard,952.800900,0.095280,0.335300,0.087200,0.224900,0.003826,
cl_simplebuffersynthesis_pinned,800.282500,0.080028,0.290400,0.072100,0.184700,0.003956,
cl_complexbuffersynthesis_standard,20424.003000,2.042400,5.290100,1.983000,2.878200,0.046273,
cl_complexbuffersynthesis_pinned,20058.787200,2.005879,6.249100,0.769500,6.249100,0.150265,
cl_interruptedbufferprocessing_standard,4125.679700,0.207832,0.543700,0.156000,0.333500,0.011352,
cl_interruptedbufferprocessing_pinned,4453.637200,0.224353,0.558100,0.143400,0.330400,0.022056,
