Test_Name,Total_Time,Average_Time,Max_Time,Min_Time,Max_Difference,Average_Difference,
cl_nullkernel,99.217700,0.009922,0.063600,0.008400,0.035300,0.000263,
cl_cputogpu_standard,533.069800,0.053307,0.287000,0.048400,0.220700,0.001324,
cl_cputogpu_mappedbuffer,374.932800,0.037493,0.136000,0.032300,0.136000,0.002776,
cl_gputocpu_standard,595.981600,0.059598,0.178600,0.054300,0.178600,0.003020,
cl_gputocpu_pinned,362.352100,0.036235,0.103900,0.033600,0.089500,0.001813,
cl_cputogputocpu_standard,1105.301800,0.110530,0.198100,0.054300,0.108100,0.002967,
cl_cputogputocpu_pinned,864.106400,0.086411,0.108300,0.033600,0.089500,0.002073,
cl_devicetransfer_standard,438.608800,0.043861,0.295800,0.040400,0.244200,0.002921,
cl_devicetransfer_pinned,442.713500,0.044271,0.353400,0.040500,0.300200,0.003015,
cl_devicetransferkernel_standard,380.137100,0.038014,0.256500,0.031300,0.216800,0.001329,
cl_devicetransferkernel_pinned,378.440500,0.037844,0.273900,0.031300,0.233500,0.001336,
cl_simplebufferprocessing_standard,1483.572600,0.148357,0.550500,0.139400,0.391300,0.003285,
cl_simplebufferprocessing_pinned,1334.582700,0.133458,0.872300,0.117000,0.511800,0.006969,
cl_complexbufferprocessing_standard,1457.458600,0.145746,0.463600,0.135100,0.396100,0.004653,
cl_complexbufferprocessing_pinned,1314.137800,0.131414,0.386200,0.122500,0.383300,0.005862,
cl_simplebuffersynthesis_standard,962.872500,0.096287,0.390900,0.090000,0.272500,0.002551,
cl_simplebuffersynthesis_pinned,749.434200,0.074943,0.368500,0.070300,0.265700,0.002647,
cl_complexbuffersynthesis_standard,4539.692200,0.453969,0.868600,0.425600,0.542600,0.013904,
cl_complexbuffersynthesis_pinned,2538.735500,0.253874,1.006000,0.183100,1.006000,0.035623,
cl_interruptedbufferprocessing_standard,3465.507400,0.174576,0.588200,0.145600,0.430800,0.007234,
cl_interruptedbufferprocessing_pinned,2573.617100,0.129647,0.563700,0.122000,0.406000,0.004967,
