Test_Name,Total_Time,Average_Time,Max_Time,Min_Time,Max_Difference,Average_Difference,
cl_nullkernel,117.880600,0.011788,0.115300,0.008900,0.091800,0.000223,
cl_cputogpu_standard,532.828700,0.053283,0.285700,0.048800,0.236900,0.001416,
cl_cputogpu_mappedbuffer,360.985700,0.036099,0.136600,0.034100,0.136600,0.001563,
cl_gputocpu_standard,592.432500,0.059243,0.186700,0.057200,0.175200,0.001474,
cl_gputocpu_pinned,358.946300,0.035895,0.103400,0.033500,0.093200,0.001568,
cl_cputogputocpu_standard,1113.778300,0.111378,0.173500,0.057200,0.173500,0.001569,
cl_cputogputocpu_pinned,859.819800,0.085982,0.109500,0.033700,0.090400,0.001262,
cl_devicetransfer_standard,456.409400,0.045641,0.299100,0.038300,0.245600,0.004319,
cl_devicetransfer_pinned,440.438300,0.044044,0.298100,0.040300,0.247100,0.002953,
cl_devicetransferkernel_standard,381.170900,0.038117,0.266900,0.030900,0.223700,0.001763,
cl_devicetransferkernel_pinned,409.991200,0.040999,0.361700,0.031400,0.263100,0.003007,
cl_simplebufferprocessing_standard,1488.148500,0.148815,0.651800,0.138600,0.405200,0.004535,
cl_simplebufferprocessing_pinned,1305.891600,0.130589,0.511900,0.122200,0.489100,0.005606,
cl_complexbufferprocessing_standard,1456.418700,0.145642,0.653100,0.135200,0.653100,0.004917,
cl_complexbufferprocessing_pinned,1313.751000,0.131375,0.550400,0.122400,0.368600,0.006014,
cl_simplebuffersynthesis_standard,961.112300,0.096111,0.409500,0.092500,0.384000,0.002360,
cl_simplebuffersynthesis_pinned,750.162200,0.075016,0.393200,0.070100,0.225600,0.003005,
cl_complexbuffersynthesis_standard,2543.252400,0.254325,0.706000,0.218500,0.445800,0.006997,
cl_complexbuffersynthesis_pinned,604.781700,0.060478,0.486100,0.021700,0.419900,0.012303,
cl_interruptedbufferprocessing_standard,3188.507300,0.160622,0.588200,0.145000,0.376400,0.005009,
cl_interruptedbufferprocessing_pinned,2549.251000,0.128419,0.530100,0.122200,0.373500,0.004441,
