Test_Name,Total_Time,Average_Time,Max_Time,Min_Time,Max_Difference,Average_Difference,
cl_nullkernel,138.473400,0.013847,0.042600,0.009900,0.031200,0.001491,
cl_cputogpu_standard,747.368100,0.074737,0.498800,0.052900,0.432600,0.006988,
cl_cputogpu_mappedbuffer,573.819500,0.057382,0.143800,0.037900,0.097600,0.007291,
cl_gputocpu_standard,792.406700,0.079241,0.205400,0.061600,0.126400,0.005545,
cl_gputocpu_pinned,365.053600,0.036505,0.108000,0.033600,0.091000,0.002089,
cl_cputogputocpu_standard,1138.138000,0.113814,0.184600,0.057500,0.173600,0.002088,
cl_cputogputocpu_pinned,856.408200,0.085641,0.114800,0.033700,0.090500,0.001311,
cl_devicetransfer_standard,436.313000,0.043631,0.289600,0.040300,0.240300,0.002631,
cl_devicetransfer_pinned,437.222400,0.043722,0.292800,0.040400,0.243000,0.002567,
cl_devicetransferkernel_standard,377.134400,0.037713,0.285200,0.031200,0.236000,0.001416,
cl_devicetransferkernel_pinned,375.799700,0.037580,0.262100,0.031000,0.222000,0.001393,
cl_simplebufferprocessing_standard,1484.334400,0.148433,0.545600,0.139800,0.387300,0.003347,
cl_simplebufferprocessing_pinned,1308.955900,0.130896,0.433300,0.123100,0.361200,0.005359,
cl_complexbufferprocessing_standard,1484.255900,0.148426,0.526500,0.143300,0.390900,0.003153,
cl_complexbufferprocessing_pinned,1388.219600,0.138822,0.619800,0.126800,0.359200,0.005373,
cl_simplebuffersynthesis_standard,1024.758800,0.102476,0.464200,0.098500,0.357700,0.002811,
cl_simplebuffersynthesis_pinned,812.438400,0.081244,0.381800,0.072900,0.204400,0.004036,
cl_complexbuffersynthesis_standard,39633.532500,3.963353,5.865800,3.740600,5.068700,0.115555,
cl_complexbuffersynthesis_pinned,40676.382400,4.067638,12.270200,1.643200,8.240300,0.234314,
cl_interruptedbufferprocessing_standard,4132.565800,0.208179,0.486700,0.180300,0.291800,0.011308,
cl_interruptedbufferprocessing_pinned,4440.742300,0.223704,0.541400,0.136000,0.305500,0.021447,
