Test_Name,Total_Time,Average_Time,Max_Time,Min_Time,Max_Difference,Average_Difference,
cl_nullkernel,118.171700,0.011817,0.072900,0.008300,0.041100,0.000257,
cl_cputogpu_standard,532.579200,0.053258,0.315300,0.048100,0.249000,0.001322,
cl_cputogpu_mappedbuffer,362.166700,0.036217,0.147200,0.034100,0.147200,0.001647,
cl_gputocpu_standard,593.734600,0.059373,0.180600,0.057300,0.179000,0.001522,
cl_gputocpu_pinned,356.891900,0.035689,0.106800,0.033300,0.090900,0.001640,
cl_cputogputocpu_standard,1112.827800,0.111283,0.172300,0.057000,0.172300,0.001509,
cl_cputogputocpu_pinned,860.372000,0.086037,0.282200,0.033700,0.221300,0.001098,
cl_devicetransfer_standard,436.542400,0.043654,0.275500,0.040300,0.224700,0.002766,
cl_devicetransfer_pinned,442.569400,0.044257,0.278400,0.040400,0.226400,0.002622,
cl_devicetransferkernel_standard,384.208900,0.038421,0.302600,0.031200,0.216300,0.001679,
cl_devicetransferkernel_pinned,372.734500,0.037273,0.296300,0.030900,0.258300,0.001848,
cl_simplebufferprocessing_standard,1472.048100,0.147205,0.544700,0.135500,0.403400,0.005139,
cl_simplebufferprocessing_pinned,1348.297500,0.134830,0.463400,0.116300,0.359500,0.009700,
cl_complexbufferprocessing_standard,1510.731200,0.151073,0.665400,0.142200,0.389600,0.003536,
cl_complexbufferprocessing_pinned,1348.240900,0.134824,0.396600,0.117700,0.390100,0.007878,
cl_simplebuffersynthesis_standard,985.975000,0.098598,0.450100,0.087600,0.261200,0.004022,
cl_simplebuffersynthesis_pinned,758.015500,0.075802,0.286000,0.070800,0.188800,0.002988,
cl_complexbuffersynthesis_standard,11351.510100,1.135151,1.930700,1.078600,1.460000,0.024907,
cl_complexbuffersynthesis_pinned,10153.011000,1.015301,3.069200,0.374400,2.158200,0.096896,
cl_interruptedbufferprocessing_standard,4150.448100,0.209080,0.622000,0.159500,0.421400,0.011905,
cl_interruptedbufferprocessing_pinned,3530.085200,0.177829,0.504100,0.134100,0.300800,0.011630,
