Test_Name,Total_Time,Average_Time,Max_Time,Min_Time,Max_Difference,Average_Difference,
cl_nullkernel,91.607500,0.009161,0.025400,0.008500,0.016500,0.000307,
cl_cputogpu_standard,547.940800,0.054794,0.380400,0.049000,0.278300,0.003360,
cl_cputogpu_mappedbuffer,362.813700,0.036281,0.138600,0.034100,0.138600,0.001643,
cl_gputocpu_standard,593.377300,0.059338,0.193100,0.057200,0.176400,0.001704,
cl_gputocpu_pinned,366.040300,0.036604,0.146500,0.033500,0.091700,0.001781,
cl_cputogputocpu_standard,1115.737500,0.111574,0.170800,0.057200,0.170800,0.001669,
cl_cputogputocpu_pinned,858.686600,0.085869,0.105900,0.033800,0.095900,0.001554,
cl_devicetransfer_standard,439.966500,0.043997,0.373800,0.040300,0.285600,0.002875,
cl_devicetransfer_pinned,442.043800,0.044204,0.309600,0.040500,0.257400,0.002897,
cl_devicetransferkernel_standard,377.776200,0.037778,0.268000,0.031100,0.227300,0.001324,
cl_devicetransferkernel_pinned,377.832200,0.037783,0.397700,0.031100,0.397700,0.001287,
cl_simplebufferprocessing_standard,1476.360300,0.147636,0.610900,0.139000,0.610900,0.003127,
cl_simplebufferprocessing_pinned,1308.809400,0.130881,0.638600,0.122500,0.396300,0.005703,
cl_complexbufferprocessing_standard,1479.228000,0.147923,0.626200,0.132500,0.393200,0.005254,
cl_complexbufferprocessing_pinned,1320.120100,0.132012,0.537300,0.116600,0.375000,0.007679,
cl_simplebuffersynthesis_standard,953.017500,0.095302,0.334200,0.085100,0.264900,0.003880,
cl_simplebuffersynthesis_pinned,753.787800,0.075379,0.311000,0.067600,0.195900,0.003722,
cl_complexbuffersynthesis_standard,1570.616800,0.157062,0.564800,0.146600,0.387900,0.003614,
cl_complexbuffersynthesis_pinned,144.596400,0.014460,0.270200,0.005700,0.257500,0.003843,
cl_interruptedbufferprocessing_standard,3096.015900,0.155963,0.545300,0.142500,0.390400,0.005549,
cl_interruptedbufferprocessing_pinned,2570.059300,0.129467,0.604000,0.116000,0.381700,0.006686,
